customer_id,customer_name,age,gender,city,employment_type,annual_income,loan_id,loan_type,loan_amount,interest_rate,loan_term_months,application_date,loan_status,credit_score,default_status
CUST01849,Arjun Yadav,52,Female,Varanasi,Salaried,1032719.0,LN001849,Gold Loan,417993,13.02,24,2023-04-28,Approved,629.0,No
CUST03122,Isha Shah,40,Female,Jaipur,Government Employee,504410.0,LN003122,Business Loan,3104048,9.17,360,2024-08-31,Approved,667.0,No
CUST01488,Aarav Sharma,37,Male,Kolkata,Government Employee,901467.0,LN001488,Personal Loan,416569,15.25,84,2025-08-25,Approved,805.0,No
CUST00769,Ananya Kumar,38,Female,Bhopal,Salaried,1990948.0,LN000769,Business Loan,2338185,16.04,360,2024-08-13,Rejected,694.0,No
CUST02423,Aman Mehta,26,Male,Chandigarh,Salaried,1613840.0,LN002423,Personal Loan,851268,17.96,48,2023-06-24,Pending,691.0,No
CUST00305,Aarav Patel,28,Female,Bengaluru,Government Employee,1156636.0,LN000305,Education Loan,548377,8.37,84,2024-08-07,Under Review,605.0,No
CUST01988,Neha Jain,33,Male,Patna,Self-employed,588121.0,LN001988,Auto Loan,608182,18.3,24,2023-11-03,Rejected,809.0,No
CUST01030,Kavya Sharma,43,Female,Hyderabad,Salaried,1913308.0,LN001030,Home Loan,4551798,16.11,48,2023-02-18,Approved,748.0,No
CUST00915,Aarav Patel,32,Male,Hyderabad,Salaried,1574317.0,LN000915,Education Loan,832444,11.41,12,2024-01-29,Approved,743.0,No
CUST00142,Isha Singh,59,Male,Varanasi,Self-employed,1289004.0,LN000142,Home Loan,4953585,14.24,60,2023-12-04,Approved,747.0,No
CUST02664,Rahul Mishra,57,Female,Kolkata,Self-employed,1838657.0,LN002664,Personal Loan,134321,9.99,12,2025-12-26,Rejected,738.0,No
CUST00529,Vikram Gupta,49,Male,Bhopal,Salaried,1393013.0,LN000529,Auto Loan,338929,11.1,48,2024-12-17,Rejected,603.0,No
CUST03375,Aman Singh,56,Female,Chennai,Government Employee,465887.0,LN003375,Auto Loan,1629999,13.96,60,2025-01-06,Approved,761.0,No
CUST02089,Arjun Joshi,49,Male,Ahmedabad,Business Owner,750226.0,LN002089,Personal Loan,793982,13.71,36,2023-11-28,Approved,812.0,No
CUST00517,Kavya Shah,36,Female,Lucknow,Government Employee,963431.0,LN000517,Personal Loan,589828,9.4,120,2025-07-01,Approved,768.0,No
CUST03279,Simran Mehta,21,Female,Jaipur,Salaried,2337196.0,LN003279,Personal Loan,72960,7.39,180,2025-05-24,Approved,665.0,No
CUST00645,Vivaan Jain,40,Female,Hyderabad,Business Owner,3051786.0,LN000645,Home Loan,3795353,7.72,48,2025-10-01,Approved,674.0,No
CUST00064,Aarav Joshi,60,Female,Varanasi,Self-employed,2159079.0,LN000064,Personal Loan,427177,17.89,360,2023-05-21,Approved,763.0,No
CUST03030,Kavya Sharma,23,Male,Pune,Salaried,2461497.0,LN003030,Auto Loan,1581645,18.08,24,2025-11-01,Approved,633.0,No
CUST02665,Rahul Sharma,38,Male,Indore,Self-employed,1457352.0,LN002665,Home Loan,5134616,13.13,180,2025-10-14,Rejected,676.0,No
CUST00637,Sneha Mehta,36,Male,Hyderabad,Government Employee,1348278.0,LN000637,Home Loan,5042895,13.18,12,2024-10-08,Approved,673.0,No
CUST01072,Sneha Mehta,29,Male,Chennai,Business Owner,459321.0,LN001072,Business Loan,1536236,13.21,12,2024-04-08,Approved,650.0,No
CUST00524,Aman Shah,44,Male,Chandigarh,Salaried,608670.0,LN000524,Auto Loan,439372,9.31,12,2025-08-24,Approved,687.0,No
CUST00283,Isha Joshi,36,Male,Pune,Business Owner,815466.0,LN000283,Home Loan,2694554,16.23,36,2023-06-28,Approved,622.0,No
CUST01046,Nikhil Kumar,38,Male,Kolkata,Student,384813.0,LN001046,Auto Loan,548933,11.97,24,2025-12-23,Rejected,774.0,No
CUST03269,Sneha Mehta,62,Male,Mumbai,Salaried,1010248.0,LN003269,Education Loan,1431581,7.36,360,2025-05-21,Approved,640.0,No
CUST01299,Aman Gupta,32,Female,Bengaluru,Government Employee,1195176.0,LN001299,Auto Loan,1095410,16.58,360,2024-07-08,Approved,668.0,Yes
CUST01354,Neha Sharma,43,Male,Chandigarh,Salaried,1932683.0,LN001354,Home Loan,2289345,12.99,48,2025-07-12,Approved,751.0,No
CUST01326,Sneha Mishra,56,Female,Chennai,Business Owner,1155870.0,LN001326,Personal Loan,365302,13.29,84,2023-04-14,Approved,834.0,No
CUST00975,Rahul Mehta,55,Male,Bhopal,Salaried,894090.0,LN000975,Gold Loan,469508,14.26,240,2024-06-05,Approved,735.0,No
CUST03266,Neha Mishra,41,Female,Hyderabad,Self-employed,1298840.0,LN003266,Auto Loan,474697,8.71,84,2023-08-28,Rejected,630.0,No
CUST01175,Rohan Das,30,Female,Ahmedabad,Student,323156.0,LN001175,Business Loan,3101497,10.44,240,2025-10-11,Under Review,607.0,Yes
CUST02729,Riya Agarwal,38,Male,Delhi,Business Owner,2329468.0,LN002729,Personal Loan,872133,17.55,180,2025-04-12,Under Review,,No
CUST00759,Priya Yadav,54,Male,Indore,Self-employed,1408080.0,LN000759,Gold Loan,332648,16.71,360,2024-01-24,Pending,635.0,No
CUST00572,Pooja Shah,48,Male,Patna,Self-employed,1045630.0,LN000572,Personal Loan,899726,10.68,24,2025-01-12,Under Review,484.0,No
CUST00339,Nikhil Mehta,28,Male,Kolkata,Student,172975.0,LN000339,Personal Loan,541818,14.5,120,2024-03-10,Approved,759.0,No
CUST00777,Vivaan Yadav,43,Male,Lucknow,Self-employed,1468267.0,LN000777,Personal Loan,192857,11.29,60,2025-02-02,Pending,725.0,No
CUST01387,Rahul Patel,23,Male,Varanasi,Government Employee,870272.0,LN001387,Personal Loan,812662,9.09,120,2025-08-10,Approved,673.0,No
CUST02400,Arjun Yadav,41,Female,Pune,Self-employed,1816591.0,LN002400,Business Loan,2936508,8.23,240,2025-01-06,Approved,814.0,No
CUST01373,Meera Patel,51,Male,Mumbai,Salaried,2011279.0,LN001373,Home Loan,5543739,7.4,24,2024-06-09,Approved,648.0,No
CUST03085,Simran Joshi,65,Male,Pune,Self-employed,298589.0,LN003085,Auto Loan,508036,10.26,12,2025-07-27,Approved,703.0,No
CUST00895,Rahul Yadav,41,Male,Hyderabad,Business Owner,2890388.0,LN000895,Business Loan,2767717,12.85,12,2024-07-21,Rejected,746.0,No
CUST02720,Aarav Das,65,Female,Indore,Self-employed,1499946.0,LN002720,Personal Loan,443857,14.81,84,2023-04-20,Approved,749.0,No
CUST00858,Pooja Agarwal,54,Female,Patna,Salaried,1232233.0,LN000858,Business Loan,3659494,12.71,48,2025-03-30,Approved,687.0,No
CUST02327,Vikram Roy,27,Female,Delhi,Self-employed,1176000.0,LN002327,Auto Loan,1673198,12.34,48,2025-12-15,Approved,810.0,No
CUST01026,Aditya Roy,52,Female,Kolkata,Government Employee,,LN001026,Auto Loan,973424,10.56,24,2025-07-27,Approved,780.0,No
CUST02087,Simran Shah,55,Female,Varanasi,Student,349506.0,LN002087,Home Loan,3794159,11.29,60,2025-10-21,Under Review,632.0,No
CUST00639,Aman Jain,34,Male,Delhi,Business Owner,585964.0,LN000639,Gold Loan,296661,11.04,84,2024-04-08,Approved,616.0,No
CUST03055,Priya Kumar,62,Male,Mumbai,Self-employed,781803.0,LN003055,Personal Loan,269016,17.9,120,2024-04-19,Approved,777.0,No
CUST01219,Riya Mishra,23,Male,Chandigarh,Student,465469.0,LN001219,Auto Loan,1705722,11.36,180,2025-06-14,Approved,629.0,
CUST03417,Riya Sharma,32,Male,Kolkata,Self-employed,1032576.0,LN003417,Education Loan,396052,15.36,36,2024-10-14,Rejected,804.0,No
CUST00512,Vikram Mehta,51,Male,Pune,Business Owner,828886.0,LN000512,Personal Loan,423839,16.98,180,2023-07-11,Approved,636.0,No
CUST03119,Simran Shah,53,Female,Indore,Self-employed,1482020.0,LN003119,Personal Loan,365535,11.26,24,2024-12-29,Rejected,638.0,No
CUST02716,Priya Agarwal,59,Female,Indore,Salaried,307401.0,LN002716,Personal Loan,865613,13.34,36,2023-11-13,Under Review,638.0,Yes
CUST02207,Kavya Agarwal,38,Male,Patna,,1283813.0,LN002207,Home Loan,4868100,18.48,48,2024-09-23,Under Review,643.0,No
CUST01429,Aditya Gupta,39,Male,Chennai,Salaried,2438507.0,LN001429,Home Loan,3709998,12.61,120,2023-03-11,Approved,651.0,No
CUST00093,Priya Kumar,65,Female,Pune,Business Owner,2346793.0,LN000093,Home Loan,4079269,18.06,240,2025-11-20,Rejected,704.0,No
CUST03381,Arjun Jain,42,Male,Mumbai,Business Owner,1708897.0,LN003381,Home Loan,5578377,10.57,84,2023-03-28,Approved,653.0,Yes
CUST02816,Simran Mishra,60,,Jaipur,Salaried,1154117.0,LN002816,Home Loan,3103473,8.33,48,2024-09-08,Approved,613.0,No
CUST02435,Aarav Kumar,41,Female,Bhopal,Student,179750.0,LN002435,Home Loan,3351257,14.17,24,2024-03-01,Approved,585.0,No
CUST01596,Aditya Verma,29,Male,Delhi,Business Owner,1665598.0,LN001596,Gold Loan,481140,9.67,180,2024-10-08,Approved,807.0,No
CUST00964,Simran Mishra,25,Male,Chennai,Business Owner,622143.0,LN000964,Education Loan,641301,18.24,180,2024-06-01,Rejected,795.0,No
CUST01353,Vikram Kumar,44,Male,Pune,Business Owner,1145089.0,LN001353,Personal Loan,473270,12.13,84,2024-11-04,Approved,649.0,No
CUST01127,Meera Yadav,62,Female,Patna,Salaried,2243126.0,LN001127,Gold Loan,124310,14.94,84,2025-12-28,Approved,684.0,No
CUST02974,Aarav Sharma,49,Female,Mumbai,Business Owner,1425324.0,LN002974,Education Loan,142440,15.47,24,2025-08-23,Approved,679.0,No
CUST03253,Ananya Singh,29,Male,Pune,Government Employee,1494215.0,LN003253,Home Loan,4209362,14.73,360,2024-04-19,Rejected,692.0,No
CUST01355,Rohan Joshi,32,Female,Patna,Student,132202.0,LN001355,Education Loan,871562,10.26,120,2023-10-09,Under Review,628.0,No
CUST03068,Pooja Jain,26,Male,Bengaluru,Self-employed,1315990.0,LN003068,Business Loan,1817134,8.18,360,2024-06-01,Approved,809.0,No
CUST03457,Isha Verma,23,Female,Patna,Government Employee,402602.0,LN003457,Personal Loan,441134,17.27,240,2024-09-09,Rejected,850.0,Yes
CUST00729,Riya Yadav,42,Female,Jaipur,Self-employed,442063.0,LN000729,Personal Loan,402053,17.96,24,2023-09-21,Rejected,790.0,No
CUST02226,Nikhil Patel,57,Male,Indore,Salaried,2235967.0,LN002226,Home Loan,5618042,15.04,180,2023-06-18,Rejected,741.0,No
CUST02069,Nikhil Singh,51,Male,Varanasi,,1227874.0,LN002069,Home Loan,1916725,13.18,36,2023-07-23,Approved,514.0,No
CUST01522,Pooja Yadav,36,Male,Hyderabad,Salaried,688906.0,LN001522,Education Loan,468590,15.29,24,2023-09-01,Pending,713.0,No
CUST01721,Vikram Das,42,Male,Jaipur,Salaried,1185284.0,LN001721,Home Loan,2525200,8.75,36,2024-05-03,Rejected,714.0,No
CUST01892,Isha Roy,22,Male,Mumbai,Salaried,2421988.0,LN001892,Gold Loan,786754,12.85,180,2024-11-24,Pending,726.0,No
CUST00749,Aarav Gupta,65,Male,Chandigarh,Student,129470.0,LN000749,Auto Loan,718596,14.24,84,2023-03-08,Rejected,835.0,No
CUST02483,Aarav Verma,47,Male,Jaipur,Business Owner,2713730.0,LN002483,Education Loan,1495489,15.17,180,2024-01-06,Rejected,690.0,No
CUST02561,Ananya Patel,25,Female,Varanasi,Salaried,2070021.0,LN002561,Home Loan,4790332,9.07,60,2024-06-22,Approved,721.0,No
CUST02052,Kavya Joshi,32,Female,Hyderabad,Salaried,1350350.0,LN002052,Auto Loan,1757192,13.55,36,2024-08-15,Approved,741.0,Yes
CUST00172,Rohan Jain,39,Male,Delhi,Government Employee,878688.0,LN000172,Personal Loan,563012,14.68,24,2025-07-12,Pending,659.0,No
CUST02274,Rahul Roy,29,Female,Chandigarh,Salaried,,LN002274,Home Loan,5584292,16.08,36,2025-09-14,Pending,566.0,No
CUST01173,Karan Kumar,65,Male,Lucknow,Salaried,1747737.0,LN001173,Personal Loan,284823,13.76,36,2023-11-13,Approved,667.0,No
CUST02899,Priya Roy,46,Male,Hyderabad,Salaried,1953643.0,LN002899,Education Loan,1253805,9.97,360,2024-09-06,Approved,692.0,Yes
CUST02262,Priya Kumar,30,Male,Bengaluru,Self-employed,1563625.0,LN002262,Personal Loan,710157,10.26,240,2023-08-18,Approved,628.0,Yes
CUST00757,Arjun Kumar,24,Male,Kolkata,Self-employed,647119.0,LN000757,Personal Loan,823890,10.46,360,2024-04-14,Approved,728.0,No
CUST02405,Rohan Agarwal,21,Male,Lucknow,Salaried,1952757.0,LN002405,Education Loan,1095886,17.95,180,2024-12-27,Approved,678.0,Yes
CUST01705,Aarav Yadav,41,Male,Mumbai,Self-employed,909877.0,LN001705,Auto Loan,1781302,13.48,36,2025-03-05,Approved,678.0,No
CUST03315,Simran Singh,64,Male,Jaipur,Salaried,1862802.0,LN003315,Home Loan,2020009,9.88,84,2023-09-06,Approved,742.0,No
CUST02290,Simran Patel,26,Male,Hyderabad,Business Owner,1231733.0,LN002290,Home Loan,2944521,8.5,48,2023-08-28,Approved,602.0,No
CUST00288,Karan Gupta,45,Female,Ahmedabad,Self-employed,1125522.0,LN000288,Gold Loan,647904,16.92,120,2024-11-09,Approved,682.0,No
CUST01138,Vivaan Singh,43,Male,Mumbai,Government Employee,989224.0,LN001138,Business Loan,1958354,14.68,36,2024-09-16,Approved,780.0,Yes
CUST02488,Karan Patel,51,Female,Patna,Salaried,405377.0,LN002488,Gold Loan,668181,7.77,180,2023-01-09,Approved,777.0,No
CUST01742,Neha Joshi,24,Male,Varanasi,Government Employee,368309.0,LN001742,Personal Loan,601665,,240,2023-07-28,Approved,645.0,No
CUST03416,Vikram Mehta,32,Male,Kolkata,Salaried,1271294.0,LN003416,Business Loan,629535,11.59,84,2023-08-13,Approved,710.0,No
CUST03486,Isha Agarwal,56,Female,Lucknow,Salaried,1781850.0,LN003486,Personal Loan,155264,10.19,60,2025-01-04,Rejected,619.0,No
CUST01556,Vivaan Agarwal,36,Female,Chennai,Self-employed,1280574.0,LN001556,Home Loan,4713799,16.22,120,2024-04-26,Approved,769.0,No
CUST02193,Sneha Agarwal,53,Male,Mumbai,Salaried,1154799.0,LN002193,Auto Loan,1694338,15.95,120,2023-10-17,Pending,715.0,No
CUST01363,Riya Agarwal,29,Female,Pune,Salaried,1308182.0,LN001363,Personal Loan,76250,11.08,360,2024-08-14,Approved,775.0,No
CUST01568,Kavya Joshi,65,Female,Lucknow,Business Owner,2578271.0,LN001568,Home Loan,1977377,8.79,60,2023-04-19,Approved,526.0,No
CUST02715,Karan Sharma,50,Female,Bengaluru,Salaried,260483.0,LN002715,Personal Loan,383940,14.69,180,2024-05-08,Approved,671.0,No
CUST02809,Riya Gupta,32,Female,Jaipur,Business Owner,1608251.0,LN002809,Business Loan,1877801,18.13,240,2024-06-26,Under Review,621.0,No
CUST03374,Aman Verma,51,Female,Patna,Self-employed,1168736.0,LN003374,Home Loan,5405350,9.92,60,2024-05-18,Approved,757.0,No
CUST01693,Karan Shah,39,Male,Kolkata,Government Employee,1235209.0,LN001693,Home Loan,4075063,9.51,120,2025-06-29,Rejected,692.0,Yes
CUST02508,Kavya Joshi,41,Male,Indore,Government Employee,1452242.0,LN002508,Personal Loan,125921,11.45,240,2023-04-02,Approved,626.0,Yes
CUST00545,Neha Patel,29,Female,Hyderabad,Salaried,960080.0,LN000545,Auto Loan,1283243,16.12,360,2023-01-14,Rejected,651.0,Yes
CUST02921,Vikram Agarwal,33,Female,Bengaluru,Salaried,1433229.0,LN002921,Auto Loan,1222732,10.76,360,2025-07-02,Rejected,704.0,No
CUST01657,Meera Gupta,29,Female,Patna,Salaried,285311.0,LN001657,Education Loan,739450,16.89,60,2025-02-15,Rejected,599.0,No
CUST03307,Nikhil Das,64,Female,Varanasi,Self-employed,1474606.0,LN003307,Home Loan,2847663,9.55,36,2025-10-29,Approved,743.0,No
CUST00575,Aditya Sharma,63,Male,Chandigarh,Government Employee,617798.0,LN000575,Education Loan,941813,14.2,120,2025-06-23,Approved,735.0,No
CUST03446,Vikram Das,64,Male,Hyderabad,,1042354.0,LN003446,Auto Loan,749785,18.2,36,2025-05-21,Rejected,846.0,No
CUST02469,Karan Mehta,55,Male,Varanasi,Government Employee,1058290.0,LN002469,Personal Loan,446156,10.42,24,2023-08-04,Approved,714.0,No
CUST00265,Vivaan Jain,29,Male,Chandigarh,Self-employed,953952.0,LN000265,Personal Loan,682405,10.84,240,2024-12-18,Approved,686.0,No
CUST02366,Vikram Verma,60,Male,Bhopal,Salaried,2212826.0,LN002366,Gold Loan,175606,17.71,120,2025-01-27,Approved,710.0,No
CUST00020,Aditya Verma,26,Male,Patna,Salaried,2111760.0,LN000020,Auto Loan,265294,18.08,12,2023-07-10,Approved,727.0,No
CUST02947,Aditya Roy,56,Female,Hyderabad,Salaried,1938251.0,LN002947,Auto Loan,1124172,8.84,84,2024-03-29,Rejected,533.0,No
CUST00086,Kavya Sharma,59,Male,Bhopal,Self-employed,2309885.0,LN000086,Home Loan,3007148,11.08,24,2023-11-20,Approved,795.0,Yes
CUST02354,Neha Jain,46,Female,Pune,Self-employed,1685120.0,LN002354,Gold Loan,384547,16.93,120,2023-12-16,Approved,801.0,No
CUST00948,Isha Sharma,56,Female,Bhopal,Student,259334.0,LN000948,Auto Loan,1729872,17.03,360,2025-02-08,Approved,613.0,No
CUST03343,Rahul Jain,22,Male,Kolkata,Government Employee,1120484.0,LN003343,Business Loan,1167897,17.02,180,2023-04-09,Approved,791.0,No
CUST03083,Vivaan Patel,53,Female,Ahmedabad,Government Employee,1490094.0,LN003083,Personal Loan,929527,8.26,240,2025-07-23,Approved,807.0,No
CUST03147,Nikhil Mishra,47,,Lucknow,Self-employed,1914587.0,LN003147,Education Loan,444947,14.02,360,2025-04-07,Approved,683.0,No
CUST02822,Rahul Mishra,30,Female,Patna,Salaried,484486.0,LN002822,Auto Loan,858117,12.21,12,2024-08-26,Rejected,592.0,No
CUST02586,Meera Kumar,39,Male,Patna,Salaried,463546.0,LN002586,Personal Loan,472792,10.4,360,2025-07-28,Rejected,756.0,No
CUST01195,Arjun Sharma,52,Male,Pune,Business Owner,911500.0,LN001195,Home Loan,3684509,8.84,180,2023-12-24,Approved,694.0,No
CUST01880,Simran Yadav,39,Male,Patna,,413448.0,LN001880,Business Loan,3766409,15.82,360,2024-04-12,Approved,789.0,Yes
CUST00386,Neha Das,61,Female,Kolkata,Self-employed,841440.0,LN000386,Gold Loan,773055,15.15,360,2023-09-30,Approved,606.0,No
CUST00918,Aditya Joshi,24,Male,Patna,Salaried,2320237.0,LN000918,Home Loan,3780631,14.86,240,2023-12-29,Approved,763.0,No
CUST01768,Rohan Jain,52,Female,Ahmedabad,Government Employee,443618.0,LN001768,Business Loan,3106379,14.89,360,2025-05-25,Approved,650.0,No
CUST00549,Rohan Sharma,51,Female,Hyderabad,Government Employee,509417.0,LN000549,Business Loan,1967788,7.6,12,2025-11-09,Rejected,770.0,No
CUST01729,Rohan Mehta,25,Male,Chandigarh,Government Employee,941273.0,LN001729,Home Loan,3498312,10.71,12,2024-07-01,Approved,771.0,Yes
CUST02497,Riya Kumar,25,Female,Lucknow,Salaried,1672782.0,LN002497,Education Loan,717292,10.94,120,2025-02-24,Approved,731.0,No
CUST01926,Vivaan Mehta,21,Male,Mumbai,Self-employed,2294956.0,LN001926,Home Loan,1123111,17.24,24,2024-10-03,Approved,725.0,No
CUST03254,Isha Shah,63,Female,Bengaluru,Salaried,2170767.0,LN003254,Home Loan,4641917,15.44,60,2024-09-09,Rejected,651.0,No
CUST02189,Ananya Verma,65,Male,Bengaluru,Salaried,914701.0,LN002189,Auto Loan,942236,10.82,12,2025-10-08,Pending,724.0,Yes
CUST02573,Neha Gupta,26,Male,Hyderabad,Salaried,1092274.0,LN002573,Home Loan,4720511,10.4,360,2024-12-28,Approved,788.0,Yes
CUST03002,Riya Verma,22,Male,Delhi,Salaried,1979398.0,LN003002,Personal Loan,269691,15.86,180,2025-11-23,Approved,767.0,No
CUST03138,Aarav Roy,25,Female,Jaipur,Salaried,912120.0,LN003138,Education Loan,836532,17.22,60,2025-03-15,Rejected,751.0,Yes
CUST01549,Simran Sharma,29,Female,Hyderabad,Salaried,2063552.0,LN001549,Home Loan,1298909,14.86,180,2024-04-24,Rejected,731.0,No
CUST02351,Vivaan Yadav,24,Female,Chandigarh,Salaried,1169950.0,LN002351,Auto Loan,1026993,7.52,12,2025-06-02,Approved,574.0,No
CUST02034,Vivaan Roy,56,Female,Delhi,Salaried,1220243.0,LN002034,Education Loan,927552,13.53,180,2024-06-28,Under Review,581.0,No
CUST00029,Ananya Singh,36,Male,Delhi,Business Owner,1018992.0,LN000029,Business Loan,3140735,11.46,12,2025-08-14,Approved,698.0,Yes
CUST03382,Arjun Gupta,52,Male,Indore,Salaried,1778422.0,LN003382,Home Loan,5393874,14.95,36,2025-05-20,Approved,761.0,No
CUST00374,Karan Singh,54,Female,Kolkata,Salaried,1766250.0,LN000374,Business Loan,2796589,12.12,60,2024-07-19,Rejected,672.0,No
CUST00161,Nikhil Das,59,Female,Varanasi,Student,499810.0,LN000161,Personal Loan,118920,11.59,48,2025-09-11,Under Review,655.0,No
CUST01196,Vivaan Gupta,60,,Delhi,Salaried,1834447.0,LN001196,Auto Loan,1069284,7.8,48,2025-05-07,Rejected,633.0,No
CUST02551,Rohan Verma,54,Male,Bhopal,Salaried,1570432.0,LN002551,Auto Loan,300798,17.03,48,2025-11-07,Under Review,562.0,No
CUST02152,Vivaan Das,32,Female,Lucknow,Self-employed,1572696.0,LN002152,Auto Loan,562169,18.31,240,2023-08-22,Approved,645.0,No
CUST01291,Aditya Mishra,26,Female,Indore,Business Owner,780457.0,LN001291,Business Loan,3770781,17.12,36,2025-03-05,Approved,622.0,No
CUST01608,Isha Roy,32,Female,Delhi,Salaried,625278.0,LN001608,Personal Loan,838449,10.91,240,2024-07-01,Under Review,614.0,Yes
CUST01931,Vikram Kumar,34,Female,Mumbai,Self-employed,957139.0,LN001931,Auto Loan,1567093,12.45,36,2024-03-09,Rejected,763.0,No
CUST02022,Rohan Kumar,46,Male,Lucknow,Business Owner,514863.0,LN002022,Auto Loan,1731016,15.66,240,2024-04-19,Approved,757.0,No
CUST03320,Ananya Mehta,52,Female,Varanasi,Salaried,1397229.0,LN003320,Auto Loan,419908,11.75,120,2023-06-15,Rejected,585.0,No
CUST03168,Aarav Verma,26,Female,Patna,Government Employee,618557.0,LN003168,Auto Loan,1670631,17.81,60,2023-03-26,Pending,649.0,No
CUST00881,Arjun Roy,55,Female,Chennai,Student,462112.0,LN000881,Auto Loan,671315,9.4,120,2025-05-02,Rejected,664.0,No
CUST01600,Sneha Joshi,54,Female,Ahmedabad,Business Owner,438488.0,LN001600,Gold Loan,654509,18.3,24,2023-12-29,Under Review,640.0,No
CUST01790,Aman Das,36,Male,Lucknow,Government Employee,316119.0,LN001790,Personal Loan,207276,13.27,180,2025-10-14,Pending,671.0,Yes
CUST03277,Simran Roy,21,Female,Indore,Salaried,1446906.0,LN003277,Home Loan,2001066,18.21,60,2024-05-31,Pending,717.0,No
CUST00164,Ananya Jain,46,Male,Lucknow,Salaried,1864351.0,LN000164,Auto Loan,1612436,18.28,24,2025-09-10,Approved,635.0,No
CUST00552,Neha Mishra,54,Male,Bengaluru,Salaried,1313768.0,LN000552,Personal Loan,258542,11.79,48,2024-03-20,Approved,612.0,No
CUST01535,Meera Joshi,48,Female,Varanasi,Government Employee,759980.0,LN001535,Home Loan,3587120,13.64,48,2024-09-11,Rejected,662.0,No
CUST02812,Karan Gupta,29,Male,Chandigarh,Government Employee,838181.0,LN002812,Personal Loan,737072,11.79,84,2024-04-14,Pending,675.0,No
CUST03080,Isha Kumar,64,Female,Lucknow,Salaried,839470.0,LN003080,Business Loan,2576669,7.94,240,2023-12-05,Rejected,547.0,No
CUST00219,Vikram Gupta,48,Male,Bhopal,Student,386010.0,LN000219,Auto Loan,1065113,8.38,84,2024-10-26,Rejected,740.0,No
CUST00013,Rahul Roy,52,Male,Hyderabad,Self-employed,,LN000013,Personal Loan,861774,18.31,84,2025-01-21,Rejected,679.0,No
CUST00580,Aman Singh,24,Female,Chennai,Salaried,2465362.0,LN000580,Personal Loan,894325,17.89,180,2025-09-12,Pending,669.0,No
CUST02049,Aarav Gupta,56,Female,Patna,Government Employee,520203.0,LN002049,Personal Loan,267006,15.52,84,2024-09-21,Approved,723.0,Yes
CUST03476,Rahul Jain,33,Male,Ahmedabad,Business Owner,1704430.0,LN003476,Business Loan,931940,12.06,360,2025-01-28,Pending,631.0,No
CUST00010,Simran Roy,64,Male,Bengaluru,Salaried,2189021.0,LN000010,Auto Loan,1486825,8.4,240,2023-07-09,Approved,745.0,No
CUST00801,Simran Mehta,52,Female,Patna,Salaried,1061779.0,LN000801,Home Loan,4274484,17.67,36,2025-12-06,Approved,850.0,No
CUST03289,Aman Singh,47,Male,Jaipur,Salaried,774202.0,LN003289,Personal Loan,275365,15.55,36,2024-02-04,Pending,678.0,No
CUST00566,Neha Mehta,41,Female,Bhopal,Salaried,1031980.0,LN000566,Home Loan,4820018,17.28,12,2025-12-10,Pending,639.0,Yes
CUST00909,Kavya Patel,22,Female,Ahmedabad,Business Owner,3002226.0,LN000909,Home Loan,2304915,18.36,60,2024-08-21,Approved,709.0,Yes
CUST00439,Meera Singh,59,Male,Varanasi,Business Owner,3054917.0,LN000439,Personal Loan,734076,16.68,84,2024-05-29,Approved,628.0,No
CUST03310,Sneha Mehta,21,Male,Lucknow,Government Employee,1188132.0,LN003310,Business Loan,2176320,13.81,24,2025-11-29,Approved,662.0,No
CUST01652,Riya Das,31,Male,Ahmedabad,Student,134040.0,LN001652,Education Loan,532590,8.72,180,2023-02-24,Under Review,661.0,No
CUST02640,Arjun Jain,22,Female,Delhi,Salaried,991582.0,LN002640,Personal Loan,171159,8.43,36,2023-05-10,Under Review,632.0,No
CUST02755,Kavya Singh,61,Female,Bengaluru,Government Employee,439881.0,LN002755,Personal Loan,100012,12.46,240,2023-07-22,Approved,616.0,No
CUST02719,Priya Jain,26,Female,Lucknow,Business Owner,1041089.0,LN002719,Business Loan,496557,13.22,12,2024-04-11,Approved,732.0,No
CUST02880,Simran Patel,51,Male,Chennai,Salaried,1344089.0,LN002880,Gold Loan,628072,12.97,48,2023-04-27,Pending,628.0,No
CUST00153,Aman Gupta,24,Female,Kolkata,Salaried,726015.0,LN000153,Business Loan,1733441,15.43,120,2025-07-11,Rejected,709.0,Yes
CUST02593,Vivaan Kumar,39,Female,Hyderabad,Self-employed,1387410.0,LN002593,Auto Loan,878606,14.86,120,2024-05-15,Rejected,717.0,No
CUST01328,Vikram Agarwal,30,Male,Jaipur,Salaried,2086665.0,LN001328,Home Loan,5338294,11.4,36,2025-04-26,Rejected,841.0,Yes
CUST01426,Sneha Jain,60,Male,Hyderabad,Salaried,2110667.0,LN001426,Education Loan,901284,13.61,84,2023-06-30,Approved,564.0,No
CUST00034,Rohan Singh,41,Male,Indore,Government Employee,622710.0,LN000034,Business Loan,1087494,8.05,360,2025-07-23,Under Review,644.0,No
CUST00834,Vikram Singh,40,Female,Delhi,Salaried,535970.0,LN000834,Auto Loan,1665303,8.15,48,2025-02-13,Rejected,755.0,No
CUST01783,Vikram Roy,22,Female,Mumbai,Salaried,1448374.0,LN001783,Business Loan,3949407,10.98,12,2025-02-01,Rejected,710.0,No
CUST00069,Isha Roy,61,Male,Bhopal,Salaried,1384565.0,LN000069,Home Loan,4152252,10.56,120,2024-03-10,Approved,646.0,No
CUST00995,Kavya Roy,48,Male,Bengaluru,Government Employee,1297807.0,LN000995,Personal Loan,593961,11.39,180,2024-03-28,Rejected,645.0,No
CUST02829,Vivaan Shah,63,Female,Mumbai,Government Employee,1412773.0,LN002829,Auto Loan,1745669,9.52,180,2023-11-19,Rejected,715.0,No
CUST01895,Aman Singh,35,Female,Patna,Student,498530.0,LN001895,Auto Loan,648882,18.3,240,2025-06-14,Pending,724.0,No
CUST01940,Aditya Das,51,Male,Ahmedabad,Self-employed,1363034.0,LN001940,Education Loan,732600,14.09,240,2025-06-10,Approved,685.0,Yes
CUST02533,Vikram Mehta,33,Female,Hyderabad,Self-employed,2062748.0,LN002533,Business Loan,3424287,11.67,360,2025-12-20,Rejected,701.0,Yes
CUST00750,Rohan Yadav,41,Female,Ahmedabad,Government Employee,814295.0,LN000750,Education Loan,1337087,15.8,24,2024-06-12,Approved,642.0,No
CUST02156,Ananya Mehta,60,Female,Indore,Self-employed,936168.0,LN002156,Personal Loan,977572,9.15,360,2023-08-04,Rejected,702.0,No
CUST00078,Priya Patel,46,Male,Hyderabad,Salaried,1913309.0,LN000078,Personal Loan,440719,11.07,84,2025-03-29,Approved,621.0,No
CUST03436,Rahul Agarwal,60,Female,Indore,Government Employee,719977.0,LN003436,Business Loan,1948657,9.72,240,2023-08-27,Approved,,No
CUST02724,Riya Mehta,38,Female,Varanasi,Salaried,657051.0,LN002724,Auto Loan,277927,14.98,360,2025-07-12,Approved,599.0,No
CUST01594,Rahul Yadav,44,Female,Chennai,Student,409777.0,LN001594,Personal Loan,265716,13.22,36,2025-07-19,Pending,663.0,No
CUST00028,Rohan Roy,50,Female,Jaipur,Business Owner,1290617.0,LN000028,Auto Loan,1558836,17.2,48,2025-01-31,Under Review,644.0,No
CUST00109,Rahul Mishra,40,Female,Bengaluru,Self-employed,1604945.0,LN000109,Business Loan,2663999,11.55,48,2024-07-31,Rejected,659.0,No
CUST00705,Neha Singh,33,Female,Varanasi,Self-employed,885314.0,LN000705,Personal Loan,922189,7.35,240,2025-07-20,Approved,747.0,No
CUST01626,Meera Mishra,34,Male,Ahmedabad,Salaried,1087749.0,LN001626,Gold Loan,730646,16.98,36,2024-10-26,Rejected,782.0,No
CUST00458,Neha Singh,59,Female,Pune,Student,170387.0,LN000458,Auto Loan,997056,11.97,60,2024-09-19,Rejected,,No
CUST02299,Rahul Singh,44,Male,Chandigarh,Self-employed,410186.0,LN002299,Home Loan,2462132,15.73,240,2023-06-24,Approved,730.0,No
CUST02609,Rohan Das,28,Female,Patna,Salaried,1892435.0,LN002609,Business Loan,1670286,15.16,180,2023-07-01,Approved,625.0,No
CUST02283,Aditya Sharma,23,Male,Bengaluru,Student,130037.0,LN002283,Home Loan,3669297,7.85,84,2024-08-24,Approved,668.0,No
CUST03456,Riya Agarwal,25,Female,Delhi,Self-employed,334722.0,LN003456,Personal Loan,859168,10.84,240,2025-06-05,Rejected,630.0,No
CUST00572,Pooja Shah,48,Male,Patna,Self-employed,1045630.0,LN000572,Personal Loan,899726,10.68,24,2025-01-12,Under Review,484.0,No
CUST03339,Aarav Roy,61,Female,Chandigarh,Government Employee,1211026.0,LN003339,Personal Loan,762925,15.15,36,2025-09-05,Approved,701.0,Yes
CUST02489,Aman Gupta,60,Male,Chandigarh,Student,127157.0,LN002489,Personal Loan,339361,16.69,180,2025-05-18,Approved,651.0,No
CUST01893,Riya Joshi,24,Female,Lucknow,Self-employed,721022.0,LN001893,Home Loan,1265796,17.44,84,2025-03-04,Approved,845.0,Yes
CUST00404,Rohan Jain,26,Male,Bengaluru,Salaried,1227146.0,LN000404,Home Loan,3481478,16.75,36,2024-01-13,Rejected,689.0,Yes
CUST00436,Arjun Mishra,54,Female,Lucknow,Salaried,870568.0,LN000436,Business Loan,3870157,8.43,36,2024-06-30,Approved,734.0,No
CUST00343,Meera Yadav,45,Female,Ahmedabad,Salaried,2061554.0,LN000343,Home Loan,958477,18.47,48,2024-11-15,Approved,724.0,No
CUST02332,Arjun Jain,27,Female,Jaipur,Government Employee,514302.0,LN002332,Auto Loan,856852,18.11,180,2025-05-23,Approved,587.0,Yes
CUST00525,Priya Roy,24,Female,Indore,Government Employee,728472.0,LN000525,Personal Loan,351033,9.41,240,2023-03-16,Approved,791.0,No
CUST01342,Aarav Mehta,35,Female,Hyderabad,Salaried,611083.0,LN001342,Auto Loan,861069,17.99,24,2025-09-25,Approved,605.0,No
CUST00350,Vivaan Roy,58,Female,Kolkata,Salaried,1015488.0,LN000350,Business Loan,2871870,16.44,48,2025-06-09,Rejected,659.0,No
CUST02629,Rohan Verma,23,Female,Lucknow,Business Owner,2821545.0,LN002629,Personal Loan,983932,9.42,12,2025-11-13,Approved,609.0,No
CUST02655,Kavya Mehta,34,Male,Bhopal,Government Employee,1393816.0,LN002655,Personal Loan,641598,9.76,180,2023-06-02,Rejected,665.0,No
CUST03231,Rohan Shah,30,Female,Chennai,Salaried,2192225.0,LN003231,Personal Loan,995471,11.54,48,2023-04-21,Approved,747.0,Yes
CUST02962,Ananya Shah,42,Male,Hyderabad,Salaried,301710.0,LN002962,Personal Loan,261820,11.59,48,2024-09-10,Approved,747.0,No
CUST01031,Ananya Gupta,64,Male,Varanasi,Student,205163.0,LN001031,Personal Loan,802341,8.27,120,2024-09-12,Approved,685.0,Yes
CUST00731,Neha Joshi,22,Male,Lucknow,Salaried,1138254.0,LN000731,Personal Loan,543857,8.23,36,2024-10-25,Rejected,698.0,No
CUST02635,Nikhil Gupta,45,Male,Bhopal,Salaried,2107009.0,LN002635,Home Loan,3541563,11.84,48,2025-10-12,Rejected,587.0,No
CUST03303,Sneha Gupta,30,Male,Pune,Government Employee,948802.0,LN003303,Home Loan,2013476,13.58,360,2024-02-07,Approved,,No
CUST00701,Rahul Jain,57,Male,Kolkata,Self-employed,1558656.0,LN000701,Personal Loan,396407,17.51,36,2025-09-03,Under Review,645.0,
CUST00232,Pooja Gupta,41,Male,Patna,Self-employed,1337522.0,LN000232,Home Loan,2584006,17.28,120,2023-06-03,Rejected,739.0,Yes
CUST00928,Arjun Mishra,30,Female,Patna,Salaried,721729.0,LN000928,Personal Loan,56834,16.79,48,2025-01-23,Rejected,634.0,No
CUST00888,Aman Verma,21,Male,Lucknow,Salaried,306745.0,LN000888,Education Loan,1129517,14.0,48,2024-07-17,Approved,757.0,Yes
CUST02099,Rohan Roy,46,Male,Indore,Self-employed,1991361.0,LN002099,Personal Loan,988287,8.39,180,2024-04-20,Approved,730.0,No
CUST02432,Simran Patel,56,Male,Chennai,Salaried,791974.0,LN002432,Personal Loan,68703,9.99,36,2023-07-23,Under Review,681.0,No
CUST02854,Aarav Joshi,49,Male,Chandigarh,Salaried,2329444.0,LN002854,Gold Loan,201174,17.21,360,2023-01-15,Approved,679.0,No
CUST02703,Aman Roy,25,Female,Kolkata,Government Employee,1005394.0,LN002703,Home Loan,2796509,17.96,12,2025-03-13,Rejected,723.0,No
CUST01687,Karan Singh,34,Male,Patna,Salaried,775241.0,LN001687,Personal Loan,430983,18.12,240,2023-05-12,Pending,696.0,No
CUST02297,Kavya Yadav,23,Male,Bhopal,Salaried,2281552.0,LN002297,Home Loan,1213725,12.31,36,2025-01-01,Approved,564.0,No
CUST00050,Pooja Patel,37,Female,Indore,Salaried,2487328.0,LN000050,Home Loan,4782588,18.34,180,2024-12-26,Approved,600.0,No
CUST01726,Aditya Sharma,35,Male,Indore,Salaried,2286973.0,LN001726,Business Loan,1355858,9.2,84,2025-11-21,Pending,599.0,No
CUST02399,Pooja Sharma,28,Male,Kolkata,Government Employee,527551.0,LN002399,Personal Loan,791490,17.52,240,2023-02-03,Approved,640.0,Yes
CUST03312,Rohan Mishra,23,Male,Chennai,Salaried,1672835.0,LN003312,Gold Loan,260869,10.05,84,2025-03-09,Rejected,710.0,No
CUST02963,Rohan Joshi,31,Female,Chandigarh,Government Employee,888370.0,LN002963,Gold Loan,219998,12.26,60,2025-11-19,Rejected,684.0,No
CUST01910,Neha Joshi,42,Male,Pune,Salaried,938740.0,LN001910,Business Loan,2807416,,60,2025-01-01,Approved,695.0,No
CUST01289,Rohan Mehta,46,Female,Ahmedabad,Salaried,,LN001289,Auto Loan,1285969,13.58,24,2023-02-17,Pending,682.0,No
CUST00638,Neha Patel,58,Male,Hyderabad,Business Owner,1078283.0,LN000638,Gold Loan,422598,17.81,48,2025-12-26,Rejected,762.0,No
CUST03059,Arjun Roy,44,Female,Lucknow,Government Employee,1067283.0,LN003059,Home Loan,5256488,14.6,60,2025-10-19,Approved,688.0,No
CUST01258,Priya Yadav,37,Female,Pune,Self-employed,2011524.0,LN001258,Business Loan,2111146,10.48,24,2023-09-23,Approved,770.0,
CUST02753,Kavya Sharma,32,Female,Kolkata,Salaried,2461601.0,LN002753,Auto Loan,1464384,17.52,24,2023-04-29,Approved,706.0,No
CUST03042,Rahul Roy,52,Male,Ahmedabad,Salaried,1636284.0,LN003042,Gold Loan,434228,12.35,36,2025-11-20,Rejected,641.0,Yes
CUST01414,Aarav Mishra,58,Male,Varanasi,Government Employee,1462146.0,LN001414,Auto Loan,737344,8.68,24,2024-07-23,Approved,640.0,No
CUST03450,Riya Singh,48,Male,Chandigarh,Salaried,1231351.0,LN003450,Education Loan,167819,7.34,48,2023-08-10,Approved,623.0,No
CUST01329,Vikram Kumar,50,Male,Bengaluru,Salaried,1716863.0,LN001329,Gold Loan,411046,8.84,240,2024-12-31,Approved,622.0,Yes
CUST00931,Riya Das,21,Female,Kolkata,Self-employed,1526606.0,LN000931,Education Loan,942809,11.21,36,2025-07-14,Approved,823.0,No
CUST01407,Priya Verma,33,Male,Chennai,Salaried,469112.0,LN001407,Personal Loan,782267,10.85,120,2023-06-24,Rejected,675.0,No
CUST01428,Aarav Sharma,55,Female,Bengaluru,Self-employed,2418195.0,LN001428,Gold Loan,233094,16.29,84,2023-06-14,Rejected,715.0,No
CUST00218,Kavya Joshi,32,Male,Jaipur,Self-employed,859447.0,LN000218,Education Loan,983096,18.08,360,2023-08-18,Rejected,697.0,No
CUST02739,Sneha Kumar,31,Female,Delhi,Government Employee,411873.0,LN002739,Education Loan,155270,9.43,84,2024-07-22,Approved,735.0,No
CUST02777,Meera Sharma,31,Male,Lucknow,Salaried,709523.0,LN002777,Home Loan,1207763,15.31,240,2025-10-08,Approved,795.0,No
CUST02864,Vikram Patel,32,Female,Kolkata,Self-employed,1728432.0,LN002864,Home Loan,4726320,10.74,84,2023-04-20,Approved,780.0,No
CUST00354,Nikhil Mehta,33,Female,Bhopal,Salaried,1689390.0,LN000354,Education Loan,415617,9.13,180,2023-04-23,Approved,733.0,No
CUST00135,Pooja Jain,62,Male,Chennai,Self-employed,847689.0,LN000135,Auto Loan,237468,16.98,84,2025-12-26,Rejected,758.0,No
CUST03223,Meera Yadav,59,Male,Hyderabad,Salaried,2188334.0,LN003223,Auto Loan,750898,17.37,48,2025-02-16,Approved,745.0,Yes
CUST01671,Aman Roy,34,Male,Lucknow,Salaried,1732816.0,LN001671,Personal Loan,292950,10.42,360,2024-07-27,Approved,706.0,Yes
CUST00087,Meera Roy,35,Female,Patna,Self-employed,2488912.0,LN000087,Personal Loan,780051,17.86,24,2024-07-17,Approved,763.0,No
CUST02240,Ananya Kumar,46,Male,Ahmedabad,Business Owner,2709421.0,LN002240,Auto Loan,347911,14.76,60,2024-11-01,Approved,661.0,No
CUST03018,Aman Yadav,50,Male,Delhi,Salaried,2291893.0,LN003018,Auto Loan,239109,7.79,60,2023-01-31,Pending,540.0,No
CUST03181,Rohan Gupta,38,Female,Jaipur,Salaried,800572.0,LN003181,Personal Loan,805625,11.15,24,2024-02-23,Approved,718.0,Yes
CUST01376,Simran Joshi,41,Male,Mumbai,Business Owner,3019674.0,LN001376,Gold Loan,138295,12.06,60,2024-01-22,Approved,768.0,No
CUST01830,Neha Roy,22,Female,Patna,Business Owner,714291.0,LN001830,Business Loan,1888237,17.55,180,2023-03-11,Rejected,746.0,Yes
CUST01191,Karan Yadav,27,Male,Kolkata,Self-employed,1551105.0,LN001191,Auto Loan,966700,16.61,36,2025-04-11,Pending,565.0,No
CUST00331,Nikhil Das,22,Female,Chennai,Self-employed,1441179.0,LN000331,Education Loan,244282,11.58,60,2023-05-05,Approved,777.0,Yes
CUST00116,Aarav Mishra,62,Male,Patna,Business Owner,1570439.0,LN000116,Gold Loan,697296,15.4,84,2024-05-31,Pending,715.0,No
CUST02058,Vivaan Mishra,48,Male,Delhi,Student,399088.0,LN002058,Personal Loan,163857,10.74,120,2024-05-17,Approved,646.0,No
CUST01418,Riya Agarwal,41,Male,Bengaluru,Salaried,884600.0,LN001418,Auto Loan,859649,9.73,360,2024-02-26,Pending,721.0,No
CUST00322,Rohan Roy,48,Male,Chandigarh,Salaried,2243534.0,LN000322,Business Loan,2520957,10.22,360,2025-12-30,Approved,530.0,No
CUST03072,Rahul Gupta,22,Female,Varanasi,Business Owner,2359419.0,LN003072,Education Loan,563960,11.92,84,2025-06-15,Approved,583.0,No
CUST01170,Arjun Sharma,28,Male,Bhopal,Salaried,1168128.0,LN001170,Home Loan,4771473,9.07,84,2023-05-19,Approved,755.0,Yes
CUST01119,Kavya Jain,51,Male,Mumbai,Salaried,1752464.0,LN001119,Education Loan,532636,7.45,60,2024-11-01,Rejected,591.0,No
CUST02673,Aarav Roy,45,Male,Hyderabad,Salaried,641785.0,LN002673,Auto Loan,224860,14.56,12,2023-01-28,Approved,786.0,No
CUST03091,Simran Yadav,21,Male,Hyderabad,Self-employed,1089605.0,LN003091,Personal Loan,953318,11.96,84,2024-03-01,Approved,616.0,Yes
CUST01957,Rahul Shah,36,Female,Lucknow,Business Owner,2687044.0,LN001957,Personal Loan,432621,7.01,360,2025-12-08,Approved,758.0,No
CUST02100,Rahul Jain,47,Male,Chandigarh,Student,378257.0,LN002100,Home Loan,2723639,11.07,120,2024-10-25,Approved,729.0,No
CUST02952,Karan Jain,29,Female,Indore,Self-employed,2154865.0,LN002952,Personal Loan,269012,10.02,60,2024-03-26,Rejected,600.0,No
CUST01770,Aman Sharma,63,Male,Varanasi,Salaried,2012110.0,LN001770,Personal Loan,811848,12.59,120,2023-03-14,Approved,731.0,No
CUST01991,Pooja Agarwal,51,Female,Hyderabad,Salaried,2266767.0,LN001991,Personal Loan,940560,18.14,60,2023-10-18,Rejected,634.0,No
CUST01065,Meera Patel,43,Female,Lucknow,Salaried,2369678.0,LN001065,Business Loan,409365,10.99,180,2024-01-07,Approved,656.0,No
CUST00874,Priya Kumar,42,Male,Kolkata,Government Employee,355046.0,LN000874,Auto Loan,1189089,17.79,24,2024-01-24,Approved,647.0,Yes
CUST00174,Aditya Gupta,64,Female,Lucknow,Salaried,1965559.0,LN000174,Personal Loan,583634,17.12,360,2023-06-05,Rejected,734.0,No
CUST01829,Priya Yadav,64,Female,Chandigarh,Student,124286.0,LN001829,Auto Loan,427136,17.56,24,2025-12-15,Approved,791.0,Yes
CUST01188,Karan Verma,42,Male,Varanasi,Student,255795.0,LN001188,Home Loan,2081418,12.76,24,2024-11-30,Rejected,647.0,No
CUST02676,Aarav Patel,32,Female,Chandigarh,Government Employee,318883.0,LN002676,Auto Loan,302522,8.65,36,2025-02-24,Rejected,689.0,No
CUST00352,Neha Singh,52,Male,Patna,Government Employee,920740.0,LN000352,Education Loan,1487962,9.61,120,2025-06-08,Approved,821.0,Yes
CUST00962,Rahul Jain,30,Male,Hyderabad,Salaried,2269585.0,LN000962,Personal Loan,876814,11.29,36,2024-01-30,Approved,691.0,No
CUST00591,Aditya Jain,65,Female,Kolkata,Salaried,1815407.0,LN000591,Home Loan,4759770,16.54,120,2024-01-18,Approved,692.0,No
CUST01972,Ananya Yadav,35,Female,Pune,Salaried,1434931.0,LN001972,Gold Loan,145822,17.8,12,2023-04-30,Rejected,756.0,No
CUST02373,Priya Mishra,49,Female,Pune,Government Employee,1289054.0,LN002373,Education Loan,901828,17.14,84,2023-09-08,Rejected,696.0,No
CUST01655,Simran Gupta,30,Male,Delhi,Salaried,445245.0,LN001655,Personal Loan,119214,14.02,120,2023-09-10,Approved,797.0,No
CUST02009,Priya Joshi,50,Male,Varanasi,Government Employee,849845.0,LN002009,Personal Loan,153585,11.11,360,2025-02-13,Approved,725.0,No
CUST02503,Rohan Roy,37,Female,Lucknow,Salaried,483144.0,LN002503,Auto Loan,704228,17.21,360,2025-04-07,Pending,697.0,No
CUST02227,Aarav Gupta,63,Female,Delhi,Salaried,1817794.0,LN002227,Personal Loan,175272,12.86,24,2024-05-15,Approved,655.0,No
CUST01913,Meera Mehta,27,Female,Bhopal,Self-employed,2432978.0,LN001913,Home Loan,1656878,14.9,360,2025-02-20,Approved,632.0,No
CUST01746,Vikram Kumar,28,Male,Lucknow,Salaried,398091.0,LN001746,Education Loan,1397244,12.99,36,2023-12-07,Approved,741.0,Yes
CUST00263,Isha Singh,21,Male,Patna,Business Owner,1591855.0,LN000263,Gold Loan,454015,10.88,180,2023-01-17,Approved,620.0,Yes
CUST02601,Isha Mehta,48,Male,Kolkata,Business Owner,1530612.0,LN002601,Auto Loan,779816,10.65,24,2024-03-09,Rejected,727.0,No
CUST00929,Pooja Mishra,32,Male,Chandigarh,Self-employed,487633.0,LN000929,Auto Loan,293492,17.96,180,2024-02-27,Pending,695.0,No
CUST01237,Isha Verma,59,Female,Indore,Salaried,606185.0,LN001237,Business Loan,3444349,11.61,360,2025-12-09,Approved,662.0,No
CUST01121,Karan Sharma,50,Female,Lucknow,Salaried,2075052.0,LN001121,Home Loan,3769137,18.47,36,2024-07-25,Approved,760.0,Yes
CUST02493,Rohan Jain,47,Male,Mumbai,Student,205240.0,LN002493,Gold Loan,315594,7.73,360,2024-02-23,Rejected,637.0,No
CUST03144,Vivaan Agarwal,47,Female,Chandigarh,Salaried,373850.0,LN003144,Business Loan,3098752,14.8,120,2023-11-28,Under Review,638.0,No
CUST00593,Sneha Jain,48,Male,Pune,Self-employed,2059466.0,LN000593,Business Loan,3060592,16.84,24,2023-12-30,Approved,636.0,No
CUST01130,Vikram Yadav,57,Female,Mumbai,Salaried,1763750.0,LN001130,Personal Loan,228308,13.46,60,2023-05-06,Rejected,704.0,No
CUST03139,Kavya Kumar,26,Female,Lucknow,Student,333748.0,LN003139,Home Loan,1802044,17.63,240,2025-01-12,Pending,537.0,No
CUST00574,Kavya Yadav,48,Male,Lucknow,Salaried,1982348.0,LN000574,Home Loan,4377643,16.02,36,2024-03-17,Approved,676.0,No
CUST01368,Karan Das,42,Female,Varanasi,Salaried,686911.0,LN001368,Auto Loan,1153008,17.51,240,2023-09-05,Approved,754.0,No
CUST02002,Vivaan Verma,34,Male,Hyderabad,Government Employee,541731.0,LN002002,Auto Loan,1216903,9.8,36,2025-09-01,Pending,466.0,No
CUST03334,Nikhil Kumar,21,Male,Kolkata,Salaried,662768.0,LN003334,Auto Loan,945798,17.92,180,2023-03-13,Approved,643.0,No
CUST00379,Priya Sharma,22,Female,Patna,Salaried,439021.0,LN000379,Business Loan,3588157,16.03,36,2023-11-02,Pending,567.0,No
CUST02564,Pooja Sharma,36,Female,Varanasi,Self-employed,1013042.0,LN002564,Home Loan,1057017,11.52,12,2023-10-26,Approved,590.0,Yes
CUST02705,Arjun Singh,25,Male,Delhi,Government Employee,818633.0,LN002705,Business Loan,3206790,14.93,360,2023-01-10,Approved,756.0,No
CUST03285,Meera Yadav,42,Female,Indore,Salaried,2142281.0,LN003285,Personal Loan,713412,12.06,24,2024-10-31,Approved,687.0,No
CUST03306,Simran Patel,44,Female,Jaipur,Self-employed,1473929.0,LN003306,Personal Loan,99130,8.91,12,2024-10-31,Approved,581.0,No
CUST02944,Ananya Roy,27,Male,Kolkata,Self-employed,1535458.0,LN002944,Auto Loan,1158027,16.93,240,2025-04-22,Under Review,595.0,No
CUST01050,Neha Verma,63,Female,Patna,Salaried,1005748.0,LN001050,Personal Loan,375112,17.15,360,2024-03-19,Approved,750.0,Yes
CUST00853,Simran Gupta,64,Female,Patna,Salaried,795973.0,LN000853,Personal Loan,679742,14.2,36,2024-11-28,Approved,718.0,Yes
CUST03096,Sneha Mehta,52,Female,Ahmedabad,Salaried,1378776.0,LN003096,Education Loan,1285126,9.65,60,2025-06-18,Approved,641.0,No
CUST02898,Rahul Yadav,23,Female,Hyderabad,Government Employee,1206404.0,LN002898,Auto Loan,212467,18.43,360,2024-09-11,Approved,721.0,No
CUST02415,Arjun Mehta,21,Female,Bengaluru,Student,214410.0,LN002415,Personal Loan,101376,13.45,60,2023-11-22,Rejected,789.0,No
CUST02645,Priya Kumar,41,Female,Pune,Salaried,2001378.0,LN002645,Business Loan,559972,10.75,180,2025-05-23,Approved,733.0,No
CUST00088,Aditya Gupta,63,Female,Delhi,Salaried,1206553.0,LN000088,Education Loan,218533,16.21,84,2025-12-06,Approved,673.0,No
CUST00499,Isha Das,38,Female,Bengaluru,Salaried,,LN000499,Home Loan,2957098,15.32,12,2024-10-08,Approved,551.0,No
CUST01751,Aditya Agarwal,61,Female,Chandigarh,Self-employed,1670200.0,LN001751,Personal Loan,115124,15.09,48,2023-10-08,Under Review,581.0,No
CUST00713,Isha Yadav,61,Male,Pune,Self-employed,670913.0,LN000713,Auto Loan,428652,14.56,240,2025-11-21,Approved,707.0,Yes
CUST00023,Nikhil Yadav,54,Male,Kolkata,Salaried,846326.0,LN000023,Auto Loan,268834,10.3,360,2024-07-23,Approved,850.0,No
CUST00789,Arjun Jain,40,Female,Bengaluru,Self-employed,2081563.0,LN000789,Auto Loan,944686,15.93,180,2024-10-05,Approved,,No
CUST01051,Pooja Das,23,Female,Indore,Government Employee,952595.0,LN001051,Personal Loan,552009,,36,2024-08-27,Rejected,685.0,No
CUST01982,Arjun Singh,49,Male,Mumbai,Self-employed,437572.0,LN001982,Business Loan,2070012,7.39,24,2024-08-28,Approved,653.0,No
CUST00539,Nikhil Agarwal,31,Male,Delhi,Government Employee,1484592.0,LN000539,Home Loan,3026217,7.84,360,2025-06-28,Approved,735.0,No
CUST02097,Pooja Mishra,48,Male,Lucknow,Salaried,1326311.0,LN002097,Auto Loan,825219,16.29,60,2023-04-11,Pending,768.0,Yes
CUST03099,Simran Sharma,37,Female,Lucknow,Government Employee,1102919.0,LN003099,Home Loan,2674360,10.46,48,2023-05-10,Rejected,640.0,No
CUST01539,Neha Roy,39,Male,Hyderabad,Self-employed,999567.0,LN001539,Personal Loan,306556,13.43,24,2023-07-02,Approved,762.0,No
CUST00503,Priya Patel,34,Male,Pune,Salaried,578825.0,LN000503,Business Loan,2834511,7.05,360,2023-09-07,Under Review,411.0,No
CUST03440,Aditya Mehta,28,Male,Hyderabad,Salaried,399474.0,LN003440,Business Loan,330411,10.87,60,2023-10-09,Rejected,753.0,No
CUST02523,Neha Roy,35,Female,Mumbai,Student,313879.0,LN002523,Business Loan,855060,17.05,36,2024-04-09,Approved,755.0,
CUST02491,Rohan Yadav,24,Male,Bengaluru,Self-employed,371700.0,LN002491,Auto Loan,1295501,16.98,36,2025-05-09,Rejected,744.0,No
CUST00951,Pooja Verma,60,Male,Lucknow,Student,412838.0,LN000951,Business Loan,3630774,15.87,360,2025-04-18,Approved,794.0,No
CUST00246,Ananya Mishra,49,Male,Bengaluru,Student,357113.0,LN000246,Home Loan,4269992,15.49,360,2024-02-29,Approved,739.0,No
CUST01871,Meera Mehta,59,Male,Bengaluru,Self-employed,2335996.0,LN001871,Personal Loan,295828,18.24,360,2024-08-08,Approved,718.0,No
CUST01395,Rahul Jain,62,Female,Mumbai,Salaried,1664032.0,LN001395,Business Loan,2016611,16.37,60,2023-07-08,Under Review,604.0,No
CUST01899,Aman Gupta,58,Female,Lucknow,Self-employed,686399.0,LN001899,Home Loan,3335170,13.92,12,2023-06-14,Approved,690.0,No
CUST02541,Ananya Sharma,57,Male,Kolkata,Salaried,1316100.0,LN002541,Business Loan,2777533,9.34,84,2025-07-04,Approved,722.0,No
CUST01925,Neha Sharma,60,Female,Kolkata,Salaried,1468525.0,LN001925,Auto Loan,1517965,18.17,360,2023-02-25,Approved,807.0,No
CUST00669,Ananya Joshi,58,Male,Hyderabad,Student,127887.0,LN000669,Personal Loan,74918,7.34,24,2023-11-19,Rejected,558.0,No
CUST02014,Aarav Kumar,40,Female,Delhi,Self-employed,2394180.0,LN002014,Personal Loan,690704,10.89,24,2023-02-01,Under Review,621.0,No
CUST03081,Pooja Kumar,63,Female,Kolkata,Government Employee,614023.0,LN003081,Personal Loan,860365,13.2,24,2024-04-20,Approved,787.0,No
CUST02273,Nikhil Mehta,56,Female,Chennai,Salaried,2417499.0,LN002273,Personal Loan,801957,8.33,120,2025-07-05,Approved,732.0,No
CUST00262,Riya Verma,28,Male,Indore,Student,390472.0,LN000262,Personal Loan,610608,13.22,360,2023-06-24,Approved,827.0,Yes
CUST02945,Ananya Patel,32,Female,Indore,Self-employed,269060.0,LN002945,Business Loan,2356080,8.58,12,2023-12-22,Pending,767.0,No
CUST02212,Aditya Jain,21,Male,Mumbai,Salaried,2480817.0,LN002212,Gold Loan,324243,10.9,24,2025-12-23,Approved,654.0,Yes
CUST00571,Aman Mehta,52,Female,Lucknow,Government Employee,361264.0,LN000571,Home Loan,3259507,14.45,180,2024-08-22,Rejected,641.0,No
CUST02787,Ananya Gupta,40,Male,Chandigarh,Salaried,781725.0,LN002787,Personal Loan,770978,11.96,180,2023-05-31,Approved,702.0,Yes
CUST01114,Sneha Yadav,49,Female,Chandigarh,Salaried,340887.0,LN001114,Personal Loan,244444,12.75,360,2025-12-17,Pending,715.0,No
CUST01713,Riya Das,50,Female,Jaipur,Student,380464.0,LN001713,Home Loan,2038984,10.17,84,2025-10-12,Approved,728.0,Yes
CUST03331,Aditya Agarwal,36,Female,Bhopal,Self-employed,970585.0,LN003331,Education Loan,948770,15.08,240,2025-01-24,Rejected,668.0,No
CUST03370,Nikhil Roy,30,Female,Pune,Government Employee,1252057.0,LN003370,Gold Loan,254098,13.73,84,2023-12-28,Approved,786.0,No
CUST03200,Priya Shah,61,Male,Varanasi,Self-employed,2120601.0,LN003200,Personal Loan,579324,11.29,48,2023-10-19,Rejected,720.0,No
CUST00495,Priya Agarwal,62,Female,Mumbai,Self-employed,1746772.0,LN000495,Home Loan,3271146,10.45,60,2024-11-07,Rejected,,No
CUST02148,Rohan Agarwal,27,Male,Varanasi,Salaried,1641189.0,LN002148,Education Loan,1089366,9.91,240,2023-03-14,Under Review,517.0,No
CUST01310,Arjun Agarwal,39,Male,Ahmedabad,Salaried,1711453.0,LN001310,Auto Loan,1033671,11.94,36,2023-02-19,Approved,821.0,No
CUST00707,Rohan Jain,41,Female,Jaipur,Government Employee,1279532.0,LN000707,Personal Loan,675710,13.4,120,2025-10-26,Approved,625.0,No
CUST02870,Meera Jain,62,Female,Ahmedabad,Salaried,2426152.0,LN002870,Personal Loan,94639,10.55,60,2025-01-13,Rejected,590.0,No
CUST03154,Aditya Mishra,40,Male,Ahmedabad,Salaried,766718.0,LN003154,Home Loan,1353744,13.47,60,2023-05-28,Approved,680.0,No
CUST02030,Kavya Joshi,29,Male,Mumbai,Salaried,1963497.0,LN002030,Personal Loan,807797,17.87,240,2023-09-12,Pending,625.0,No
CUST00547,Simran Sharma,21,Male,Delhi,Self-employed,1055584.0,LN000547,Auto Loan,1165100,17.82,12,2023-12-20,Approved,792.0,No
CUST01743,Vikram Jain,40,Female,Indore,Salaried,1628995.0,LN001743,Home Loan,5875261,14.6,240,2023-08-13,Approved,756.0,No
CUST01253,Rohan Gupta,26,Male,Ahmedabad,Student,245355.0,LN001253,Auto Loan,161780,13.11,48,2025-08-03,Rejected,511.0,No
CUST01621,Aarav Singh,59,Female,Indore,Salaried,215571.0,LN001621,Gold Loan,510160,14.5,24,2025-08-27,Approved,838.0,No
CUST03031,Aditya Mishra,55,Male,Pune,Business Owner,1858126.0,LN003031,Gold Loan,452889,14.39,24,2023-07-03,Pending,682.0,No
CUST01658,Vivaan Mehta,45,Male,Bengaluru,Salaried,472150.0,LN001658,Personal Loan,952628,11.7,48,2024-06-16,Under Review,578.0,No
CUST02692,Aditya Gupta,37,Male,Lucknow,Salaried,860000.0,LN002692,Home Loan,1330053,11.17,360,2025-05-28,Approved,583.0,No
CUST02820,Rahul Mehta,22,Female,Varanasi,Salaried,2322126.0,LN002820,Personal Loan,492329,11.03,180,2025-07-12,Approved,728.0,Yes
CUST02079,Meera Verma,39,Female,Mumbai,Self-employed,1762371.0,LN002079,Auto Loan,615463,7.77,84,2025-04-28,Approved,667.0,No
CUST00270,Priya Yadav,41,Female,Jaipur,Business Owner,2358691.0,LN000270,Business Loan,3009236,14.27,360,2025-04-23,Approved,625.0,Yes
CUST00016,Rahul Patel,29,Female,Bhopal,Salaried,878002.0,LN000016,Education Loan,690978,16.85,84,2024-09-19,Approved,650.0,No
CUST00790,Aditya Agarwal,27,Female,Patna,Business Owner,632131.0,LN000790,Home Loan,1438093,7.37,360,2023-06-14,Rejected,650.0,No
CUST00718,Karan Das,34,Male,Delhi,Business Owner,1491723.0,LN000718,Auto Loan,518921,11.92,120,2024-03-15,Under Review,556.0,No
CUST01244,Neha Jain,39,Female,Ahmedabad,Self-employed,1505661.0,LN001244,Auto Loan,559180,14.45,12,2025-11-12,Approved,782.0,No
CUST00489,Simran Das,46,Male,Chennai,Business Owner,739606.0,LN000489,Business Loan,1443886,17.77,240,2025-09-29,Rejected,792.0,Yes
CUST01288,Isha Sharma,45,Female,Patna,Business Owner,3368064.0,LN001288,Home Loan,2507008,15.76,240,2025-05-08,Approved,760.0,No
CUST00312,Vivaan Joshi,34,Male,Kolkata,Salaried,864494.0,LN000312,Personal Loan,643731,13.4,48,2024-03-04,Approved,664.0,Yes
CUST01440,Vivaan Singh,55,Female,Jaipur,Salaried,1674065.0,LN001440,Home Loan,5033518,12.63,360,2024-10-11,Pending,607.0,Yes
CUST02282,Pooja Roy,61,Male,Varanasi,Salaried,1288065.0,LN002282,Personal Loan,504135,7.32,36,2023-01-17,Approved,729.0,No
CUST00129,Ananya Mehta,65,Female,Chennai,Salaried,384451.0,LN000129,Home Loan,5549959,14.1,12,2025-04-07,Approved,582.0,Yes
CUST00947,Aman Roy,28,Male,Delhi,Government Employee,954511.0,LN000947,Home Loan,2200171,18.22,240,2025-03-11,Rejected,637.0,No
CUST01623,Aarav Joshi,65,Female,Patna,Government Employee,776192.0,LN001623,Auto Loan,863729,9.4,360,2023-10-06,Pending,629.0,Yes
CUST02277,Ananya Verma,43,Female,Bengaluru,Salaried,2486254.0,LN002277,Personal Loan,666829,11.36,360,2025-03-01,Approved,808.0,Yes
CUST00755,Meera Mehta,52,Male,Pune,Self-employed,2379215.0,LN000755,Auto Loan,520729,15.0,24,2025-01-18,Approved,681.0,No
CUST02285,Karan Mishra,23,Male,Lucknow,Business Owner,1767921.0,LN002285,Gold Loan,549872,10.42,240,2024-02-11,Approved,665.0,Yes
CUST00799,Aditya Shah,50,Female,Chandigarh,Self-employed,1421165.0,LN000799,Home Loan,5483024,10.5,60,2025-05-14,Approved,745.0,No
CUST02358,Arjun Verma,40,Female,Indore,Salaried,361649.0,LN002358,Personal Loan,194610,11.13,60,2025-11-25,Rejected,744.0,No
CUST01250,Nikhil Mishra,48,Female,Ahmedabad,Government Employee,536192.0,LN001250,Home Loan,1364312,16.89,120,2023-12-20,Approved,701.0,No
CUST01699,Arjun Mishra,48,Male,Chandigarh,Government Employee,1068396.0,LN001699,Personal Loan,237130,17.91,84,2024-09-02,Approved,741.0,No
CUST00522,Karan Singh,56,Male,Mumbai,Business Owner,3209737.0,LN000522,Personal Loan,329365,18.14,24,2025-09-22,Approved,682.0,No
CUST02886,Meera Singh,62,Male,Hyderabad,Government Employee,1253524.0,LN002886,Education Loan,775781,9.27,360,2023-11-10,Approved,505.0,No
CUST00501,Karan Agarwal,63,Female,Indore,Salaried,845979.0,LN000501,Home Loan,1307553,15.82,360,2024-01-14,Approved,561.0,No
CUST00220,Arjun Patel,32,Male,Indore,Salaried,2458348.0,LN000220,Gold Loan,638398,14.77,180,2023-08-13,Approved,734.0,Yes
CUST01432,Ananya Kumar,64,Female,Jaipur,Business Owner,440849.0,LN001432,Personal Loan,650688,15.21,84,2024-07-01,Approved,619.0,No
CUST01233,Neha Jain,21,Male,Patna,Government Employee,514480.0,LN001233,Business Loan,711973,8.7,36,2025-01-13,Rejected,739.0,Yes
CUST03482,Aarav Yadav,40,Female,Ahmedabad,Self-employed,913996.0,LN003482,Personal Loan,222822,14.25,36,2024-08-01,Approved,651.0,No
CUST00357,Sneha Verma,54,Male,Chandigarh,Salaried,305849.0,LN000357,Auto Loan,754111,7.59,24,2024-01-02,Approved,593.0,No
CUST02250,Nikhil Das,30,Female,Delhi,Salaried,1638710.0,LN002250,Auto Loan,972125,11.67,84,2023-06-19,Approved,850.0,No
CUST02456,Kavya Das,39,Female,Delhi,Business Owner,2604817.0,LN002456,Home Loan,4809327,12.31,120,2023-05-25,Approved,670.0,No
CUST00540,Aman Gupta,62,Male,Bengaluru,Salaried,2093207.0,LN000540,Education Loan,313299,9.61,84,2025-03-12,Under Review,534.0,No
CUST02774,Rahul Sharma,52,Female,Pune,Student,193874.0,LN002774,Home Loan,1711265,8.34,180,2024-08-06,Rejected,584.0,Yes
CUST00133,Vivaan Mehta,28,Male,Lucknow,Government Employee,1468544.0,LN000133,Auto Loan,160699,7.42,12,2023-04-24,Approved,743.0,No
CUST00982,Isha Patel,46,Male,Lucknow,Salaried,1155288.0,LN000982,Personal Loan,165278,7.84,24,2023-03-08,Approved,639.0,No
CUST01701,Arjun Singh,29,Female,Mumbai,Business Owner,,LN001701,Gold Loan,474558,7.5,48,2023-11-05,Approved,775.0,No
CUST02165,Vivaan Patel,39,Male,Bengaluru,Government Employee,619858.0,LN002165,Personal Loan,630400,13.41,360,2024-07-27,Rejected,833.0,Yes
CUST02902,Ananya Mishra,46,Female,Bengaluru,Salaried,1141809.0,LN002902,Auto Loan,690704,11.4,48,2024-02-29,Approved,613.0,No
CUST00200,Aman Das,54,Female,Varanasi,Business Owner,1188140.0,LN000200,Personal Loan,650309,8.5,120,2024-04-20,Approved,798.0,No
CUST03465,Priya Yadav,51,Male,Delhi,Student,161184.0,LN003465,Home Loan,2896581,10.18,84,2025-06-27,Approved,762.0,Yes
CUST02192,Vikram Jain,52,Male,Kolkata,Salaried,1595724.0,LN002192,Auto Loan,1252812,9.72,84,2025-04-22,Approved,727.0,No
CUST02260,Vikram Yadav,21,Male,Jaipur,Salaried,429159.0,LN002260,Home Loan,2789034,9.55,240,2025-01-31,Approved,641.0,Yes
CUST00923,Simran Patel,37,Male,Delhi,Business Owner,2547849.0,LN000923,Home Loan,1512111,8.78,240,2025-04-26,Approved,777.0,No
CUST03008,Simran Shah,38,Female,Patna,Salaried,452278.0,LN003008,Personal Loan,466903,7.12,120,2025-12-18,Approved,830.0,Yes
CUST00188,Aarav Joshi,65,Female,Mumbai,Business Owner,3364932.0,LN000188,Home Loan,1447341,7.59,120,2025-04-29,Approved,645.0,No
CUST00097,Aditya Roy,32,Male,Pune,Salaried,1141568.0,LN000097,Personal Loan,555934,7.01,24,2025-01-07,Under Review,647.0,No
CUST00530,Vivaan Joshi,56,Female,Varanasi,Business Owner,1089197.0,LN000530,Education Loan,599471,7.69,180,2024-01-22,Pending,709.0,No
CUST01201,Rahul Jain,23,Male,Bhopal,Salaried,995530.0,LN001201,Business Loan,2015027,9.4,360,2025-06-27,Pending,689.0,Yes
CUST02031,Vikram Shah,58,Female,Indore,Business Owner,1464936.0,LN002031,Personal Loan,994726,15.88,36,2024-09-03,Approved,663.0,No
CUST03404,Vikram Shah,53,Female,Indore,Self-employed,490636.0,LN003404,Education Loan,897955,11.46,48,2025-09-05,Rejected,733.0,No
CUST00197,Aditya Agarwal,49,Female,Indore,Salaried,1030350.0,LN000197,Home Loan,4005228,13.12,84,2025-03-31,Pending,688.0,No
CUST02723,Neha Gupta,63,Female,Chennai,Salaried,1776079.0,LN002723,Home Loan,3077445,10.84,180,2025-02-23,Approved,775.0,No
CUST03051,Kavya Joshi,65,Female,Pune,Salaried,2121366.0,LN003051,Business Loan,3356211,12.01,180,2023-12-06,Under Review,614.0,Yes
CUST02143,Karan Roy,38,Female,Varanasi,,362118.0,LN002143,Home Loan,5590842,12.74,84,2025-08-02,Rejected,705.0,No
CUST02210,Pooja Patel,36,Female,Bhopal,Salaried,463655.0,LN002210,Home Loan,1503374,18.21,360,2023-08-20,Approved,683.0,Yes
CUST01985,Kavya Patel,50,Female,Bengaluru,Salaried,1159455.0,LN001985,Business Loan,2158026,10.97,12,2024-03-22,Approved,723.0,No
CUST02871,Priya Joshi,55,Male,Jaipur,,908180.0,LN002871,Business Loan,387272,17.23,180,2023-10-18,Approved,748.0,No
CUST00101,Karan Mehta,45,Female,Indore,Salaried,977968.0,LN000101,Auto Loan,708819,8.85,84,2025-10-10,Approved,578.0,No
CUST01832,Priya Gupta,37,Female,Lucknow,Business Owner,2528555.0,LN001832,Personal Loan,419222,9.2,36,2024-07-14,Rejected,634.0,No
CUST02261,Riya Agarwal,21,Male,Patna,Salaried,517450.0,LN002261,Personal Loan,705385,8.65,360,2025-05-04,Rejected,798.0,No
CUST00132,Simran Yadav,65,Female,Mumbai,Salaried,2464146.0,LN000132,Home Loan,2071300,15.48,180,2023-12-30,Approved,600.0,Yes
CUST02316,Priya Verma,33,Male,Chennai,Student,252054.0,LN002316,Education Loan,694131,10.5,84,2023-05-06,Approved,751.0,Yes
CUST00800,Pooja Sharma,21,Female,Indore,Government Employee,361600.0,LN000800,Gold Loan,173323,10.49,360,2025-11-19,Rejected,671.0,Yes
CUST01278,Aarav Verma,49,Male,Chennai,Government Employee,1482303.0,LN001278,Gold Loan,542834,10.79,48,2025-05-07,Approved,679.0,No
CUST01251,Meera Agarwal,22,Male,Patna,Self-employed,1688088.0,LN001251,Home Loan,5152641,10.41,24,2025-10-04,Rejected,613.0,No
CUST03006,Nikhil Joshi,39,Male,Lucknow,Salaried,1263991.0,LN003006,Home Loan,4407639,7.02,180,2025-09-28,Rejected,607.0,Yes
CUST00051,Rohan Shah,46,Female,Pune,Salaried,2258007.0,LN000051,Home Loan,3701614,7.35,24,2025-03-16,Approved,725.0,No
CUST02696,Vivaan Agarwal,23,Male,Lucknow,Student,375354.0,LN002696,Personal Loan,545012,12.55,120,2025-04-09,Rejected,713.0,No
CUST03058,Riya Shah,23,Male,Hyderabad,Salaried,1947795.0,LN003058,Auto Loan,1282491,7.73,60,2023-01-21,Approved,617.0,No
CUST00209,Neha Yadav,51,Female,Chandigarh,Government Employee,962550.0,LN000209,Business Loan,3829801,7.83,24,2025-11-03,Approved,825.0,No
CUST01406,Riya Verma,35,Male,Ahmedabad,Business Owner,1702607.0,LN001406,Business Loan,1920269,17.38,60,2025-10-25,Approved,654.0,Yes
CUST00275,Sneha Sharma,58,Male,Hyderabad,Salaried,2187338.0,LN000275,Gold Loan,386986,18.47,36,2023-12-17,Approved,717.0,
CUST00402,Karan Verma,43,Female,Hyderabad,,1145398.0,LN000402,Personal Loan,842879,13.33,48,2024-07-11,Approved,741.0,
CUST01791,Vivaan Shah,24,Female,Patna,Business Owner,1403095.0,LN001791,Business Loan,1590824,12.55,60,2025-03-13,Rejected,760.0,No
CUST01128,Kavya Sharma,62,Female,Lucknow,Business Owner,495856.0,LN001128,Personal Loan,842539,8.15,36,2024-03-28,Rejected,735.0,No
CUST00668,Ananya Sharma,25,Female,Kolkata,Self-employed,2098715.0,LN000668,Business Loan,2477890,18.0,84,2023-05-17,Rejected,559.0,Yes
CUST01869,Karan Shah,48,Female,Patna,Salaried,601137.0,LN001869,Auto Loan,1396234,10.69,24,2023-11-20,Approved,778.0,No
CUST00563,Simran Roy,39,Male,Delhi,Salaried,2218803.0,LN000563,Education Loan,753080,10.49,120,2023-03-02,Approved,712.0,Yes
CUST02416,Rohan Jain,36,Male,Chennai,Salaried,890862.0,LN002416,Home Loan,2009613,15.97,360,2024-10-27,Approved,716.0,No
CUST02748,Meera Patel,40,Male,Jaipur,Self-employed,542833.0,LN002748,Auto Loan,328622,8.87,12,2023-05-12,Approved,692.0,No
CUST02234,Neha Singh,46,Male,Chandigarh,Self-employed,1180269.0,LN002234,Personal Loan,112448,12.79,24,2023-12-03,Rejected,614.0,No
CUST02537,Priya Singh,41,Male,Patna,Student,314437.0,LN002537,Personal Loan,472192,16.21,360,2024-04-13,Rejected,717.0,No
CUST00797,Neha Das,32,Male,Varanasi,Salaried,1632817.0,LN000797,Business Loan,1287601,15.25,240,2023-03-18,Rejected,652.0,No
CUST01511,Arjun Mishra,37,Male,Jaipur,Self-employed,2265459.0,LN001511,Auto Loan,308456,14.42,360,2025-03-25,Approved,625.0,No
CUST02752,Arjun Jain,30,Female,Kolkata,Self-employed,569219.0,LN002752,Education Loan,1193428,10.96,360,2025-10-09,Approved,721.0,Yes
CUST01755,Riya Gupta,39,Male,Hyderabad,Self-employed,318192.0,LN001755,Personal Loan,998115,11.17,120,2024-12-23,Rejected,601.0,
CUST01472,Ananya Singh,65,Male,Kolkata,Salaried,2241882.0,LN001472,Business Loan,1071935,8.98,48,2023-03-25,Rejected,,Yes
CUST01441,Vikram Das,21,Male,Pune,Business Owner,1125783.0,LN001441,Personal Loan,495815,14.97,360,2024-06-06,Rejected,653.0,No
CUST00764,Rohan Sharma,37,Male,Kolkata,Salaried,681775.0,LN000764,Personal Loan,964275,12.77,180,2024-08-03,Approved,736.0,No
CUST00968,Aditya Mishra,23,Female,Patna,Self-employed,1053002.0,LN000968,Personal Loan,424255,14.81,360,2024-01-08,Approved,638.0,No
CUST02101,Vikram Mehta,25,Female,Indore,Student,132754.0,LN002101,Business Loan,2864234,9.43,120,2023-03-18,Rejected,679.0,No
CUST00377,Vivaan Patel,43,Female,Indore,Self-employed,1561710.0,LN000377,Home Loan,1601818,10.11,36,2024-12-02,Rejected,769.0,No
CUST02574,Pooja Gupta,42,Male,Bengaluru,Government Employee,548185.0,LN002574,Business Loan,3308629,16.73,12,2025-03-24,Pending,662.0,No
CUST02765,Pooja Joshi,55,Male,Chennai,Salaried,227150.0,LN002765,Education Loan,805024,18.45,360,2024-09-27,Approved,722.0,No
CUST00342,Priya Joshi,52,Male,Patna,Government Employee,652621.0,LN000342,Personal Loan,700587,17.75,120,2024-03-04,Approved,706.0,No
CUST01752,Rahul Kumar,21,Male,Bengaluru,Salaried,481970.0,LN001752,Personal Loan,133247,17.39,48,2023-08-01,Approved,658.0,No
CUST02201,Ananya Yadav,54,Female,Hyderabad,Salaried,2253240.0,LN002201,Business Loan,3229045,14.12,60,2025-04-29,Approved,742.0,No
CUST00159,Sneha Singh,31,Male,Bengaluru,Business Owner,904409.0,LN000159,Auto Loan,666595,7.3,12,2023-09-11,Rejected,584.0,No
CUST00841,Nikhil Das,58,Female,Mumbai,Business Owner,1260513.0,LN000841,Home Loan,1859288,18.43,24,2023-03-28,Approved,669.0,No
CUST03435,Ananya Shah,35,Male,Jaipur,Self-employed,1510707.0,LN003435,Home Loan,3445798,16.19,24,2023-10-27,Approved,725.0,No
CUST02197,Sneha Yadav,36,Male,Kolkata,Business Owner,1244236.0,LN002197,Home Loan,2797832,10.59,48,2024-07-08,Approved,707.0,No
CUST02110,Vikram Das,62,Female,Lucknow,Salaried,249131.0,LN002110,Auto Loan,328253,10.41,84,2023-01-08,Approved,647.0,No
CUST01844,Nikhil Patel,60,Female,Jaipur,Government Employee,748162.0,LN001844,Personal Loan,873450,17.14,24,2024-02-03,Approved,659.0,No
CUST01469,Vikram Mehta,22,Female,Bengaluru,Government Employee,1229346.0,LN001469,Personal Loan,183154,12.3,60,2025-10-12,Pending,530.0,No
CUST02048,Aditya Mishra,63,Female,Ahmedabad,Salaried,521798.0,LN002048,Personal Loan,122195,13.89,180,2024-02-02,Approved,748.0,No
CUST03179,Aditya Kumar,60,Female,Lucknow,Salaried,1760088.0,LN003179,Gold Loan,351774,13.98,24,2025-02-24,Approved,718.0,No
CUST03419,Pooja Singh,33,Male,Lucknow,Student,206707.0,LN003419,Home Loan,1018762,16.1,180,2023-02-18,Approved,633.0,Yes
CUST03026,Priya Patel,53,Female,Delhi,Student,458491.0,LN003026,Gold Loan,614760,16.11,48,2024-05-29,Approved,671.0,No
CUST02315,Neha Gupta,51,Female,Chennai,Self-employed,1363826.0,LN002315,Personal Loan,720188,17.41,36,2025-10-22,Approved,743.0,No
CUST01737,Kavya Shah,62,Male,Pune,Government Employee,1418607.0,LN001737,Business Loan,1497687,7.56,360,2024-04-30,Approved,664.0,No
CUST00025,Ananya Kumar,36,Male,Patna,Student,399163.0,LN000025,Education Loan,322866,12.05,120,2025-01-10,Approved,640.0,No
CUST01295,Aman Jain,30,Female,Ahmedabad,Salaried,823913.0,LN001295,Gold Loan,479581,10.99,36,2024-07-23,Approved,683.0,No
CUST00807,Isha Mehta,50,Female,Mumbai,Self-employed,1094394.0,LN000807,Home Loan,5528839,7.39,240,2024-12-16,Rejected,677.0,No
CUST02544,Karan Shah,35,Male,Pune,Salaried,749916.0,LN002544,Personal Loan,893004,18.18,84,2023-11-18,Approved,616.0,No
CUST03262,Rohan Joshi,63,Male,Bhopal,Government Employee,1224043.0,LN003262,Auto Loan,461483,7.51,24,2025-04-20,Rejected,737.0,No
CUST02729,Riya Agarwal,38,Male,Delhi,Business Owner,2329468.0,LN002729,Personal Loan,872133,17.55,180,2025-04-12,Under Review,,No
CUST01962,Rohan Sharma,47,Female,Delhi,Salaried,1046690.0,LN001962,Auto Loan,1722549,15.21,60,2025-04-30,Rejected,577.0,No
CUST02768,Riya Joshi,35,Male,Kolkata,Student,334401.0,LN002768,Education Loan,1425202,13.41,24,2023-04-14,Rejected,617.0,No
CUST03301,Simran Joshi,53,Male,Bengaluru,Salaried,1295028.0,LN003301,Personal Loan,625534,9.17,60,2024-01-05,Rejected,647.0,No
CUST03194,Aman Das,54,Male,Ahmedabad,Government Employee,935102.0,LN003194,Personal Loan,589694,12.64,24,2023-11-15,Pending,555.0,Yes
CUST02188,Ananya Das,60,Male,Kolkata,Salaried,326601.0,LN002188,Education Loan,435949,9.68,60,2024-08-11,Approved,704.0,Yes
CUST00886,Riya Jain,62,Male,Pune,Self-employed,1957998.0,LN000886,Home Loan,3160406,17.08,36,2023-06-02,Approved,685.0,No
CUST01934,Meera Sharma,26,Male,Chennai,Salaried,1074555.0,LN001934,Personal Loan,670699,8.3,48,2024-09-27,Under Review,644.0,Yes
CUST00596,Isha Mishra,37,Female,Hyderabad,Business Owner,1010326.0,LN000596,Personal Loan,179789,11.18,48,2025-12-18,Rejected,619.0,No
CUST00273,Aditya Joshi,24,Male,Varanasi,Self-employed,1135205.0,LN000273,Business Loan,1266649,11.97,12,2024-07-28,Approved,618.0,Yes
CUST00411,Neha Sharma,62,Male,Mumbai,Salaried,2039608.0,LN000411,Home Loan,841139,15.27,120,2023-10-16,Under Review,547.0,No
CUST00624,Arjun Jain,52,Male,Varanasi,Salaried,1983713.0,LN000624,Home Loan,1063356,10.48,12,2024-02-24,Approved,767.0,No
CUST00901,Vivaan Mishra,38,Male,Pune,Salaried,801828.0,LN000901,Auto Loan,933185,7.29,84,2025-08-06,Approved,636.0,No
CUST02836,Aarav Singh,24,Female,Pune,Student,219137.0,LN002836,Home Loan,3230626,10.71,12,2024-04-17,Rejected,701.0,Yes
CUST02590,Priya Gupta,21,Male,Pune,Salaried,1002830.0,LN002590,Gold Loan,512621,15.09,180,2025-03-02,Approved,802.0,Yes
CUST03397,Karan Patel,24,Male,Bengaluru,Self-employed,829873.0,LN003397,Gold Loan,432651,15.01,84,2023-07-05,Pending,539.0,Yes
CUST02147,Aarav Das,62,Female,Mumbai,Salaried,1873287.0,LN002147,Gold Loan,94566,16.25,48,2023-03-28,Approved,637.0,No
CUST03462,Vikram Singh,61,Female,Ahmedabad,Self-employed,385516.0,LN003462,Personal Loan,494109,7.13,84,2024-04-03,Rejected,637.0,No
CUST01055,Meera Mehta,43,Male,Jaipur,Student,319933.0,LN001055,Personal Loan,839575,14.52,84,2024-08-02,Under Review,587.0,Yes
CUST02064,Rahul Shah,28,Female,Varanasi,Salaried,2268404.0,LN002064,Personal Loan,571404,12.76,48,2023-10-10,Under Review,585.0,No
CUST00317,Neha Gupta,31,Female,Pune,Self-employed,1807650.0,LN000317,Gold Loan,402854,10.5,240,2024-12-14,Pending,514.0,Yes
CUST01848,Sneha Singh,62,Male,Patna,Salaried,2334161.0,LN001848,Home Loan,1839586,7.67,12,2025-11-02,Approved,720.0,No
CUST00795,Priya Sharma,59,Female,Mumbai,Salaried,562605.0,LN000795,Personal Loan,393782,10.03,84,2024-12-06,Approved,700.0,No
CUST00996,Simran Shah,21,Male,Chandigarh,Salaried,2285329.0,LN000996,Gold Loan,499426,7.5,60,2024-02-07,Pending,718.0,Yes
CUST00315,Nikhil Mehta,43,Male,Delhi,Self-employed,939401.0,LN000315,Business Loan,2972039,17.37,84,2024-09-15,Under Review,560.0,No
CUST02402,Vivaan Sharma,34,Female,Kolkata,Salaried,896193.0,LN002402,Personal Loan,506972,18.14,120,2024-02-10,Approved,781.0,No
CUST00021,Nikhil Mishra,51,Female,Bengaluru,Government Employee,1317703.0,LN000021,Home Loan,1905534,15.52,12,2023-09-03,Approved,769.0,Yes
CUST00035,Vivaan Kumar,63,Male,Chennai,Business Owner,2176203.0,LN000035,Auto Loan,363945,7.97,180,2023-06-19,Approved,628.0,No
CUST00183,Vikram Shah,32,Female,Hyderabad,Self-employed,1730184.0,LN000183,Personal Loan,177795,14.26,48,2024-05-19,Approved,847.0,No
CUST01171,Aarav Gupta,62,Male,Lucknow,Government Employee,835916.0,LN001171,Gold Loan,318662,16.6,24,2025-07-05,Approved,631.0,No
CUST03062,Aditya Agarwal,57,Female,Patna,Salaried,1284636.0,LN003062,Home Loan,1327789,8.88,240,2024-04-20,Approved,653.0,No
CUST01889,Aditya Kumar,42,Female,Varanasi,Self-employed,937906.0,LN001889,Business Loan,2479254,18.17,12,2024-06-08,Rejected,762.0,No
CUST03359,Arjun Roy,47,Male,Delhi,Government Employee,1265059.0,LN003359,Personal Loan,944437,9.06,60,2025-03-20,Pending,557.0,No
CUST00977,Aarav Mishra,28,Male,Bhopal,Salaried,2262535.0,LN000977,Personal Loan,428630,12.97,24,2023-12-08,Approved,640.0,No
CUST02036,Arjun Jain,61,Male,Patna,Business Owner,2355132.0,LN002036,Personal Loan,792489,11.69,360,2024-01-31,Rejected,659.0,Yes
CUST00671,Sneha Mehta,26,Female,Pune,Self-employed,886412.0,LN000671,Auto Loan,383982,10.86,60,2023-02-26,Rejected,628.0,No
CUST01058,Rohan Singh,22,Male,Pune,Self-employed,2007852.0,LN001058,Auto Loan,996454,11.99,36,2024-05-23,Under Review,605.0,Yes
CUST00314,Pooja Shah,58,Female,Indore,Self-employed,399707.0,LN000314,Personal Loan,221389,8.68,60,2023-12-16,Approved,670.0,No
CUST02509,Sneha Agarwal,43,Male,Mumbai,Government Employee,1092459.0,LN002509,Home Loan,2269275,14.24,48,2025-03-20,Under Review,575.0,Yes
CUST01311,Aarav Gupta,56,Female,Chennai,Salaried,1969575.0,LN001311,Gold Loan,719462,16.94,60,2024-02-10,Approved,669.0,No
CUST00260,Riya Das,52,Female,Kolkata,Business Owner,855150.0,LN000260,Personal Loan,759676,8.9,180,2024-08-19,Rejected,753.0,No
CUST01425,Vikram Das,43,Female,Delhi,Self-employed,263335.0,LN001425,Auto Loan,822979,7.27,84,2024-05-05,Approved,633.0,No
CUST00406,Sneha Verma,54,Female,Chennai,Salaried,2322841.0,LN000406,Home Loan,4561090,10.48,36,2025-02-18,Approved,703.0,No
CUST00672,Simran Jain,46,Female,Delhi,Student,362718.0,LN000672,Home Loan,4031365,7.38,120,2024-02-22,Rejected,649.0,No
CUST01730,Nikhil Singh,37,Male,Chandigarh,Salaried,425117.0,LN001730,Personal Loan,517680,17.17,240,2023-05-03,Approved,750.0,No
CUST00268,Arjun Patel,63,Male,Patna,Student,447069.0,LN000268,Home Loan,3070463,12.57,24,2023-11-13,Approved,638.0,No
CUST00752,Rahul Verma,36,Female,Bhopal,Government Employee,371942.0,LN000752,Home Loan,2124453,16.31,12,2023-07-04,Approved,594.0,Yes
CUST02663,Simran Sharma,64,Male,Bhopal,Government Employee,1078095.0,LN002663,Home Loan,2037595,14.52,24,2023-08-10,Rejected,679.0,No
CUST02392,Rahul Gupta,36,Male,Delhi,Salaried,269638.0,LN002392,Home Loan,2054278,16.29,120,2023-03-13,Approved,625.0,No
CUST02500,Aman Shah,35,Female,Ahmedabad,Business Owner,1519062.0,LN002500,Business Loan,783025,7.44,36,2023-06-09,Pending,680.0,No
CUST01430,Kavya Das,54,Female,Indore,Salaried,1479113.0,LN001430,Gold Loan,342009,14.26,24,2023-12-28,Rejected,645.0,No
CUST01275,Aman Mehta,53,Female,Patna,Student,344978.0,LN001275,Personal Loan,801245,15.48,24,2025-05-31,Approved,818.0,No
CUST00644,Arjun Mishra,28,Male,Mumbai,Government Employee,,LN000644,Personal Loan,667985,13.44,24,2024-04-26,Rejected,643.0,No
CUST01293,Simran Patel,56,Male,Hyderabad,Business Owner,938147.0,LN001293,Business Loan,784284,9.87,240,2024-11-30,Rejected,738.0,No
CUST00963,Vikram Shah,49,Female,Pune,Government Employee,1276124.0,LN000963,Home Loan,4697619,11.93,120,2024-03-29,Pending,546.0,No
CUST02349,Nikhil Jain,55,Male,Patna,Self-employed,2236299.0,LN002349,Home Loan,2336151,16.83,36,2023-04-10,Rejected,746.0,No
CUST01192,Nikhil Verma,25,Male,Varanasi,Self-employed,1675270.0,LN001192,Auto Loan,457678,9.45,180,2023-10-05,Approved,806.0,Yes
CUST00585,Neha Mehta,31,Female,Hyderabad,Salaried,715888.0,LN000585,Home Loan,4718446,16.4,84,2023-07-24,Approved,640.0,Yes
CUST01646,Pooja Gupta,56,Male,Mumbai,Self-employed,467506.0,LN001646,Personal Loan,412895,15.91,24,2024-07-01,Approved,749.0,No
CUST01992,Neha Singh,63,Male,Hyderabad,Student,222734.0,LN001992,Education Loan,669305,7.37,84,2024-08-16,Pending,684.0,No
CUST02841,Aman Das,50,Male,Lucknow,Government Employee,721806.0,LN002841,Home Loan,2606590,8.43,12,2023-02-05,Rejected,763.0,No
CUST02550,Riya Kumar,29,Female,Varanasi,Self-employed,2149577.0,LN002550,Education Loan,527958,11.81,36,2025-11-19,Pending,687.0,No
CUST01105,Vikram Joshi,52,Male,Delhi,Salaried,745345.0,LN001105,Personal Loan,561474,8.68,24,2023-07-07,Pending,633.0,No
CUST00582,Pooja Patel,27,Female,Ahmedabad,Student,251832.0,LN000582,Gold Loan,181436,18.13,180,2023-03-14,Approved,677.0,No
CUST01014,Karan Agarwal,64,Male,Indore,Business Owner,3275656.0,LN001014,Gold Loan,240690,11.83,48,2025-12-28,Rejected,666.0,No
CUST00773,Priya Mehta,54,Male,Mumbai,Self-employed,2321572.0,LN000773,Business Loan,916323,15.48,12,2025-12-04,Approved,580.0,No
CUST03213,Aman Singh,55,Male,Varanasi,Student,400847.0,LN003213,Auto Loan,480637,15.9,12,2023-07-30,Rejected,626.0,No
CUST01325,Riya Mishra,34,Female,Delhi,Self-employed,1430065.0,LN001325,Personal Loan,244661,9.75,48,2024-01-30,Approved,596.0,No
CUST01149,Ananya Jain,47,Male,Lucknow,Self-employed,786776.0,LN001149,Home Loan,2441089,8.68,180,2025-04-01,Approved,850.0,No
CUST01760,Ananya Verma,41,Female,Pune,Student,366447.0,LN001760,Personal Loan,178934,16.86,48,2024-02-03,Rejected,655.0,No
CUST02577,Aditya Jain,56,Female,Indore,Salaried,1969180.0,LN002577,Auto Loan,1286347,11.74,36,2025-04-20,Pending,622.0,No
CUST02209,Priya Kumar,54,Female,Mumbai,Salaried,2251508.0,LN002209,Personal Loan,271760,15.86,36,2024-01-04,Approved,799.0,No
CUST00944,Sneha Das,54,Male,Ahmedabad,Self-employed,730846.0,LN000944,Personal Loan,607524,17.4,36,2023-09-17,Approved,774.0,No
CUST03157,Ananya Mehta,38,Male,Patna,Business Owner,1306824.0,LN003157,Home Loan,1300586,10.71,120,2023-11-03,Approved,574.0,No
CUST03097,Sneha Shah,41,Female,Patna,Student,165836.0,LN003097,Personal Loan,874128,11.74,36,2024-06-07,Approved,,Yes
CUST00919,Simran Jain,53,Male,Indore,Student,374259.0,LN000919,Auto Loan,263436,14.75,48,2025-07-13,Approved,631.0,No
CUST03115,Vikram Agarwal,38,Male,Pune,Salaried,2300023.0,LN003115,Auto Loan,431805,9.41,360,2024-07-29,Rejected,543.0,Yes
CUST01949,Nikhil Roy,48,Male,Patna,Salaried,1054289.0,LN001949,Business Loan,1811335,8.23,36,2025-08-16,Approved,850.0,No
CUST02920,Rohan Yadav,55,Female,Chandigarh,Salaried,243871.0,LN002920,Auto Loan,932032,8.72,12,2025-11-22,Rejected,650.0,No
CUST03203,Vivaan Joshi,48,Male,Delhi,Salaried,2455223.0,LN003203,Home Loan,3644358,11.0,120,2024-04-22,Pending,711.0,No
CUST03245,Riya Das,21,Male,Delhi,Self-employed,2173411.0,LN003245,Personal Loan,352776,13.38,36,2023-12-30,Approved,677.0,No
CUST01416,Rahul Roy,33,Female,Lucknow,Self-employed,2178556.0,LN001416,Home Loan,1283338,12.38,120,2023-03-25,Approved,789.0,Yes
CUST00973,Vikram Das,34,Male,Kolkata,Government Employee,391954.0,LN000973,Auto Loan,1094545,11.91,12,2025-09-18,Approved,630.0,No
CUST00430,Kavya Mishra,41,Female,Bengaluru,Salaried,1409351.0,LN000430,Home Loan,1271678,11.11,120,2024-11-14,Approved,698.0,Yes
CUST03360,Nikhil Gupta,50,Female,Chandigarh,Student,198806.0,LN003360,Personal Loan,832722,7.45,36,2025-03-25,Approved,720.0,Yes
CUST02220,Karan Singh,63,Male,Bengaluru,Business Owner,3085677.0,LN002220,Business Loan,3247123,8.95,36,2023-10-27,Approved,607.0,No
CUST00737,Simran Sharma,30,Female,Indore,Self-employed,2421687.0,LN000737,Auto Loan,799822,16.59,120,2025-07-26,Rejected,635.0,No
CUST00682,Rahul Mishra,65,Male,Varanasi,Student,442038.0,LN000682,Auto Loan,987876,9.91,120,2023-06-04,Approved,826.0,No
CUST00364,Sneha Singh,58,Female,Delhi,Salaried,1598314.0,LN000364,Auto Loan,442007,8.48,60,2023-05-26,Rejected,644.0,No
CUST02634,Simran Agarwal,59,Male,Chennai,Salaried,1377445.0,LN002634,Personal Loan,461286,10.72,24,2024-11-08,Approved,788.0,Yes
CUST00102,Rahul Jain,37,Female,Ahmedabad,Salaried,958513.0,LN000102,Auto Loan,310081,12.52,84,2023-01-11,Rejected,713.0,No
CUST00441,Rahul Sharma,33,Female,Jaipur,Salaried,1435959.0,LN000441,Business Loan,2413687,12.82,180,2024-04-05,Under Review,604.0,Yes
CUST01606,Rahul Agarwal,53,Male,Chandigarh,Salaried,978713.0,LN001606,Home Loan,2496992,13.85,240,2024-06-06,Rejected,509.0,Yes
CUST03288,Aarav Verma,59,Female,Ahmedabad,Salaried,199939.0,LN003288,Personal Loan,107512,10.26,12,2023-01-16,Rejected,727.0,No
CUST02994,Priya Das,61,Female,Hyderabad,Salaried,923963.0,LN002994,Gold Loan,698879,13.19,120,2023-02-08,Approved,685.0,No
CUST00202,Karan Gupta,34,Male,Delhi,Self-employed,594299.0,LN000202,Business Loan,3976158,13.8,120,2023-12-31,Approved,813.0,No
CUST00112,Nikhil Shah,21,Female,Lucknow,Government Employee,361367.0,LN000112,Personal Loan,958182,12.22,360,2024-09-21,Approved,566.0,No
CUST03106,Kavya Joshi,29,Male,Bengaluru,Business Owner,846512.0,LN003106,Home Loan,2990705,10.0,180,2024-01-11,Approved,635.0,No
CUST03449,Rahul Gupta,50,Female,Chennai,Salaried,1225614.0,LN003449,Auto Loan,210965,12.9,360,2023-07-08,Rejected,575.0,No
CUST03372,Riya Patel,38,Male,Varanasi,Salaried,765988.0,LN003372,Personal Loan,311787,10.88,12,2024-09-30,Approved,677.0,Yes
CUST01842,Rahul Yadav,64,Male,Hyderabad,Student,180044.0,LN001842,Education Loan,718580,11.68,24,2023-10-11,Rejected,711.0,No
CUST02869,Karan Sharma,62,Female,Indore,Government Employee,1065694.0,LN002869,Business Loan,3633930,9.16,36,2024-03-15,Approved,614.0,No
CUST01008,Aman Kumar,52,Male,Chandigarh,,632889.0,LN001008,Home Loan,1236060,10.52,180,2023-01-20,Pending,586.0,No
CUST02516,Vivaan Sharma,55,Female,Chandigarh,Salaried,2365385.0,LN002516,Business Loan,815690,11.24,360,2023-09-10,Pending,740.0,No
CUST01241,Rahul Shah,21,Male,Patna,Salaried,1663704.0,LN001241,Business Loan,3863663,14.03,120,2024-11-07,Approved,684.0,No
CUST03364,Arjun Yadav,35,Male,Jaipur,Salaried,2176785.0,LN003364,Auto Loan,1188173,15.62,36,2023-01-04,Approved,690.0,No
CUST03128,Arjun Jain,37,Male,Chennai,Student,385304.0,LN003128,Home Loan,5051022,12.5,12,2024-11-16,Rejected,659.0,No
CUST00089,Priya Jain,62,Female,Bengaluru,Self-employed,1219504.0,LN000089,Home Loan,2905058,13.18,240,2024-08-02,Rejected,637.0,No
CUST00531,Ananya Roy,30,Male,Delhi,Business Owner,1033389.0,LN000531,Personal Loan,158684,10.47,36,2025-09-21,Approved,672.0,No
CUST02047,Rohan Kumar,48,Male,Kolkata,Salaried,1783701.0,LN002047,Gold Loan,85495,10.09,360,2024-04-02,Approved,805.0,No
CUST00486,Karan Patel,55,Female,Hyderabad,Self-employed,1336300.0,LN000486,Home Loan,2123957,16.4,60,2024-04-12,Approved,739.0,No
CUST02006,Nikhil Mishra,38,Male,Mumbai,Salaried,2165963.0,LN002006,Personal Loan,364888,15.84,240,2024-08-23,Approved,669.0,No
CUST02126,Pooja Roy,63,Female,Ahmedabad,Salaried,714119.0,LN002126,Gold Loan,285428,12.16,12,2025-07-11,Approved,793.0,No
CUST01381,Aarav Gupta,22,Female,Patna,Government Employee,1488977.0,LN001381,Auto Loan,1589099,14.25,84,2023-05-09,Approved,702.0,Yes
CUST02118,Aman Roy,58,Male,Chennai,Government Employee,487930.0,LN002118,Personal Loan,372866,11.85,60,2025-08-16,Approved,715.0,No
CUST01292,Arjun Agarwal,35,Male,Bengaluru,Salaried,2092768.0,LN001292,Education Loan,904350,11.94,360,2024-04-19,Approved,809.0,No
CUST01298,Isha Jain,28,,Kolkata,Government Employee,622233.0,LN001298,Business Loan,3760315,10.25,120,2024-09-15,Approved,802.0,No
CUST01629,Vikram Patel,50,Male,Bengaluru,Salaried,729247.0,LN001629,Home Loan,2316405,11.41,180,2025-04-05,Approved,739.0,No
CUST02185,Rahul Roy,34,Male,Jaipur,Salaried,1453471.0,LN002185,Education Loan,1444221,16.13,120,2025-09-14,Approved,776.0,No
CUST03410,Arjun Patel,55,Female,Chandigarh,Salaried,1225126.0,LN003410,Auto Loan,990923,8.62,360,2025-04-06,Approved,,No
CUST00346,Rohan Sharma,39,Male,Bhopal,Salaried,947610.0,LN000346,Auto Loan,1454397,8.71,36,2024-07-12,Rejected,740.0,No
CUST03470,Ananya Agarwal,43,Male,Varanasi,,2163767.0,LN003470,Gold Loan,539056,10.83,360,2025-08-10,Approved,617.0,No
CUST03239,Priya Kumar,34,Female,Hyderabad,Salaried,1671729.0,LN003239,Gold Loan,357220,10.02,60,2025-07-06,Pending,589.0,No
CUST02861,Kavya Sharma,27,Male,Patna,Salaried,2355424.0,LN002861,Gold Loan,391676,12.86,48,2024-01-24,Rejected,844.0,No
CUST03236,Aditya Mishra,65,Female,Mumbai,Business Owner,2110944.0,LN003236,Gold Loan,480046,14.98,120,2025-12-15,Approved,630.0,No
CUST03267,Karan Jain,52,Female,Delhi,Student,464226.0,LN003267,Business Loan,3576830,13.42,360,2025-04-27,Rejected,545.0,Yes
CUST02263,Ananya Mehta,55,Female,Delhi,Business Owner,3239844.0,LN002263,Gold Loan,450563,8.21,240,2025-11-09,Rejected,587.0,No
CUST02258,Nikhil Das,43,Female,Patna,Salaried,254493.0,LN002258,Personal Loan,988450,15.75,180,2024-03-19,Approved,690.0,No
CUST03400,Ananya Mishra,28,Female,Jaipur,Salaried,403031.0,LN003400,Auto Loan,1467650,15.22,180,2023-04-23,Rejected,773.0,No
CUST03452,Nikhil Roy,30,Female,Jaipur,Salaried,783451.0,LN003452,Auto Loan,1163834,12.73,84,2023-08-16,Approved,806.0,No
CUST03014,Vivaan Jain,51,Female,Bengaluru,Student,497580.0,LN003014,Business Loan,1025611,11.65,24,2024-11-07,Pending,736.0,No
CUST01259,Aman Kumar,33,Male,Bengaluru,Student,426935.0,LN001259,Personal Loan,739186,10.1,180,2024-06-06,Approved,799.0,No
CUST03360,Nikhil Gupta,50,Female,Chandigarh,Student,198806.0,LN003360,Personal Loan,832722,7.45,36,2025-03-25,Approved,720.0,Yes
CUST03204,Simran Patel,57,Male,Hyderabad,Salaried,866831.0,LN003204,Home Loan,2101207,17.27,120,2023-11-20,Approved,770.0,No
CUST02182,Sneha Roy,58,Male,Kolkata,Student,168554.0,LN002182,Auto Loan,917423,8.55,180,2023-09-26,Approved,750.0,No
CUST00772,Aman Gupta,38,Male,Jaipur,Salaried,1163276.0,LN000772,Home Loan,3760669,12.72,360,2024-01-11,Approved,615.0,No
CUST03045,Aman Singh,25,Female,Delhi,Student,126591.0,LN003045,Personal Loan,647532,10.28,36,2023-05-02,Rejected,696.0,No
CUST01806,Neha Singh,30,Female,Patna,Salaried,2278215.0,LN001806,Home Loan,967115,8.71,120,2025-06-02,Pending,730.0,No
CUST00432,Rohan Das,56,Female,Hyderabad,Government Employee,1380132.0,LN000432,Gold Loan,727236,17.99,120,2024-02-28,Approved,722.0,No
CUST02628,Vivaan Yadav,27,Male,Delhi,Self-employed,2344204.0,LN002628,Education Loan,1117212,11.72,24,2024-11-29,Pending,672.0,Yes
CUST01081,Sneha Joshi,25,Female,Lucknow,Salaried,2205710.0,LN001081,Education Loan,373006,12.12,48,2024-11-04,Rejected,604.0,No
CUST01953,Ananya Mehta,45,Female,Delhi,Student,422754.0,LN001953,Gold Loan,183225,9.28,360,2024-10-06,Pending,574.0,No
CUST02706,Rahul Das,34,Male,Varanasi,Business Owner,553886.0,LN002706,Personal Loan,185688,14.27,360,2023-05-10,Approved,763.0,No
CUST00779,Sneha Singh,39,Female,Patna,Salaried,1973493.0,LN000779,Personal Loan,624839,13.75,48,2023-12-03,Approved,693.0,No
CUST02876,Isha Yadav,47,Male,Ahmedabad,Salaried,491299.0,LN002876,Personal Loan,184362,7.88,36,2023-08-04,Approved,604.0,No
CUST00601,Rohan Yadav,39,Male,Chandigarh,Student,487482.0,LN000601,Personal Loan,709599,16.6,36,2025-05-19,Approved,770.0,No
CUST01041,Pooja Roy,52,Male,Chandigarh,Self-employed,1628811.0,LN001041,Personal Loan,922582,18.48,60,2024-02-08,Approved,667.0,No
CUST02391,Vikram Das,48,Male,Kolkata,Student,427780.0,LN002391,Auto Loan,1042184,7.59,24,2023-03-19,Rejected,633.0,No
CUST00452,Kavya Kumar,46,Male,Hyderabad,Business Owner,927340.0,LN000452,Auto Loan,1397486,10.08,180,2023-09-28,Approved,735.0,No
CUST02690,Karan Verma,40,Female,Ahmedabad,Self-employed,1457185.0,LN002690,Education Loan,1383846,10.06,360,2023-09-22,Approved,732.0,No
CUST01666,Vikram Mishra,33,Female,Patna,Government Employee,1474766.0,LN001666,Home Loan,4293605,17.36,84,2023-07-16,Under Review,629.0,No
CUST00770,Aarav Joshi,47,Female,Kolkata,Salaried,1770745.0,LN000770,Business Loan,1716384,16.48,24,2025-06-15,Approved,556.0,No
CUST01140,Vikram Sharma,50,Female,Patna,Self-employed,1933702.0,LN001140,Personal Loan,807154,9.68,48,2023-10-03,Rejected,662.0,No
CUST01588,Nikhil Kumar,37,Female,Lucknow,Business Owner,1558196.0,LN001588,Personal Loan,282816,11.76,60,2023-01-08,Approved,776.0,No
CUST03161,Aditya Singh,48,Male,Pune,Student,301328.0,LN003161,Personal Loan,912307,10.99,24,2024-06-02,Under Review,659.0,No
CUST02772,Arjun Kumar,40,Female,Mumbai,Self-employed,860153.0,LN002772,Auto Loan,1496903,9.37,60,2024-08-26,Approved,669.0,No
CUST03309,Aman Verma,28,Male,Chennai,Business Owner,2730539.0,LN003309,Home Loan,1278981,12.05,120,2023-05-24,Approved,674.0,Yes
CUST01346,Meera Verma,60,Male,Hyderabad,Business Owner,3366212.0,LN001346,Auto Loan,1631510,15.68,24,2024-05-04,Pending,636.0,No
CUST02893,Riya Jain,29,Female,Pune,Business Owner,2925646.0,LN002893,Home Loan,3441817,,120,2023-04-15,Pending,687.0,No
CUST02939,Karan Joshi,35,Female,Bhopal,Salaried,2109666.0,LN002939,Home Loan,1205631,13.24,84,2023-07-09,Rejected,679.0,No
CUST00068,Isha Mishra,44,Male,Hyderabad,Self-employed,2216915.0,LN000068,Personal Loan,268967,10.58,84,2024-10-27,Approved,515.0,Yes
CUST03257,Nikhil Verma,45,Male,Varanasi,Business Owner,1711800.0,LN003257,Gold Loan,348162,14.2,12,2025-12-07,Approved,789.0,No
CUST02237,Rohan Joshi,28,Male,Bengaluru,Government Employee,798488.0,LN002237,Home Loan,903250,7.64,60,2025-03-10,Rejected,620.0,No
CUST02065,Vikram Patel,23,Female,Indore,Government Employee,1025458.0,LN002065,Auto Loan,1154355,8.92,84,2024-06-24,Rejected,622.0,No
CUST01937,Priya Gupta,63,Male,Ahmedabad,Salaried,2462142.0,LN001937,Home Loan,3346840,17.05,120,2023-09-12,Rejected,696.0,No
CUST00113,Neha Joshi,21,Female,Varanasi,Self-employed,1645291.0,LN000113,Education Loan,313567,13.96,60,2023-06-14,Pending,592.0,No
CUST01640,Riya Mishra,59,Female,Indore,Student,447461.0,LN001640,Personal Loan,433205,11.31,84,2025-06-10,Rejected,810.0,Yes
CUST00798,Kavya Yadav,52,Female,Bengaluru,Salaried,1141273.0,LN000798,Gold Loan,694467,8.94,48,2025-09-18,Approved,711.0,No
CUST03268,Rahul Das,62,Male,Kolkata,Student,134294.0,LN003268,Personal Loan,714564,14.69,36,2024-04-13,Approved,578.0,No
CUST02368,Arjun Verma,63,Female,Pune,Salaried,312872.0,LN002368,Auto Loan,1236477,12.38,180,2023-12-19,Approved,673.0,No
CUST03214,Aditya Yadav,43,Female,Bhopal,Salaried,1089829.0,LN003214,Home Loan,4593319,12.98,24,2025-02-27,Under Review,660.0,No
CUST02532,Riya Gupta,21,Male,Varanasi,Government Employee,1050105.0,LN002532,Auto Loan,867475,11.81,84,2025-10-09,Approved,544.0,No
CUST00479,Priya Mishra,50,Female,Bhopal,Self-employed,987040.0,LN000479,Auto Loan,1187886,12.86,60,2025-08-01,Approved,624.0,No
CUST00820,Priya Gupta,24,Male,Chennai,Salaried,199416.0,LN000820,Home Loan,1502356,10.46,48,2025-01-23,Under Review,607.0,Yes
CUST03311,Rahul Das,51,Male,Bengaluru,Self-employed,1492832.0,LN003311,Personal Loan,732925,7.32,48,2025-12-11,Approved,651.0,No
CUST00120,Rahul Agarwal,21,Male,Bengaluru,Salaried,844468.0,LN000120,Personal Loan,736684,12.16,12,2025-01-05,Approved,679.0,No
CUST03040,Priya Sharma,57,Male,Jaipur,Government Employee,752175.0,LN003040,Home Loan,1444593,9.52,60,2024-08-10,Approved,637.0,No
CUST00806,Rahul Kumar,58,Male,Bhopal,Business Owner,1489067.0,LN000806,Home Loan,2445589,15.38,180,2025-08-12,Approved,607.0,No
CUST02295,Vivaan Das,27,Male,Hyderabad,Self-employed,2156699.0,LN002295,Gold Loan,702968,9.04,360,2025-06-22,Approved,705.0,Yes
CUST01615,Aditya Shah,48,,Pune,Student,484983.0,LN001615,Personal Loan,397367,13.84,24,2024-06-27,Approved,607.0,Yes
CUST02461,Rahul Das,40,Female,Mumbai,Business Owner,1115382.0,LN002461,Education Loan,425913,11.01,84,2024-10-01,Approved,817.0,No
CUST02957,Riya Kumar,40,Female,Varanasi,Government Employee,786632.0,LN002957,Auto Loan,1237424,10.29,84,2025-06-23,Approved,771.0,No
CUST02252,Meera Mehta,24,Male,Kolkata,Salaried,433010.0,LN002252,Personal Loan,448844,8.98,120,2024-09-14,Approved,722.0,No
CUST02341,Neha Mishra,44,Male,Varanasi,Salaried,676085.0,LN002341,Personal Loan,329117,7.98,24,2024-03-21,Under Review,639.0,No
CUST02162,Riya Verma,42,Female,Pune,Government Employee,761221.0,LN002162,Personal Loan,279005,14.48,60,2023-10-12,Approved,782.0,No
CUST02353,Riya Jain,33,Male,Kolkata,Salaried,2074588.0,LN002353,Auto Loan,958476,11.94,48,2023-04-03,Approved,688.0,No
CUST01919,Pooja Das,65,Female,Chandigarh,Salaried,371775.0,LN001919,Home Loan,4260812,10.56,36,2024-06-30,Approved,742.0,No
CUST01981,Aditya Kumar,43,Male,Indore,Government Employee,827966.0,LN001981,Gold Loan,667343,15.94,48,2023-08-21,Approved,756.0,Yes
CUST02409,Karan Patel,27,Male,Hyderabad,Student,303214.0,LN002409,Auto Loan,1443294,10.36,12,2023-01-06,Approved,754.0,Yes
CUST03079,Rahul Das,37,Male,Bengaluru,Salaried,427725.0,LN003079,Auto Loan,600659,13.93,48,2023-05-19,Approved,639.0,No
CUST02742,Isha Yadav,51,Male,Ahmedabad,Salaried,708777.0,LN002742,Gold Loan,655562,16.85,360,2024-07-23,Rejected,543.0,No
CUST02271,Aditya Gupta,60,Male,Hyderabad,Self-employed,730575.0,LN002271,Personal Loan,481813,18.21,120,2023-01-26,Approved,679.0,No
CUST02267,Vikram Gupta,38,Male,Mumbai,Student,453308.0,LN002267,Home Loan,3673760,12.91,24,2025-03-03,Approved,729.0,No
CUST02114,Rohan Mehta,60,Female,Delhi,Government Employee,975078.0,LN002114,Education Loan,616307,10.94,36,2024-06-24,Approved,589.0,No
CUST01898,Vikram Sharma,60,Male,Indore,Salaried,1276949.0,LN001898,Business Loan,3926284,15.66,48,2025-05-13,Approved,569.0,No
CUST01169,Rahul Joshi,61,Female,Kolkata,Salaried,2375383.0,LN001169,Home Loan,3629707,11.91,12,2025-05-27,Pending,603.0,No
CUST02892,Arjun Agarwal,39,Male,Indore,Business Owner,3151436.0,LN002892,Home Loan,3731149,15.48,36,2025-07-09,Rejected,640.0,
CUST00144,Vivaan Patel,29,Male,Kolkata,Student,315713.0,LN000144,Personal Loan,187244,10.21,24,2023-08-20,Approved,623.0,No
CUST01417,Kavya Das,57,Male,Ahmedabad,Self-employed,1602991.0,LN001417,Personal Loan,877307,13.61,60,2024-10-03,Pending,663.0,No
CUST02172,Meera Mehta,23,Female,Indore,Salaried,2350068.0,LN002172,Auto Loan,1759652,16.97,36,2025-07-31,Approved,712.0,Yes
CUST01712,Aman Patel,46,Female,Bengaluru,Salaried,1576042.0,LN001712,Business Loan,708914,15.18,60,2025-04-25,Pending,653.0,Yes
CUST03471,Priya Mehta,27,Male,Mumbai,Self-employed,2019138.0,LN003471,Gold Loan,364837,7.96,24,2024-10-17,Rejected,685.0,No
CUST02344,Nikhil Singh,34,Female,Bhopal,Salaried,892622.0,LN002344,Personal Loan,919947,9.07,48,2025-07-09,Approved,714.0,No
CUST00053,Aarav Kumar,56,Female,Chennai,Self-employed,717198.0,LN000053,Education Loan,181264,10.88,48,2023-11-11,Under Review,539.0,Yes
CUST03250,Rahul Mishra,43,Male,Lucknow,Salaried,2385443.0,LN003250,Business Loan,2330842,8.69,360,2023-04-27,Approved,683.0,Yes
CUST00710,Vikram Mishra,59,Male,Bhopal,Student,141101.0,LN000710,Education Loan,1221299,11.77,60,2025-11-23,Approved,787.0,Yes
CUST00732,Rohan Shah,33,Female,Bengaluru,Salaried,690559.0,LN000732,Business Loan,3190978,15.68,360,2025-10-01,Approved,559.0,Yes
CUST02543,Aditya Roy,27,Female,Bengaluru,Government Employee,956853.0,LN002543,Home Loan,1801021,9.05,48,2023-04-19,Approved,675.0,Yes
CUST03255,Aditya Shah,38,Female,Lucknow,Self-employed,1725250.0,LN003255,Personal Loan,599228,11.26,360,2023-07-09,Approved,682.0,Yes
CUST00203,Priya Singh,37,Female,Patna,Government Employee,402239.0,LN000203,Personal Loan,614798,12.87,120,2024-12-20,Rejected,679.0,Yes
CUST00573,Neha Jain,40,Male,Patna,Salaried,343944.0,LN000573,Personal Loan,643391,14.92,60,2023-04-11,Pending,671.0,No
CUST00075,Sneha Jain,50,Male,Lucknow,Salaried,2415307.0,LN000075,Home Loan,2783851,16.2,12,2024-06-09,Rejected,762.0,No
CUST02314,Ananya Das,64,Male,Lucknow,Business Owner,2629235.0,LN002314,Gold Loan,525824,14.99,180,2023-11-15,Approved,664.0,Yes
CUST00041,Vivaan Agarwal,37,Female,Bhopal,Salaried,497428.0,LN000041,Business Loan,990907,7.88,84,2025-06-01,Rejected,641.0,No
CUST01362,Sneha Mehta,64,Female,Ahmedabad,Business Owner,2796123.0,LN001362,Personal Loan,642734,12.44,60,2024-05-26,Approved,661.0,No
CUST00110,Ananya Das,32,Female,Mumbai,Salaried,440116.0,LN000110,Education Loan,1044994,15.92,48,2025-01-21,Rejected,695.0,No
CUST02310,Priya Sharma,22,Female,Pune,Government Employee,1126581.0,LN002310,Personal Loan,653318,13.23,60,2025-11-12,Approved,660.0,No
CUST00163,Neha Mishra,40,Male,Patna,Self-employed,2196106.0,LN000163,Home Loan,5828035,7.99,24,2024-11-02,Approved,770.0,No
CUST02336,Rahul Singh,36,Female,Lucknow,Salaried,494710.0,LN002336,Personal Loan,914872,15.44,48,2024-10-28,Rejected,727.0,No
CUST01709,Arjun Das,34,Female,Kolkata,Salaried,1408404.0,LN001709,Business Loan,369064,17.82,24,2023-11-01,Approved,739.0,No
CUST02562,Ananya Das,50,Male,Kolkata,Self-employed,1945629.0,LN002562,Home Loan,1761091,10.35,240,2024-07-13,Rejected,683.0,No
CUST01156,Ananya Sharma,40,Male,Bhopal,Government Employee,430374.0,LN001156,Home Loan,1524568,8.23,180,2024-07-05,Approved,606.0,No
CUST02542,Rahul Patel,38,Male,Chandigarh,Salaried,425971.0,LN002542,Home Loan,2362537,14.45,360,2023-12-02,Under Review,633.0,No
CUST02626,Kavya Gupta,33,Female,Bengaluru,Salaried,515580.0,LN002626,Personal Loan,684097,18.03,24,2025-07-06,Approved,788.0,Yes
CUST02181,Riya Das,38,Female,Kolkata,Self-employed,1712202.0,LN002181,Gold Loan,168254,15.43,240,2024-05-16,Approved,759.0,Yes
CUST02123,Pooja Singh,47,Male,Pune,,1720927.0,LN002123,Home Loan,5964441,10.75,180,2023-01-11,Approved,716.0,No
CUST03376,Isha Jain,60,Female,Chennai,Self-employed,318639.0,LN003376,Auto Loan,1723228,14.48,36,2024-03-31,Under Review,534.0,Yes
CUST00617,Rahul Jain,37,Male,Chennai,Salaried,2070252.0,LN000617,Education Loan,859848,14.15,60,2023-03-10,Approved,663.0,No
CUST02075,Rohan Yadav,44,Male,Patna,Salaried,712586.0,LN002075,Business Loan,3452208,11.29,240,2024-04-18,Rejected,850.0,No
CUST01042,Vivaan Singh,21,Female,Pune,Salaried,972047.0,LN001042,Personal Loan,422908,15.28,84,2025-01-30,Approved,746.0,No
CUST01040,Sneha Gupta,32,Female,Kolkata,Salaried,2475339.0,LN001040,Personal Loan,940728,16.54,24,2025-10-01,Under Review,594.0,No
CUST02067,Karan Singh,60,Male,Hyderabad,Salaried,521882.0,LN002067,Home Loan,1267548,8.75,24,2023-08-19,Approved,701.0,No
CUST01527,Aditya Agarwal,57,Female,Jaipur,Self-employed,1008444.0,LN001527,Auto Loan,639854,16.23,180,2025-06-16,Approved,639.0,No
CUST03148,Simran Gupta,45,Female,Indore,Student,495055.0,LN003148,Personal Loan,450733,12.39,120,2024-12-17,Approved,795.0,No
CUST00207,Vikram Singh,58,Female,Pune,Salaried,1372097.0,LN000207,Business Loan,537199,15.17,180,2023-04-21,Approved,602.0,No
CUST03134,Kavya Das,44,Male,Varanasi,Self-employed,2382499.0,LN003134,Business Loan,3069701,17.87,24,2025-12-27,Approved,690.0,No
CUST03335,Aman Gupta,34,Male,Patna,Government Employee,1214704.0,LN003335,Business Loan,494886,16.05,360,2023-06-26,Pending,708.0,No
CUST00299,Aarav Agarwal,24,Female,Jaipur,Salaried,1752138.0,LN000299,Personal Loan,276572,18.39,360,2023-09-09,Approved,755.0,No
CUST03176,Sneha Shah,40,Female,Chennai,Self-employed,1140196.0,LN003176,Auto Loan,695245,15.11,12,2025-06-01,Approved,774.0,No
CUST00412,Isha Mehta,40,Female,Patna,Self-employed,2175633.0,LN000412,Personal Loan,699837,11.03,180,2023-11-05,Approved,598.0,No
CUST00850,Simran Patel,39,Male,Chandigarh,Self-employed,1805306.0,LN000850,Auto Loan,1429331,12.86,24,2025-03-11,Approved,621.0,No
CUST01996,Pooja Jain,23,Male,Chandigarh,Business Owner,902777.0,LN001996,Personal Loan,598497,9.01,60,2023-07-01,Rejected,618.0,No
CUST02585,Rohan Kumar,62,Female,Pune,Business Owner,491182.0,LN002585,Personal Loan,873651,13.45,48,2025-07-05,Approved,612.0,No
CUST02357,Rahul Singh,46,Male,Mumbai,Salaried,632468.0,LN002357,Personal Loan,451549,8.3,180,2025-06-01,Approved,781.0,No
CUST00747,Neha Gupta,25,Female,Indore,Salaried,677165.0,LN000747,Home Loan,2518340,7.88,180,2023-05-12,Approved,632.0,No
CUST02230,Aditya Singh,26,Male,Patna,Salaried,1461426.0,LN002230,Home Loan,4078665,13.77,24,2023-02-27,Approved,711.0,
CUST02286,Karan Yadav,33,Male,Bhopal,Salaried,2030391.0,LN002286,Home Loan,5376249,14.52,120,2023-01-26,Approved,560.0,No
CUST00434,Simran Sharma,35,Male,Delhi,Salaried,1846312.0,LN000434,Business Loan,3626871,10.86,36,2025-03-05,Approved,670.0,No
CUST00693,Nikhil Patel,23,Female,Lucknow,Government Employee,1423586.0,LN000693,Education Loan,1443319,13.24,60,2025-12-24,Rejected,708.0,No
CUST02834,Neha Roy,24,Male,Bhopal,Salaried,634525.0,LN002834,Auto Loan,1032048,14.1,84,2025-08-07,Rejected,850.0,No
CUST00922,Aman Shah,24,Female,Chandigarh,Salaried,531771.0,LN000922,Personal Loan,302641,13.45,12,2025-06-02,Approved,795.0,No
CUST01038,Simran Das,29,Male,Jaipur,,1499762.0,LN001038,Auto Loan,433269,12.82,84,2025-04-25,Rejected,831.0,No
CUST02362,Karan Sharma,34,Male,Patna,Student,340156.0,LN002362,Education Loan,1327163,7.07,60,2025-03-15,Approved,768.0,No
CUST00334,Pooja Joshi,27,Male,Delhi,Salaried,2010288.0,LN000334,Business Loan,2141646,12.74,60,2023-04-19,Under Review,604.0,No
CUST00613,Isha Kumar,59,Female,Ahmedabad,Salaried,274702.0,LN000613,Personal Loan,164310,17.21,84,2025-03-30,Pending,571.0,No
CUST03209,Aditya Das,45,,Bengaluru,Self-employed,1496890.0,LN003209,Auto Loan,1566007,17.83,24,2024-05-07,Pending,525.0,No
CUST00724,Aarav Roy,63,Male,Indore,Government Employee,1201495.0,LN000724,Auto Loan,1030650,14.04,36,2025-03-28,Approved,674.0,No
CUST00793,Ananya Mishra,62,Female,Chandigarh,Business Owner,1110731.0,LN000793,Business Loan,3535188,13.8,24,2025-01-01,Rejected,661.0,No
CUST00201,Meera Verma,26,Male,Bengaluru,Salaried,1069497.0,LN000201,Gold Loan,88635,10.48,48,2024-02-11,Approved,686.0,No
CUST00728,Aarav Das,46,Female,Chennai,Salaried,1324584.0,LN000728,Home Loan,5263721,15.27,84,2024-10-23,Pending,614.0,No
CUST01995,Isha Verma,59,Male,Pune,Government Employee,715242.0,LN001995,Education Loan,658550,11.05,36,2025-05-11,Approved,732.0,No
CUST02649,Aditya Joshi,52,Male,Hyderabad,Business Owner,2966322.0,LN002649,Education Loan,595970,13.06,120,2024-06-27,Approved,709.0,No
CUST00143,Isha Jain,31,Female,Delhi,Self-employed,1873439.0,LN000143,Home Loan,1859325,15.48,180,2024-07-07,Pending,656.0,Yes
CUST01445,Rohan Mishra,45,Male,Lucknow,Self-employed,1458970.0,LN001445,Personal Loan,601834,13.87,36,2024-12-15,Approved,674.0,No
CUST00763,Kavya Singh,36,Female,Pune,Self-employed,2082151.0,LN000763,Home Loan,3947744,8.22,36,2024-04-20,Rejected,662.0,Yes
CUST01271,Priya Agarwal,37,Male,Delhi,Self-employed,263404.0,LN001271,Education Loan,608594,10.72,180,2024-01-10,Approved,742.0,No
CUST01538,Rohan Gupta,57,Male,Lucknow,Government Employee,332835.0,LN001538,Personal Loan,592474,12.34,36,2023-05-08,Under Review,626.0,No
CUST00768,Neha Sharma,56,Male,Ahmedabad,Salaried,1521814.0,LN000768,Business Loan,1204445,10.84,60,2024-04-18,Approved,659.0,No
CUST00857,Riya Mehta,61,Male,Ahmedabad,Government Employee,696608.0,LN000857,Personal Loan,874832,9.47,24,2025-02-28,Rejected,,No
CUST03286,Vikram Patel,32,Male,Delhi,Salaried,1880238.0,LN003286,Business Loan,3791900,10.75,180,2023-11-09,Approved,790.0,Yes
CUST01471,Rohan Das,54,Female,Indore,Salaried,1831210.0,LN001471,Personal Loan,352471,11.54,240,2025-05-07,Rejected,799.0,No
CUST00781,Pooja Verma,63,Female,Lucknow,Salaried,2152640.0,LN000781,Home Loan,2991987,10.98,84,2023-02-15,Rejected,756.0,No
CUST03173,Aarav Mehta,27,Female,Chennai,Salaried,290530.0,LN003173,Auto Loan,1217025,8.39,240,2024-10-11,Approved,647.0,No
CUST02257,Aarav Mehta,63,Male,Jaipur,Government Employee,950288.0,LN002257,Education Loan,492402,11.88,24,2024-05-13,Approved,659.0,No
CUST01163,Rohan Jain,43,Female,Bengaluru,Salaried,2324056.0,LN001163,Business Loan,3541069,11.09,84,2023-01-19,Rejected,637.0,Yes
CUST01632,Priya Singh,43,Male,Jaipur,Salaried,1815199.0,LN001632,Auto Loan,213564,18.47,360,2024-04-28,Approved,702.0,Yes
CUST02874,Aarav Das,24,Female,Mumbai,Business Owner,2100976.0,LN002874,Home Loan,3771505,16.34,24,2023-10-05,Pending,615.0,No
CUST00077,Vikram Agarwal,54,Male,Delhi,Self-employed,408504.0,LN000077,Personal Loan,575910,15.42,24,2023-09-25,Rejected,622.0,Yes
CUST00234,Isha Mishra,44,Male,Jaipur,Government Employee,1493918.0,LN000234,Personal Loan,112433,15.9,180,2025-10-24,Approved,568.0,No
CUST03394,Simran Gupta,53,Female,Indore,Salaried,1372637.0,LN003394,Auto Loan,582688,10.57,84,2025-11-09,Under Review,645.0,No
CUST01096,Vivaan Shah,40,Female,Bhopal,Self-employed,2202601.0,LN001096,Personal Loan,274388,14.75,84,2025-03-26,Rejected,494.0,No
CUST00257,Nikhil Mishra,30,Male,Chennai,Student,431537.0,LN000257,Business Loan,3087948,16.27,12,2023-07-15,Pending,674.0,No
CUST03198,Pooja Sharma,58,Female,Indore,Government Employee,1041205.0,LN003198,Gold Loan,576910,11.31,180,2025-03-16,Rejected,850.0,No
CUST02769,Neha Kumar,31,Female,Hyderabad,Self-employed,1797044.0,LN002769,Personal Loan,804648,16.34,180,2024-05-12,Pending,468.0,No
CUST01587,Kavya Singh,36,Male,Pune,Self-employed,2311886.0,LN001587,Personal Loan,399033,12.73,12,2024-07-29,Approved,743.0,Yes
CUST01694,Simran Roy,40,Male,Jaipur,Government Employee,397519.0,LN001694,Personal Loan,903113,18.22,48,2025-05-23,Rejected,658.0,Yes
CUST00233,Rohan Sharma,40,Male,Chandigarh,Self-employed,1723276.0,LN000233,Auto Loan,582680,7.38,240,2024-04-19,Approved,745.0,No
CUST02531,Simran Yadav,59,Female,Hyderabad,Government Employee,421865.0,LN002531,Personal Loan,765291,13.15,36,2024-08-13,Rejected,758.0,No
CUST00155,Sneha Gupta,24,Male,Pune,Salaried,1860403.0,LN000155,Business Loan,2070485,11.75,180,2025-05-20,Approved,562.0,No
CUST02330,Rohan Verma,29,Female,Lucknow,Self-employed,1704210.0,LN002330,Personal Loan,326212,18.06,60,2024-11-10,Approved,803.0,No
CUST03010,Aditya Mehta,60,Female,Mumbai,Self-employed,1779071.0,LN003010,Education Loan,623824,10.4,120,2024-04-15,Approved,761.0,Yes
CUST01942,Sneha Yadav,49,Male,Chennai,Salaried,2017892.0,LN001942,Auto Loan,1204199,12.79,180,2023-04-01,Approved,752.0,No
CUST02681,Riya Jain,59,Female,Ahmedabad,Salaried,2128392.0,LN002681,Personal Loan,721143,16.48,36,2025-07-15,Approved,651.0,No
CUST03158,Ananya Shah,62,Male,Jaipur,Self-employed,1640024.0,LN003158,Personal Loan,368726,7.84,120,2025-07-24,Approved,798.0,No
CUST02775,Karan Mishra,33,Female,Varanasi,Self-employed,678408.0,LN002775,Auto Loan,644722,8.99,24,2025-02-08,Rejected,696.0,No
CUST01710,Pooja Shah,31,Male,Ahmedabad,Salaried,1637896.0,LN001710,Personal Loan,356230,18.4,240,2023-02-03,Rejected,689.0,No
CUST00403,Meera Patel,34,Male,Bengaluru,Self-employed,1043787.0,LN000403,Auto Loan,499317,8.24,48,2023-05-03,Rejected,590.0,Yes
CUST02443,Rohan Mishra,44,Female,Chennai,Student,364429.0,LN002443,Business Loan,2631753,13.9,12,2025-12-27,Approved,639.0,No
CUST03193,Sneha Gupta,49,Male,Varanasi,Government Employee,491113.0,LN003193,Personal Loan,473528,9.38,240,2023-01-21,Rejected,689.0,No
CUST00409,Nikhil Patel,44,Female,Chennai,Salaried,553145.0,LN000409,Education Loan,494485,16.8,360,2025-12-10,Rejected,659.0,No
CUST02746,Arjun Joshi,21,Male,Hyderabad,Government Employee,554385.0,LN002746,Auto Loan,1190812,18.09,24,2024-05-21,Pending,540.0,No
CUST02522,Vivaan Yadav,34,Male,Hyderabad,Salaried,1180535.0,LN002522,Auto Loan,1446411,10.48,120,2023-09-29,Rejected,747.0,No
CUST00369,Pooja Agarwal,62,Male,Chennai,Government Employee,550231.0,LN000369,Personal Loan,591220,15.74,24,2024-07-25,Approved,748.0,Yes
CUST03125,Priya Das,53,Female,Delhi,Salaried,2076953.0,LN003125,Auto Loan,727884,14.28,36,2025-07-09,Approved,765.0,No
CUST01625,Nikhil Sharma,23,Male,Ahmedabad,Salaried,1307927.0,LN001625,Home Loan,4285652,14.65,180,2025-11-23,Approved,811.0,No
CUST01242,Aman Shah,54,Female,Mumbai,Government Employee,793915.0,LN001242,Personal Loan,214364,9.11,24,2024-07-22,Approved,710.0,No
CUST00749,Aarav Gupta,65,Male,Chandigarh,Student,129470.0,LN000749,Auto Loan,718596,14.24,84,2023-03-08,Rejected,835.0,No
CUST00387,Kavya Shah,23,Male,Indore,Business Owner,873656.0,LN000387,Home Loan,5611889,13.26,60,2023-11-17,Pending,726.0,No
CUST02770,Aman Das,32,Female,Hyderabad,Salaried,1372038.0,LN002770,Auto Loan,898867,11.69,48,2025-12-12,Rejected,850.0,Yes
CUST00351,Aman Agarwal,22,Male,Kolkata,Government Employee,777317.0,LN000351,Personal Loan,367942,18.02,120,2023-08-12,Approved,575.0,No
CUST02037,Meera Roy,65,Female,Chennai,Government Employee,1451049.0,LN002037,Personal Loan,273561,16.77,180,2024-05-11,Approved,707.0,No
CUST02485,Simran Patel,57,Female,Hyderabad,Salaried,238827.0,LN002485,Home Loan,1421014,16.11,240,2025-04-05,Approved,767.0,No
CUST03345,Vivaan Yadav,39,Female,Indore,Business Owner,554636.0,LN003345,Auto Loan,798161,17.59,120,2023-11-06,Approved,794.0,No
CUST02529,Pooja Gupta,57,Female,Pune,Business Owner,658985.0,LN002529,Home Loan,1050574,18.48,240,2024-07-21,Under Review,564.0,No
CUST00465,Priya Sharma,39,Male,Indore,Government Employee,1212977.0,LN000465,Personal Loan,136155,7.9,60,2024-05-20,Under Review,576.0,No
CUST00966,Priya Yadav,22,Male,Mumbai,Salaried,1709278.0,LN000966,Auto Loan,671564,10.41,84,2025-02-09,Approved,758.0,No
CUST02163,Aman Jain,24,Male,Mumbai,Salaried,2226899.0,LN002163,Personal Loan,767779,17.46,84,2023-03-23,Approved,670.0,No
CUST00130,Aditya Verma,28,Male,Bhopal,Government Employee,1343445.0,LN000130,Personal Loan,357257,10.83,84,2024-12-27,Approved,598.0,No
CUST00435,Ananya Patel,65,Female,Chandigarh,Self-employed,639822.0,LN000435,Home Loan,2614630,18.12,24,2024-11-09,Under Review,472.0,No
CUST01059,Priya Jain,33,Female,Chandigarh,Student,407437.0,LN001059,Home Loan,5130005,17.69,60,2023-02-07,Pending,768.0,No
CUST02545,Vivaan Shah,42,Male,Bhopal,Self-employed,354218.0,LN002545,Home Loan,4376131,9.24,60,2025-10-28,Approved,744.0,No
CUST00175,Vivaan Singh,38,Female,Jaipur,Government Employee,1453976.0,LN000175,Personal Loan,485071,12.42,36,2023-10-16,Approved,764.0,No
CUST00002,Kavya Joshi,58,,Bhopal,Salaried,283355.0,LN000002,Home Loan,2196025,13.03,240,2024-04-19,Rejected,672.0,No
CUST00542,Neha Gupta,59,Female,Mumbai,Government Employee,303196.0,LN000542,Auto Loan,1424585,16.05,180,2025-08-14,Approved,731.0,No
CUST01896,Priya Mehta,43,Female,Kolkata,Salaried,1937545.0,LN001896,Personal Loan,636646,8.27,48,2024-09-28,Approved,695.0,No
CUST02668,Riya Verma,30,Male,Mumbai,Business Owner,734691.0,LN002668,Personal Loan,104565,14.95,12,2023-04-10,Approved,653.0,No
CUST01000,Pooja Singh,40,Male,Chandigarh,Government Employee,910725.0,LN001000,Home Loan,2750908,16.1,48,2024-11-06,Approved,608.0,No
CUST00994,Isha Shah,51,Male,Delhi,Government Employee,966483.0,LN000994,Education Loan,424078,10.6,360,2023-05-01,Rejected,623.0,No
CUST02430,Neha Jain,47,Male,Kolkata,,1189279.0,LN002430,Gold Loan,702617,18.3,36,2025-03-05,Approved,687.0,No
CUST00685,Rahul Roy,49,Male,Chennai,Government Employee,640641.0,LN000685,Gold Loan,636400,11.88,84,2025-08-27,Rejected,651.0,No
CUST01179,Priya Agarwal,25,Female,Bengaluru,Salaried,843622.0,LN001179,Home Loan,5337671,17.51,12,2025-08-10,Approved,850.0,No
CUST03103,Neha Gupta,30,Male,Delhi,Salaried,1900592.0,LN003103,Auto Loan,1389864,12.31,36,2024-05-04,Under Review,689.0,Yes
CUST02154,Meera Yadav,31,Male,Chennai,Student,452022.0,LN002154,Personal Loan,130119,10.2,12,2023-03-25,Approved,764.0,No
CUST02744,Ananya Yadav,62,Female,Ahmedabad,Business Owner,3015174.0,LN002744,Auto Loan,1073964,15.84,24,2024-01-26,Approved,652.0,No
CUST02322,Sneha Jain,61,Male,Bhopal,Government Employee,396888.0,LN002322,Home Loan,4490630,10.16,48,2023-05-04,Approved,680.0,No
CUST01087,Kavya Verma,48,Male,Delhi,Student,157748.0,LN001087,Personal Loan,266452,11.39,120,2024-05-20,Approved,667.0,No
CUST00758,Vikram Kumar,32,Female,Pune,Salaried,507608.0,LN000758,Home Loan,3871536,8.27,36,2025-02-08,Approved,557.0,Yes
CUST01524,Sneha Das,44,Male,Hyderabad,Salaried,1661294.0,LN001524,Personal Loan,634791,8.62,60,2023-04-14,Approved,813.0,Yes
CUST03237,Karan Roy,45,Male,Ahmedabad,Government Employee,1156351.0,LN003237,Business Loan,623405,10.42,24,2025-02-23,Approved,694.0,Yes
CUST00804,Nikhil Joshi,48,Male,Kolkata,Self-employed,361136.0,LN000804,Business Loan,2939535,9.53,120,2023-05-01,Rejected,638.0,No
CUST01078,Pooja Sharma,47,Male,Ahmedabad,Salaried,1857577.0,LN001078,Personal Loan,676905,10.02,240,2025-09-01,Approved,684.0,Yes
CUST02887,Rohan Joshi,45,Female,Jaipur,Salaried,1421611.0,LN002887,Home Loan,5474391,,240,2024-02-21,Approved,592.0,No
CUST02505,Sneha Patel,58,Female,Indore,Student,269735.0,LN002505,Gold Loan,406670,14.24,120,2025-08-21,Rejected,779.0,No
CUST00911,Riya Agarwal,54,Female,Mumbai,Business Owner,2041218.0,LN000911,Education Loan,1337293,14.92,48,2023-11-13,Approved,649.0,No
CUST01473,Aman Mehta,37,Female,Lucknow,Salaried,282974.0,LN001473,Personal Loan,999238,13.26,180,2025-04-27,Pending,652.0,No
CUST03329,Arjun Patel,32,Female,Mumbai,Salaried,1286245.0,LN003329,Personal Loan,540582,10.14,12,2023-06-17,Approved,551.0,No
CUST00416,Rahul Sharma,33,Female,Ahmedabad,Salaried,701393.0,LN000416,Business Loan,3462871,17.45,180,2025-07-12,Approved,760.0,No
CUST02549,Simran Verma,65,Male,Bengaluru,Self-employed,845357.0,LN002549,Gold Loan,584983,12.75,60,2024-12-04,Under Review,617.0,No
CUST01194,Vikram Shah,32,Male,Hyderabad,Salaried,2213783.0,LN001194,Personal Loan,272452,13.66,240,2025-03-04,Pending,664.0,No
CUST01685,Aarav Mehta,23,Female,Mumbai,Self-employed,1444439.0,LN001685,Auto Loan,910669,10.32,12,2025-03-19,Approved,649.0,No
CUST00584,Priya Verma,44,Female,Kolkata,Salaried,979717.0,LN000584,Home Loan,1721806,8.87,180,2024-05-30,Under Review,533.0,No
CUST03182,Riya Verma,64,Male,Mumbai,Student,121604.0,LN003182,Personal Loan,685116,11.41,36,2025-01-12,Approved,793.0,Yes
CUST00533,Rahul Yadav,47,Male,Patna,Government Employee,1390284.0,LN000533,Home Loan,4884032,9.3,360,2023-02-20,Approved,711.0,Yes
CUST01403,Pooja Gupta,27,Male,Chennai,Self-employed,2126350.0,LN001403,Gold Loan,790494,10.59,240,2024-08-26,Approved,677.0,Yes
CUST01212,Isha Yadav,59,Male,Kolkata,Salaried,331074.0,LN001212,Auto Loan,772041,17.15,24,2023-11-16,Approved,644.0,No
CUST01999,Vikram Mehta,30,Male,Bhopal,Self-employed,1837295.0,LN001999,Personal Loan,263559,7.91,84,2024-11-17,Rejected,581.0,No
CUST03225,Priya Agarwal,31,Female,Kolkata,Business Owner,413594.0,LN003225,Auto Loan,182212,7.36,36,2025-08-04,Pending,564.0,Yes
CUST03308,Kavya Mehta,22,Female,Hyderabad,Business Owner,2610025.0,LN003308,Personal Loan,538928,16.97,180,2023-06-02,Approved,625.0,No
CUST00704,Vivaan Jain,44,Male,Jaipur,Salaried,1503020.0,LN000704,Home Loan,1301503,12.87,48,2025-04-20,Pending,767.0,No
CUST01653,Priya Mehta,56,Male,Jaipur,Salaried,1128298.0,LN001653,Home Loan,1730993,10.32,36,2024-09-21,Approved,736.0,No
CUST01607,Sneha Roy,42,Female,Hyderabad,Student,160916.0,LN001607,Gold Loan,86388,16.87,180,2023-08-31,Under Review,584.0,No
CUST02667,Arjun Mehta,58,Female,Varanasi,Government Employee,687638.0,LN002667,Home Loan,5824393,12.53,24,2024-03-31,Rejected,635.0,Yes
CUST02727,Aditya Jain,40,Female,Delhi,Salaried,186202.0,LN002727,Education Loan,379175,14.06,60,2023-05-03,Approved,837.0,No
CUST02612,Rahul Mehta,56,Male,Jaipur,Self-employed,1252629.0,LN002612,Auto Loan,369171,12.69,36,2024-11-11,Approved,846.0,No
CUST00532,Ananya Mehta,60,Male,Pune,Self-employed,728694.0,LN000532,Personal Loan,545288,13.02,360,2023-12-29,Rejected,797.0,No
CUST01466,Ananya Jain,63,Male,Chennai,Salaried,2418522.0,LN001466,Home Loan,4332099,15.31,24,2025-03-01,Rejected,699.0,Yes
CUST02702,Aditya Joshi,64,Female,Pune,Salaried,2289345.0,LN002702,Business Loan,508264,9.67,84,2023-04-03,Rejected,790.0,No
CUST03264,Aditya Mishra,53,Male,Pune,Salaried,649873.0,LN003264,Gold Loan,281765,17.83,84,2024-09-23,Approved,712.0,No
CUST01700,Aarav Verma,31,Female,Bengaluru,Salaried,2258339.0,LN001700,Home Loan,5057413,17.29,360,2025-11-07,Approved,627.0,No
CUST00599,Aman Mishra,57,Female,Chennai,Government Employee,611896.0,LN000599,Personal Loan,955404,12.18,24,2024-02-21,Approved,698.0,No
CUST00038,Sneha Roy,48,Male,Chennai,Student,350907.0,LN000038,Personal Loan,870023,13.08,60,2023-05-14,Pending,614.0,Yes
CUST00103,Aarav Verma,42,Male,Delhi,Government Employee,1388075.0,LN000103,Gold Loan,743919,9.42,12,2024-12-14,Rejected,688.0,No
CUST01684,Neha Mishra,22,Male,Kolkata,Government Employee,751501.0,LN001684,Business Loan,2960219,8.78,120,2023-02-24,Pending,568.0,No
CUST00070,Rahul Singh,36,Male,Hyderabad,Self-employed,1378097.0,LN000070,Personal Loan,874690,12.21,24,2024-05-16,Approved,621.0,No
CUST02853,Sneha Yadav,41,Female,Delhi,Salaried,380298.0,LN002853,Gold Loan,394422,14.56,180,2024-06-15,Approved,708.0,No
CUST00415,Rohan Mehta,48,Female,Hyderabad,Self-employed,1538308.0,LN000415,Auto Loan,687857,7.4,240,2024-06-27,Approved,658.0,Yes
CUST03233,Pooja Shah,53,Female,Chennai,Government Employee,365939.0,LN003233,Personal Loan,601352,13.73,60,2024-02-10,Approved,520.0,No
CUST02782,Pooja Das,63,Female,Bengaluru,Salaried,1224609.0,LN002782,Personal Loan,469255,11.67,24,2024-06-24,Under Review,628.0,No
CUST00699,Meera Shah,43,Male,Varanasi,Salaried,,LN000699,Home Loan,2413849,9.46,120,2023-02-24,Approved,689.0,No
CUST00748,Nikhil Joshi,56,Female,Mumbai,Student,447407.0,LN000748,Business Loan,1282063,16.73,48,2024-02-17,Approved,744.0,No
CUST01901,Priya Sharma,43,Male,Bengaluru,Business Owner,2401508.0,LN001901,Home Loan,1492580,9.35,360,2025-02-19,Approved,718.0,No
CUST00568,Isha Jain,45,Male,Jaipur,Self-employed,1940968.0,LN000568,Home Loan,5127101,7.9,36,2024-09-19,Approved,848.0,No
CUST03077,Neha Singh,45,Male,Jaipur,Business Owner,2629193.0,LN003077,Personal Loan,858757,9.12,60,2023-08-31,Approved,678.0,No
CUST01273,Ananya Patel,30,Female,Hyderabad,Salaried,2471051.0,LN001273,Auto Loan,944415,7.51,84,2024-06-09,Pending,690.0,No
CUST03133,Priya Shah,57,Female,Jaipur,Government Employee,459067.0,LN003133,Personal Loan,73054,11.46,84,2023-10-21,Approved,549.0,No
CUST02884,Riya Verma,53,Male,Chennai,Self-employed,1230942.0,LN002884,Home Loan,5978909,14.26,12,2023-12-21,Pending,583.0,No
CUST01543,Vivaan Gupta,28,Male,Chandigarh,Self-employed,780854.0,LN001543,Gold Loan,228441,13.48,360,2025-11-20,Approved,724.0,Yes
CUST01961,Vikram Shah,24,Male,Bhopal,Self-employed,1381080.0,LN001961,Home Loan,4922343,16.99,360,2024-12-28,Approved,706.0,Yes
CUST01968,Aarav Das,50,Female,Chennai,Salaried,,LN001968,Personal Loan,138760,8.56,12,2024-03-21,Approved,645.0,No
CUST00898,Nikhil Das,42,Female,Patna,,2095954.0,LN000898,Personal Loan,205647,11.79,12,2023-12-10,Approved,588.0,No
CUST02842,Rahul Patel,46,Male,Jaipur,Salaried,1503765.0,LN002842,Education Loan,1206717,10.73,36,2025-08-10,Approved,740.0,No
CUST01692,Priya Sharma,56,Male,Jaipur,Salaried,1083041.0,LN001692,Personal Loan,436564,18.41,12,2024-02-20,Rejected,630.0,No
CUST02695,Karan Verma,37,Male,Bhopal,Student,304906.0,LN002695,Auto Loan,430374,10.68,12,2024-05-08,Approved,792.0,No
CUST03459,Nikhil Singh,29,Female,Hyderabad,Government Employee,1112971.0,LN003459,Personal Loan,410750,13.37,48,2025-06-05,Rejected,725.0,Yes
CUST03491,Arjun Patel,30,Female,Lucknow,Salaried,722273.0,LN003491,Personal Loan,292234,,84,2023-09-18,Approved,840.0,No
CUST02981,Sneha Shah,38,Male,Patna,Self-employed,999132.0,LN002981,Home Loan,1041586,14.77,120,2024-02-15,Approved,677.0,No
CUST01689,Arjun Gupta,38,Female,Chennai,Salaried,228993.0,LN001689,Auto Loan,660956,16.47,60,2025-08-21,Approved,601.0,No
CUST01775,Kavya Sharma,35,Female,Lucknow,Government Employee,306504.0,LN001775,Gold Loan,548448,14.18,12,2023-08-13,Rejected,,No
CUST01690,Isha Roy,57,Female,Varanasi,Salaried,1692466.0,LN001690,Gold Loan,268247,10.88,60,2024-02-05,Approved,678.0,No
CUST02525,Rahul Mehta,29,Female,Mumbai,Student,269344.0,LN002525,Personal Loan,260248,11.53,36,2024-09-28,Approved,674.0,No
CUST02390,Ananya Patel,52,Female,Ahmedabad,Business Owner,1060487.0,LN002390,Auto Loan,1191025,16.82,60,2025-09-26,Approved,741.0,No
CUST01111,Kavya Mehta,41,Male,Bengaluru,Self-employed,1605399.0,LN001111,Auto Loan,230570,8.57,240,2025-12-05,Rejected,511.0,No
CUST00726,Rahul Mehta,29,Female,Delhi,Self-employed,2047478.0,LN000726,Education Loan,1205783,11.22,240,2025-09-19,Rejected,754.0,No
CUST01846,Rahul Roy,62,Male,Chennai,Government Employee,586757.0,LN001846,Home Loan,1009816,10.69,24,2023-11-11,Rejected,733.0,No
CUST03202,Aman Verma,41,Male,Pune,Self-employed,1157426.0,LN003202,Gold Loan,502113,15.55,240,2024-06-01,Approved,769.0,No
CUST00190,Rahul Singh,30,Female,Bhopal,Self-employed,1036626.0,LN000190,Gold Loan,155848,8.77,36,2024-03-29,Approved,622.0,No
CUST00031,Rohan Jain,46,Female,Bengaluru,Salaried,183267.0,LN000031,Auto Loan,974945,15.45,60,2025-10-17,Approved,757.0,No
CUST02056,Sneha Agarwal,38,Female,Lucknow,Salaried,1665339.0,LN002056,Personal Loan,811904,15.73,84,2024-06-24,Approved,623.0,No
CUST02598,Neha Jain,60,Female,Hyderabad,Business Owner,1595046.0,LN002598,Auto Loan,1753835,8.63,48,2023-01-19,Rejected,759.0,No
CUST01828,Simran Kumar,58,Male,Chandigarh,Business Owner,1770987.0,LN001828,Personal Loan,850677,11.82,60,2023-10-05,Approved,626.0,No
CUST01204,Isha Mehta,25,Male,Pune,Government Employee,360530.0,LN001204,Home Loan,827122,10.05,48,2024-09-23,Rejected,751.0,No
CUST00952,Karan Joshi,60,Female,Chandigarh,Salaried,695728.0,LN000952,Business Loan,3484462,13.06,180,2025-11-04,Pending,674.0,No
CUST01911,Riya Roy,27,Male,Bengaluru,Salaried,1618259.0,LN001911,Personal Loan,830680,17.97,60,2024-12-08,Pending,744.0,No
CUST01781,Vivaan Mishra,38,Male,Varanasi,Self-employed,997495.0,LN001781,Auto Loan,764484,10.08,60,2023-04-19,Approved,764.0,No
CUST03298,Vikram Kumar,35,Female,Delhi,Government Employee,1466590.0,LN003298,Business Loan,2271028,11.07,120,2025-05-20,Pending,679.0,No
CUST00208,Meera Jain,34,Male,Kolkata,Salaried,1067516.0,LN000208,Auto Loan,804224,14.37,60,2025-02-19,Rejected,684.0,Yes
CUST02803,Riya Das,29,Female,Pune,Self-employed,557661.0,LN002803,Home Loan,4991654,17.92,60,2023-07-12,Pending,692.0,No
CUST02309,Priya Mishra,47,Female,Bhopal,Government Employee,1216366.0,LN002309,Education Loan,755308,7.12,36,2025-05-27,Approved,566.0,No
CUST01597,Isha Jain,57,Male,Chennai,Government Employee,1205116.0,LN001597,Auto Loan,243104,9.77,120,2024-10-28,Rejected,624.0,No
CUST02302,Kavya Das,45,Female,Ahmedabad,Salaried,2321000.0,LN002302,Business Loan,3255175,16.5,12,2023-11-13,Approved,668.0,No
CUST02448,Rahul Shah,59,Male,Ahmedabad,Salaried,1055272.0,LN002448,Auto Loan,1323157,10.68,48,2023-08-10,Approved,790.0,No
CUST02547,Isha Singh,24,Male,Hyderabad,Self-employed,1589349.0,LN002547,Personal Loan,695009,7.22,240,2023-11-04,Approved,743.0,No
CUST01071,Aman Yadav,35,Female,Lucknow,Business Owner,2625810.0,LN001071,Personal Loan,336400,16.85,240,2024-06-01,Approved,805.0,No
CUST02076,Rohan Gupta,59,Female,Hyderabad,Government Employee,1001894.0,LN002076,Business Loan,3257622,17.33,60,2023-10-07,Pending,682.0,Yes
CUST02540,Nikhil Singh,37,Female,Chandigarh,Student,471166.0,LN002540,Auto Loan,1569238,14.02,48,2024-08-23,Approved,,No
CUST00361,Vikram Mishra,42,Male,Indore,Government Employee,853044.0,LN000361,Gold Loan,322448,15.41,120,2024-05-05,Approved,588.0,No
CUST02872,Sneha Patel,27,Male,Kolkata,Salaried,2440518.0,LN002872,Auto Loan,1168111,16.27,60,2025-11-19,Approved,692.0,No
CUST02041,Kavya Jain,57,Female,Chennai,Business Owner,1048478.0,LN002041,Business Loan,3476236,11.36,180,2023-06-15,Rejected,626.0,No
CUST01784,Isha Jain,61,Female,Chandigarh,Salaried,2024223.0,LN001784,Home Loan,4560842,10.03,360,2023-09-06,Approved,704.0,No
CUST01782,Sneha Mehta,32,Female,Varanasi,Salaried,309417.0,LN001782,Gold Loan,255732,17.5,60,2024-04-11,Approved,512.0,No
CUST01057,Neha Agarwal,57,Female,Chandigarh,Self-employed,1267881.0,LN001057,Home Loan,4762245,13.82,120,2025-04-05,Approved,698.0,Yes
CUST00873,Isha Singh,35,Male,Bhopal,Salaried,710929.0,LN000873,Personal Loan,482525,11.58,48,2025-04-19,Pending,696.0,No
CUST02494,Priya Shah,49,Female,Hyderabad,Salaried,1273807.0,LN002494,Gold Loan,305297,9.93,360,2023-11-20,Approved,730.0,Yes
CUST00675,Ananya Singh,55,Female,Pune,Salaried,1378609.0,LN000675,Personal Loan,989479,9.97,84,2023-06-21,Rejected,758.0,Yes
CUST01677,Vikram Jain,65,Female,Delhi,Student,343656.0,LN001677,Personal Loan,745951,14.86,24,2024-07-10,Under Review,620.0,No
CUST03317,Rohan Verma,43,Male,Lucknow,Salaried,1983718.0,LN003317,Home Loan,5507126,10.24,120,2024-08-15,Rejected,709.0,No
CUST00894,Arjun Kumar,56,Male,Varanasi,Student,486731.0,LN000894,Auto Loan,753148,16.38,240,2024-02-04,Rejected,712.0,Yes
CUST01005,Aarav Yadav,62,Male,Chandigarh,Salaried,1498557.0,LN001005,Personal Loan,564938,11.98,60,2023-12-02,Rejected,799.0,No
CUST03044,Priya Verma,56,Female,Patna,Business Owner,2738449.0,LN003044,Home Loan,5367656,9.81,36,2023-12-15,Approved,489.0,No
CUST01358,Aditya Yadav,31,Female,Bengaluru,Salaried,2471297.0,LN001358,Education Loan,1231657,12.84,180,2025-03-04,Approved,784.0,No
CUST00778,Meera Singh,30,Female,Indore,Government Employee,1481570.0,LN000778,Home Loan,4050133,8.36,360,2023-02-13,Approved,706.0,No
CUST01079,Pooja Joshi,60,Female,Patna,Government Employee,517789.0,LN001079,Personal Loan,126497,15.68,180,2025-01-29,Rejected,714.0,No
CUST00863,Simran Agarwal,58,Female,Ahmedabad,Salaried,1994360.0,LN000863,Gold Loan,524381,7.13,24,2025-04-25,Approved,623.0,No
CUST01260,Priya Mehta,54,Female,Chennai,Salaried,1186137.0,LN001260,Home Loan,1308469,17.79,180,2023-09-19,Approved,709.0,No
CUST02233,Ananya Yadav,55,Female,Pune,Salaried,1474149.0,LN002233,Personal Loan,731038,9.56,60,2025-10-22,Pending,557.0,No
CUST01178,Vikram Shah,34,Male,Chandigarh,Student,429142.0,LN001178,Personal Loan,225931,14.77,180,2025-06-16,Under Review,639.0,No
CUST02762,Karan Verma,28,Female,Bengaluru,Student,468964.0,LN002762,Home Loan,5446577,10.14,120,2025-11-10,Approved,691.0,No
CUST02521,Arjun Sharma,33,Female,Hyderabad,Salaried,1767701.0,LN002521,Personal Loan,193937,17.94,24,2025-02-21,Approved,807.0,No
CUST02229,Rahul Joshi,22,Female,Chandigarh,Student,365329.0,LN002229,Home Loan,5915308,18.49,84,2025-06-28,Approved,667.0,No
CUST00787,Aman Agarwal,63,Female,Indore,Salaried,2235162.0,LN000787,Auto Loan,973622,18.44,60,2025-05-17,Approved,850.0,No
CUST00946,Pooja Verma,63,Female,Bengaluru,Self-employed,507526.0,LN000946,Personal Loan,323314,9.96,12,2023-12-29,Approved,657.0,No
CUST02482,Simran Yadav,31,Female,Lucknow,Self-employed,2009117.0,LN002482,Home Loan,4101504,9.41,48,2023-10-17,Approved,670.0,Yes
CUST01624,Sneha Verma,38,Female,Patna,Self-employed,882081.0,LN001624,Home Loan,5528234,13.26,84,2025-06-10,Rejected,515.0,No
CUST02617,Sneha Verma,30,Male,Delhi,Government Employee,708119.0,LN002617,Home Loan,3509825,12.27,48,2023-03-22,Pending,687.0,No
CUST02890,Aditya Kumar,24,Female,Chandigarh,Salaried,1676225.0,LN002890,Auto Loan,1400178,,360,2025-05-22,Approved,575.0,No
CUST02900,Riya Mehta,38,Female,Patna,Government Employee,476376.0,LN002900,Education Loan,1392540,11.96,36,2025-05-11,Pending,755.0,Yes
CUST02952,Karan Jain,29,Female,Indore,Self-employed,2154865.0,LN002952,Personal Loan,269012,10.02,60,2024-03-26,Rejected,600.0,No
CUST00565,Vivaan Mishra,39,Male,Ahmedabad,Salaried,1921070.0,LN000565,Auto Loan,1185108,9.86,240,2023-05-02,Approved,712.0,No
CUST02988,Aditya Agarwal,25,Male,Jaipur,Self-employed,2214907.0,LN002988,Personal Loan,511695,17.84,24,2023-11-26,Rejected,727.0,No
CUST00222,Sneha Kumar,42,Female,Jaipur,Salaried,357241.0,LN000222,Home Loan,1564265,,240,2024-05-21,Rejected,656.0,No
CUST00983,Kavya Das,61,Female,Lucknow,Self-employed,302994.0,LN000983,Home Loan,5902005,13.09,24,2025-08-25,Approved,810.0,No
CUST00330,Vivaan Gupta,61,Male,Varanasi,Student,174745.0,LN000330,Auto Loan,1188347,10.82,360,2023-07-20,Rejected,685.0,No
CUST02475,Aman Agarwal,57,Female,Indore,Self-employed,2220132.0,LN002475,Home Loan,2947538,14.85,240,2023-06-04,Approved,762.0,No
CUST02912,Aarav Sharma,46,Male,Kolkata,Salaried,1622911.0,LN002912,Business Loan,1255437,10.25,36,2023-10-12,Rejected,549.0,Yes
CUST02642,Aman Sharma,30,Male,Bengaluru,Salaried,277543.0,LN002642,Personal Loan,777250,8.19,24,2023-12-24,Rejected,722.0,No
CUST02588,Vikram Sharma,50,Female,Delhi,Student,136158.0,LN002588,Business Loan,1900073,7.17,180,2023-02-26,Approved,660.0,No
CUST03052,Sneha Jain,58,Female,Jaipur,Salaried,282095.0,LN003052,Gold Loan,199363,15.39,48,2024-09-14,Approved,697.0,No
CUST01566,Meera Agarwal,27,Male,Lucknow,Business Owner,2071207.0,LN001566,Education Loan,259270,14.03,48,2024-12-05,Under Review,583.0,Yes
CUST01886,Nikhil Jain,49,Female,Bengaluru,Student,221975.0,LN001886,Personal Loan,494966,13.64,120,2025-05-31,Pending,626.0,Yes
CUST02539,Aditya Patel,63,Male,Chennai,Salaried,814921.0,LN002539,Auto Loan,545197,9.58,240,2024-05-24,Approved,686.0,No
CUST02335,Ananya Sharma,33,Male,Patna,Salaried,1805569.0,LN002335,Education Loan,1469035,13.5,180,2025-12-16,Rejected,649.0,No
CUST01620,Arjun Kumar,49,Male,Pune,Self-employed,2353238.0,LN001620,Gold Loan,81772,16.56,240,2025-05-18,Approved,684.0,No
CUST02839,Karan Gupta,48,Male,Delhi,Salaried,,LN002839,Business Loan,937784,18.38,60,2023-06-11,Approved,739.0,No
CUST02142,Neha Singh,34,Female,Chandigarh,Salaried,1321911.0,LN002142,Auto Loan,370148,11.64,120,2024-08-30,Rejected,699.0,Yes
CUST00805,Meera Joshi,37,Female,Lucknow,Government Employee,505719.0,LN000805,Education Loan,216196,15.54,24,2025-11-26,Rejected,751.0,No
CUST00838,Riya Patel,53,Male,Lucknow,Student,298872.0,LN000838,Home Loan,2319546,14.42,24,2023-01-23,Approved,689.0,No
CUST00433,Aditya Mishra,44,Male,Delhi,Salaried,952291.0,LN000433,Auto Loan,776701,14.68,24,2024-06-12,Pending,650.0,No
CUST01837,Neha Verma,40,Female,Chennai,Salaried,2200143.0,LN001837,Personal Loan,97119,14.49,120,2024-06-19,Approved,782.0,No
CUST02268,Arjun Singh,62,Male,Indore,Salaried,1542799.0,LN002268,Auto Loan,1543536,11.22,48,2023-07-21,Approved,788.0,No
CUST03346,Riya Roy,52,Male,Chandigarh,Business Owner,3464848.0,LN003346,Gold Loan,765815,11.56,84,2024-03-13,Rejected,760.0,No
CUST03368,Ananya Singh,33,Female,Patna,Government Employee,1333479.0,LN003368,Personal Loan,700762,8.41,240,2025-11-12,Pending,680.0,Yes
CUST01534,Rahul Verma,35,Female,Hyderabad,Business Owner,833951.0,LN001534,Education Loan,486009,,360,2024-07-26,Rejected,639.0,Yes
CUST02831,Karan Yadav,42,Male,Chandigarh,Salaried,1033648.0,LN002831,Business Loan,2304799,14.44,84,2023-04-03,Rejected,590.0,No
CUST02280,Vikram Gupta,34,Male,Delhi,Salaried,229430.0,LN002280,Home Loan,4348076,10.76,48,2023-05-07,Approved,744.0,No
CUST01421,Isha Kumar,38,Female,Chandigarh,Student,267763.0,LN001421,Home Loan,5302439,10.31,84,2025-09-18,Approved,634.0,No
CUST00623,Rohan Patel,28,Female,Chandigarh,Salaried,1885096.0,LN000623,Business Loan,3136815,12.94,36,2024-06-23,Approved,703.0,No
CUST01908,Riya Joshi,52,Male,Delhi,Salaried,263176.0,LN001908,Business Loan,2736917,8.59,360,2025-07-19,Approved,687.0,Yes
CUST00417,Arjun Patel,64,Female,Chandigarh,Self-employed,1446084.0,LN000417,Gold Loan,400036,18.32,180,2024-04-05,Approved,602.0,Yes
CUST02675,Rohan Shah,47,Male,Ahmedabad,Salaried,189612.0,LN002675,Gold Loan,182703,14.84,60,2025-03-17,Pending,706.0,No
CUST00727,Vikram Verma,50,Female,Patna,Salaried,1466793.0,LN000727,Personal Loan,942466,8.16,240,2025-01-07,Approved,696.0,Yes
CUST00125,Nikhil Patel,65,Female,Delhi,Business Owner,1394170.0,LN000125,Home Loan,4362613,16.13,360,2025-09-10,Approved,850.0,Yes
CUST00577,Sneha Mehta,63,Female,Bengaluru,Salaried,2152613.0,LN000577,Personal Loan,728756,16.94,120,2025-05-09,Approved,672.0,Yes
CUST02683,Sneha Mehta,43,Male,Patna,Self-employed,1142836.0,LN002683,Personal Loan,644098,11.15,360,2024-07-10,Under Review,643.0,No
CUST01673,Kavya Sharma,51,Female,Ahmedabad,Self-employed,1542262.0,LN001673,Business Loan,1320602,8.45,12,2023-08-28,Approved,756.0,No
CUST01009,Aditya Shah,40,Female,Hyderabad,Self-employed,1142217.0,LN001009,Auto Loan,939480,15.69,84,2023-03-28,Rejected,637.0,No
CUST00943,Nikhil Sharma,54,Female,Ahmedabad,Self-employed,2309700.0,LN000943,Personal Loan,418121,13.58,24,2025-08-16,Approved,688.0,No
CUST00496,Karan Roy,40,Male,Chennai,Salaried,1650851.0,LN000496,Auto Loan,988821,14.33,360,2025-06-01,Approved,801.0,No
CUST00854,Neha Joshi,56,Male,Ahmedabad,Self-employed,1794321.0,LN000854,Gold Loan,443920,17.48,24,2023-02-12,Rejected,653.0,Yes
CUST00271,Riya Das,60,Female,Delhi,Salaried,1424199.0,LN000271,Auto Loan,947057,12.83,12,2024-05-28,Approved,753.0,No
CUST00615,Vivaan Mishra,37,Female,Chennai,Self-employed,1034082.0,LN000615,Business Loan,1046470,7.65,84,2024-04-17,Pending,770.0,No
CUST03208,Vivaan Mishra,53,Female,Delhi,Business Owner,1560067.0,LN003208,Personal Loan,143653,8.33,36,2025-08-19,Approved,700.0,No
CUST01826,Rahul Kumar,35,Female,Lucknow,Student,312803.0,LN001826,Home Loan,5473109,13.76,84,2025-11-18,Approved,790.0,No
CUST00084,Aarav Roy,60,Female,Varanasi,Self-employed,989942.0,LN000084,Home Loan,4395790,16.25,48,2025-09-08,Approved,486.0,No
CUST03421,Vivaan Jain,23,Female,Lucknow,Salaried,828147.0,LN003421,Personal Loan,278583,10.88,180,2023-05-12,Rejected,695.0,Yes
CUST02615,Rahul Sharma,63,Male,Bhopal,Government Employee,643822.0,LN002615,Personal Loan,879622,11.08,360,2024-02-08,Approved,725.0,No
CUST02422,Riya Kumar,54,Male,Kolkata,Salaried,1888851.0,LN002422,Home Loan,1061496,15.64,84,2023-12-06,Approved,675.0,No
CUST00958,Aditya Jain,54,Male,Jaipur,Business Owner,3419621.0,LN000958,Personal Loan,259944,9.03,360,2024-05-25,Approved,742.0,No
CUST01444,Riya Patel,35,Male,Pune,Salaried,2034054.0,LN001444,Personal Loan,789919,9.28,240,2023-02-02,Rejected,641.0,No
CUST00681,Kavya Patel,21,Male,Pune,Government Employee,1059942.0,LN000681,Business Loan,2347152,17.87,180,2024-11-27,Approved,649.0,No
CUST02071,Aditya Verma,25,Male,Pune,Salaried,1546948.0,LN002071,Business Loan,3029193,15.84,36,2025-04-15,Approved,509.0,No
CUST02160,Isha Singh,65,Female,Chennai,Salaried,1076699.0,LN002160,Personal Loan,579096,14.87,24,2024-08-12,Approved,734.0,No
CUST00969,Ananya Singh,29,Female,Jaipur,Self-employed,1336013.0,LN000969,Business Loan,2682176,9.4,36,2023-02-20,Approved,585.0,No
CUST00814,Pooja Verma,40,Male,Delhi,Salaried,2147027.0,LN000814,Auto Loan,1361970,14.28,12,2025-07-29,Approved,647.0,No
CUST03305,Rohan Joshi,36,Male,Delhi,Student,277505.0,LN003305,Home Loan,1836617,11.01,36,2023-01-10,Approved,622.0,No
CUST03293,Aarav Agarwal,32,,Kolkata,Government Employee,1246991.0,LN003293,Home Loan,2024913,14.9,60,2024-12-14,Rejected,673.0,No
CUST00634,Isha Patel,37,Female,Bengaluru,Self-employed,2145425.0,LN000634,Personal Loan,704229,14.44,48,2025-06-20,Approved,,No
CUST03477,Pooja Agarwal,56,Female,Kolkata,Self-employed,182892.0,LN003477,Personal Loan,436701,14.63,84,2023-09-25,Pending,637.0,No
CUST03415,Rohan Gupta,48,Female,Lucknow,Student,325953.0,LN003415,Home Loan,4262308,18.09,84,2024-05-14,Approved,685.0,No
CUST02807,Meera Singh,38,Male,Varanasi,Salaried,1082435.0,LN002807,Business Loan,2774034,11.82,60,2024-01-25,Rejected,624.0,Yes
CUST02932,Aman Jain,48,Male,Patna,Salaried,1221326.0,LN002932,Home Loan,2747103,11.84,360,2024-11-25,Rejected,825.0,No
CUST02557,Aman Das,38,Male,Bhopal,Student,319156.0,LN002557,Home Loan,1248376,11.87,12,2023-06-20,Under Review,545.0,
CUST00866,Isha Das,59,Female,Chennai,Salaried,446441.0,LN000866,Auto Loan,1022911,8.77,360,2024-03-12,Approved,602.0,No
CUST02035,Aarav Yadav,38,Male,Jaipur,Self-employed,300965.0,LN002035,Personal Loan,264611,9.36,84,2024-01-14,Pending,729.0,Yes
CUST03044,Priya Verma,56,Female,Patna,Business Owner,2738449.0,LN003044,Home Loan,5367656,9.81,36,2023-12-15,Approved,489.0,No
CUST02091,Aarav Shah,57,Female,Pune,Salaried,2493202.0,LN002091,Gold Loan,775347,10.44,12,2024-11-24,Rejected,646.0,No
CUST03032,Vikram Patel,54,Female,Jaipur,Self-employed,2047287.0,LN003032,Personal Loan,431334,7.22,120,2024-02-09,Approved,604.0,No
CUST03084,Vikram Shah,33,,Indore,Business Owner,2633298.0,LN003084,Business Loan,1106809,13.98,84,2023-01-05,Approved,770.0,No
CUST02183,Isha Roy,26,Female,Bhopal,Business Owner,3093540.0,LN002183,Personal Loan,228989,8.39,12,2025-12-01,Approved,760.0,No
CUST02063,Aarav Mehta,56,Female,Chennai,Salaried,879583.0,LN002063,Auto Loan,448443,12.11,360,2023-02-21,Approved,693.0,No
CUST02619,Pooja Patel,22,Female,Kolkata,Business Owner,1280100.0,LN002619,Business Loan,1208638,17.81,48,2025-03-18,Approved,656.0,No
CUST02534,Neha Jain,36,Male,Ahmedabad,Self-employed,402858.0,LN002534,Business Loan,568217,18.01,48,2023-08-09,Rejected,567.0,No
CUST02654,Aarav Joshi,56,Male,Bhopal,Self-employed,1208275.0,LN002654,Education Loan,972360,12.79,84,2023-02-08,Approved,809.0,No
CUST01382,Aditya Shah,21,Male,Varanasi,Government Employee,462814.0,LN001382,Home Loan,1411830,,360,2024-06-26,Under Review,597.0,No
CUST01323,Kavya Mehta,23,Female,Bhopal,Self-employed,456914.0,LN001323,Personal Loan,817993,15.33,48,2023-12-15,Approved,674.0,No
CUST01814,Rohan Kumar,41,Female,Indore,Government Employee,1280051.0,LN001814,Auto Loan,558995,12.03,180,2025-02-17,Pending,770.0,No
CUST03442,Karan Patel,42,Male,Delhi,Government Employee,484824.0,LN003442,Auto Loan,823322,11.75,240,2024-01-19,Pending,709.0,No
CUST03162,Sneha Patel,25,Female,Delhi,Student,262616.0,LN003162,Auto Loan,435013,14.25,120,2023-11-13,Pending,609.0,No
CUST03092,Simran Singh,33,Male,Patna,Salaried,734470.0,LN003092,Gold Loan,133042,16.75,360,2024-04-04,Approved,722.0,No
CUST01003,Riya Jain,50,Female,Lucknow,Salaried,887609.0,LN001003,Personal Loan,813076,15.05,24,2025-01-27,Rejected,703.0,No
CUST00840,Vikram Roy,63,Female,Patna,Government Employee,,LN000840,Home Loan,4647852,18.49,24,2024-02-27,Approved,707.0,No
CUST02175,Isha Joshi,62,Male,Indore,Business Owner,2038362.0,LN002175,Business Loan,1393148,9.16,12,2025-07-09,Approved,648.0,No
CUST03353,Kavya Das,57,Male,Jaipur,Government Employee,1073353.0,LN003353,Home Loan,4034919,14.52,24,2023-02-15,Approved,575.0,No
CUST03246,Aarav Shah,50,Female,Chandigarh,Self-employed,1841874.0,LN003246,Gold Loan,551911,17.66,84,2025-11-23,Approved,738.0,No
CUST00736,Nikhil Agarwal,25,Female,Chennai,Business Owner,2702381.0,LN000736,Personal Loan,314603,13.35,360,2025-11-16,Approved,764.0,No
CUST00108,Rohan Gupta,30,Female,Varanasi,Salaried,2031317.0,LN000108,Home Loan,3414150,12.32,60,2023-06-08,Approved,683.0,No
CUST00833,Kavya Gupta,58,Male,Pune,Business Owner,2375901.0,LN000833,Personal Loan,808947,12.61,360,2023-03-13,Approved,679.0,No
CUST02019,Nikhil Das,30,Male,Ahmedabad,Salaried,595988.0,LN002019,Home Loan,5217858,14.33,24,2025-08-05,Pending,582.0,No
CUST02581,Isha Shah,49,Male,Kolkata,Salaried,192167.0,LN002581,Personal Loan,864315,12.38,120,2023-10-16,Rejected,700.0,No
CUST02862,Rahul Verma,42,Female,Patna,Self-employed,1120858.0,LN002862,Personal Loan,581065,7.47,60,2025-12-14,Approved,630.0,No
CUST01740,Rohan Roy,64,Female,Chennai,Student,373080.0,LN001740,Home Loan,2918797,9.76,84,2025-11-21,Rejected,657.0,No
CUST01167,Pooja Mehta,29,Female,Jaipur,Salaried,1110340.0,LN001167,Personal Loan,588028,9.11,84,2024-12-20,Approved,762.0,No
CUST02919,Meera Singh,23,Male,Bengaluru,Salaried,267843.0,LN002919,Auto Loan,1511377,9.01,180,2024-07-12,Approved,772.0,No
CUST02943,Meera Sharma,22,Female,Mumbai,Business Owner,2142821.0,LN002943,Personal Loan,976032,14.85,48,2024-02-17,Approved,660.0,No
CUST00762,Rohan Roy,62,Male,Pune,Business Owner,1650240.0,LN000762,Personal Loan,591529,16.35,240,2023-01-30,Pending,735.0,No
CUST01634,Aman Gupta,31,Female,Varanasi,Self-employed,1967731.0,LN001634,Personal Loan,805800,8.8,180,2024-06-07,Approved,663.0,No
CUST00822,Aarav Roy,41,Female,Chandigarh,Self-employed,863429.0,LN000822,Auto Loan,1312502,13.56,120,2025-03-16,Approved,723.0,No
CUST01540,Isha Sharma,35,Female,Ahmedabad,Business Owner,3248559.0,LN001540,Education Loan,601078,18.02,24,2023-10-14,Approved,776.0,No
CUST01303,Karan Yadav,58,Female,Kolkata,Salaried,2072552.0,LN001303,Auto Loan,1155565,15.45,360,2024-05-23,Rejected,683.0,Yes
CUST02910,Arjun Yadav,21,Female,Jaipur,Salaried,1489796.0,LN002910,Auto Loan,468725,,36,2025-12-17,Approved,631.0,Yes
CUST02111,Karan Singh,55,Female,Chandigarh,Government Employee,1197653.0,LN002111,Gold Loan,618309,12.95,240,2023-10-07,Rejected,697.0,No
CUST02613,Meera Verma,42,Female,Ahmedabad,Salaried,809399.0,LN002613,Home Loan,1678840,7.52,180,2025-03-15,Pending,631.0,Yes
CUST03290,Ananya Mishra,55,Male,Pune,,298886.0,LN003290,Auto Loan,1445046,18.35,12,2024-03-02,Approved,596.0,No
CUST03049,Vivaan Jain,65,Male,Kolkata,Salaried,1308963.0,LN003049,Auto Loan,574117,13.21,84,2024-11-29,Pending,701.0,No
CUST03041,Nikhil Das,24,Female,Jaipur,Business Owner,3161370.0,LN003041,Personal Loan,131120,12.78,360,2025-02-13,Approved,655.0,No
CUST00296,Priya Mishra,32,Male,Chandigarh,,1537613.0,LN000296,Gold Loan,798423,10.23,12,2023-04-17,Rejected,750.0,No
CUST02327,Vikram Roy,27,Female,Delhi,Self-employed,1176000.0,LN002327,Auto Loan,1673198,12.34,48,2025-12-15,Approved,810.0,No
CUST00046,Nikhil Patel,47,Male,Patna,Salaried,1544133.0,LN000046,Personal Loan,354462,11.56,120,2023-03-22,Pending,755.0,No
CUST00039,Ananya Agarwal,36,Female,Jaipur,Self-employed,911899.0,LN000039,Home Loan,5609954,8.91,12,2024-10-17,Rejected,654.0,No
CUST01115,Nikhil Yadav,33,,Varanasi,Business Owner,2016933.0,LN001115,Auto Loan,1077028,11.75,36,2024-06-01,Rejected,622.0,Yes
CUST02486,Neha Sharma,56,Female,Pune,Self-employed,2013733.0,LN002486,Auto Loan,562546,14.51,360,2025-12-06,Rejected,728.0,No
CUST00855,Neha Mishra,29,Female,Delhi,Salaried,1154939.0,LN000855,Personal Loan,570919,7.07,360,2023-09-21,Approved,689.0,No
CUST00033,Rohan Singh,45,Female,Lucknow,Salaried,246234.0,LN000033,Home Loan,4025187,17.93,48,2025-04-30,Approved,669.0,Yes
CUST01431,Aman Sharma,53,Male,Indore,Business Owner,1755253.0,LN001431,Business Loan,1888191,7.32,12,2024-07-25,Pending,561.0,No
CUST02817,Aarav Roy,22,Male,Bhopal,Student,431415.0,LN002817,Auto Loan,1513126,16.27,12,2024-04-28,Rejected,536.0,No
CUST01859,Riya Kumar,61,Female,Lucknow,Salaried,1850636.0,LN001859,Auto Loan,1288119,15.17,36,2025-09-23,Approved,848.0,No
CUST00196,Riya Shah,35,Male,Delhi,Self-employed,888521.0,LN000196,Gold Loan,789452,11.26,60,2025-11-24,Pending,721.0,No
CUST00204,Meera Verma,62,Female,Patna,Business Owner,1761871.0,LN000204,Business Loan,2015880,10.21,180,2023-02-26,Rejected,765.0,No
CUST01627,Karan Kumar,41,Male,Mumbai,Salaried,2233222.0,LN001627,Personal Loan,441529,15.68,120,2023-11-10,Rejected,657.0,Yes
CUST00913,Nikhil Verma,57,Female,Chandigarh,Salaried,2188880.0,LN000913,Gold Loan,169374,8.53,120,2024-09-14,Approved,787.0,No
CUST00114,Rohan Sharma,40,Male,Bengaluru,Salaried,2096545.0,LN000114,Home Loan,3643940,17.77,12,2023-04-29,Approved,576.0,Yes
CUST01724,Kavya Mehta,33,Male,Ahmedabad,Self-employed,855918.0,LN001724,Business Loan,3740131,17.12,84,2023-03-07,Approved,628.0,No
CUST02425,Ananya Agarwal,23,,Chandigarh,Government Employee,853520.0,LN002425,Personal Loan,958931,7.69,120,2023-07-15,Rejected,588.0,Yes
CUST03020,Meera Das,27,Male,Bengaluru,Government Employee,735981.0,LN003020,Gold Loan,139355,13.94,12,2023-08-04,Approved,711.0,No
CUST01577,Aarav Roy,61,Male,Indore,Self-employed,2258440.0,LN001577,Personal Loan,773137,15.97,180,2024-07-21,Approved,678.0,Yes
CUST00005,Sneha Jain,28,Male,Chandigarh,Self-employed,1582107.0,LN000005,Home Loan,5574183,13.21,180,2023-08-05,Approved,725.0,No
CUST00176,Arjun Agarwal,48,Male,Chandigarh,Business Owner,1000517.0,LN000176,Business Loan,2950235,18.41,120,2025-05-04,Approved,657.0,No
CUST00413,Ananya Patel,46,Female,Chennai,Government Employee,,LN000413,Personal Loan,563624,12.24,36,2025-08-11,Rejected,754.0,No
CUST01492,Arjun Roy,51,Female,Mumbai,Salaried,969135.0,LN001492,Auto Loan,635750,15.8,48,2023-02-10,Pending,635.0,Yes
CUST02418,Aditya Kumar,40,Female,Jaipur,Student,214846.0,LN002418,Business Loan,3751543,17.03,48,2023-07-03,Approved,672.0,Yes
CUST00024,Neha Singh,63,Male,Jaipur,Salaried,2165588.0,LN000024,Personal Loan,754107,14.16,48,2025-02-12,Approved,549.0,No
CUST03488,Nikhil Mishra,30,Male,Bhopal,Self-employed,1857270.0,LN003488,Business Loan,2292209,15.18,360,2024-06-01,Approved,527.0,No
CUST02040,Rahul Joshi,57,Male,Bhopal,Business Owner,2050374.0,LN002040,Auto Loan,592416,11.37,36,2024-11-10,Approved,683.0,No
CUST03242,Arjun Mishra,47,Female,Delhi,Self-employed,194104.0,LN003242,Auto Loan,196716,7.01,36,2023-03-11,Approved,614.0,No
CUST00027,Vikram Gupta,57,Male,Bhopal,Salaried,535612.0,LN000027,Home Loan,5441860,18.26,60,2025-06-30,Approved,668.0,Yes
CUST00421,Nikhil Shah,29,Female,Chennai,Government Employee,929674.0,LN000421,Gold Loan,143246,13.82,240,2024-03-04,Approved,593.0,No
CUST00960,Priya Das,40,Male,Chennai,Government Employee,698759.0,LN000960,Home Loan,5701901,13.32,60,2024-04-14,Rejected,791.0,Yes
CUST00603,Rohan Sharma,53,Female,Indore,Government Employee,994519.0,LN000603,Gold Loan,721810,8.96,24,2023-11-08,Approved,722.0,No
CUST02384,Aman Singh,26,Male,Kolkata,Salaried,1926123.0,LN002384,Home Loan,5414600,13.58,360,2024-03-13,Approved,800.0,No
CUST02055,Riya Sharma,49,Male,Hyderabad,Salaried,1889809.0,LN002055,Education Loan,1499812,14.85,36,2024-10-14,Rejected,703.0,No
CUST00516,Riya Gupta,42,Female,Delhi,Salaried,870778.0,LN000516,Auto Loan,1741632,18.39,180,2025-05-30,Approved,792.0,Yes
CUST03153,Simran Agarwal,44,Female,Kolkata,Salaried,1021328.0,LN003153,Gold Loan,503021,13.15,36,2023-12-15,Approved,653.0,No
CUST02292,Kavya Sharma,23,Male,Bhopal,Salaried,980282.0,LN002292,Home Loan,4368677,13.81,120,2024-10-07,Rejected,526.0,No
CUST01107,Riya Verma,24,Female,Pune,Government Employee,1406571.0,LN001107,Personal Loan,88250,13.54,36,2023-10-17,Pending,679.0,No
CUST01907,Aarav Verma,62,Male,Bengaluru,Salaried,709164.0,LN001907,Education Loan,567876,15.26,48,2023-10-27,Approved,638.0,Yes
CUST02293,Ananya Jain,59,Female,Chandigarh,Salaried,357390.0,LN002293,Personal Loan,496546,8.8,24,2025-04-14,Approved,622.0,Yes
CUST00583,Pooja Mishra,36,Female,Mumbai,Salaried,913307.0,LN000583,Personal Loan,725002,14.05,120,2025-02-20,Rejected,664.0,No
CUST01148,Aarav Kumar,35,Male,Delhi,Government Employee,1328232.0,LN001148,Personal Loan,952754,7.46,120,2025-06-28,Approved,751.0,No
CUST02677,Rahul Patel,40,Male,Indore,Salaried,1955172.0,LN002677,Personal Loan,232177,17.61,120,2023-04-18,Rejected,850.0,No
CUST01208,Vikram Patel,55,Male,Chennai,Self-employed,1858442.0,LN001208,Personal Loan,733206,9.72,12,2024-03-17,Approved,703.0,No
CUST01706,Arjun Joshi,33,Female,Bhopal,Salaried,2411858.0,LN001706,Auto Loan,539078,15.73,180,2024-02-14,Rejected,679.0,Yes
CUST01903,Meera Verma,39,Male,Indore,Government Employee,963972.0,LN001903,Personal Loan,110108,16.49,12,2023-04-29,Pending,771.0,No
CUST00698,Aditya Yadav,36,Male,Chandigarh,Student,225153.0,LN000698,Personal Loan,658530,7.41,48,2023-08-31,Approved,811.0,No
CUST01563,Nikhil Jain,34,Male,Delhi,Government Employee,499570.0,LN001563,Home Loan,5866726,17.79,12,2024-12-03,Approved,,No
CUST00276,Isha Gupta,31,Female,Pune,Salaried,2478354.0,LN000276,Personal Loan,164589,10.6,60,2025-03-13,Approved,713.0,No
CUST00082,Vikram Das,36,Male,Chennai,Government Employee,971256.0,LN000082,Gold Loan,127454,14.97,240,2023-02-16,Approved,673.0,No
CUST02269,Neha Singh,41,Male,Kolkata,Government Employee,358697.0,LN002269,Personal Loan,484186,8.37,360,2025-02-05,Pending,637.0,No
CUST01371,Kavya Singh,29,Female,Bengaluru,Student,312460.0,LN001371,Education Loan,1447923,9.95,60,2023-03-18,Approved,739.0,Yes
CUST00502,Vikram Das,28,Male,Varanasi,Salaried,259971.0,LN000502,Education Loan,497597,12.98,360,2025-01-07,Approved,701.0,No
CUST02381,Vivaan Roy,56,Female,Lucknow,Salaried,2410855.0,LN002381,Auto Loan,1107956,18.35,60,2024-09-22,Rejected,777.0,No
CUST02631,Vivaan Kumar,60,Female,Delhi,Business Owner,2564866.0,LN002631,Business Loan,3557720,10.97,360,2024-10-04,Approved,798.0,No
CUST01412,Neha Das,38,Male,Indore,Salaried,1240041.0,LN001412,Education Loan,919072,15.41,180,2023-04-09,Rejected,740.0,Yes
CUST00321,Karan Kumar,47,Female,Hyderabad,Business Owner,432766.0,LN000321,Education Loan,655710,7.58,12,2025-12-22,Approved,753.0,No
CUST01984,Neha Sharma,55,Male,Bhopal,Government Employee,512549.0,LN001984,Education Loan,395596,17.66,360,2024-10-20,Approved,550.0,No
CUST00259,Neha Kumar,29,Male,Indore,Salaried,1050946.0,LN000259,Personal Loan,543992,16.64,120,2024-02-18,Approved,721.0,No
CUST03256,Rahul Jain,47,Male,Hyderabad,Salaried,994380.0,LN003256,Education Loan,612522,8.05,60,2023-02-24,Pending,737.0,No
CUST03300,Aarav Yadav,44,Male,Patna,Salaried,2171436.0,LN003300,Business Loan,421233,14.54,60,2023-02-23,Pending,722.0,Yes
CUST03406,Simran Agarwal,28,Female,Bhopal,Business Owner,2186066.0,LN003406,Personal Loan,941240,12.4,120,2024-05-22,Approved,803.0,No
CUST00933,Priya Mehta,42,Female,Ahmedabad,Salaried,1796752.0,LN000933,Business Loan,829087,8.5,84,2025-08-06,Approved,695.0,No
CUST02434,Rahul Patel,56,Male,Lucknow,Salaried,2271731.0,LN002434,Business Loan,3815759,13.37,84,2023-04-09,Approved,743.0,No
CUST02711,Meera Shah,56,Female,Patna,Self-employed,1757670.0,LN002711,Education Loan,1469597,12.67,240,2025-08-24,Approved,744.0,Yes
CUST01339,Arjun Mehta,32,Female,Hyderabad,Self-employed,1102640.0,LN001339,Education Loan,356080,11.87,84,2023-05-24,Approved,738.0,No
CUST02190,Aarav Singh,30,Female,Bengaluru,Salaried,2216266.0,LN002190,Personal Loan,409462,16.24,120,2025-05-14,Approved,764.0,No
CUST02565,Arjun Mishra,22,Male,Lucknow,Salaried,1405693.0,LN002565,Personal Loan,624752,9.48,60,2024-01-17,Rejected,707.0,No
CUST00473,Riya Agarwal,29,Male,Pune,Salaried,2363448.0,LN000473,Auto Loan,648506,7.1,180,2023-01-26,Approved,647.0,No
CUST00310,Neha Singh,46,Male,Ahmedabad,Salaried,549349.0,LN000310,Auto Loan,572641,18.17,12,2024-06-09,Pending,,No
CUST01825,Vikram Patel,36,Male,Delhi,Salaried,2488671.0,LN001825,Personal Loan,878296,13.41,120,2024-08-02,Approved,646.0,No
CUST00997,Rahul Sharma,32,Female,Chennai,Salaried,1736542.0,LN000997,Personal Loan,419648,11.22,240,2023-04-19,Rejected,797.0,Yes
CUST02850,Aditya Shah,45,Male,Delhi,Student,411189.0,LN002850,Education Loan,124432,17.57,48,2024-07-12,Approved,803.0,Yes
CUST03227,Vikram Mishra,46,Male,Bengaluru,Self-employed,1912830.0,LN003227,Gold Loan,355833,12.07,24,2025-04-16,Rejected,755.0,No
CUST02567,Pooja Patel,57,Female,Hyderabad,Government Employee,1167962.0,LN002567,Gold Loan,180393,8.15,120,2025-12-24,Rejected,718.0,No
CUST01945,Rohan Jain,55,Female,Chennai,Salaried,1543993.0,LN001945,Education Loan,631152,16.21,12,2025-10-30,Approved,686.0,Yes
CUST02244,Vikram Patel,55,Female,Indore,Self-employed,438453.0,LN002244,Home Loan,2668845,18.25,180,2025-02-10,Approved,728.0,No
CUST00308,Rahul Singh,55,Female,Bhopal,Salaried,1275687.0,LN000308,Home Loan,5114896,10.77,360,2024-10-18,Pending,672.0,Yes
CUST00887,Rahul Mishra,30,Male,Varanasi,Government Employee,323027.0,LN000887,Home Loan,4515222,12.29,24,2023-07-12,Approved,687.0,No
CUST00397,Meera Agarwal,29,Female,Patna,Government Employee,988284.0,LN000397,Personal Loan,729249,13.66,240,2023-06-04,Approved,850.0,Yes
CUST00955,Isha Kumar,35,Female,Indore,Salaried,1791961.0,LN000955,Auto Loan,1111795,9.8,48,2024-12-04,Approved,645.0,No
CUST00875,Meera Verma,52,Male,Bhopal,Self-employed,730162.0,LN000875,Auto Loan,1518737,14.74,360,2024-04-20,Pending,614.0,No
CUST03061,Rahul Gupta,54,Male,Patna,Government Employee,1341166.0,LN003061,Home Loan,3233896,16.7,180,2023-08-31,Rejected,579.0,Yes
CUST00169,Nikhil Patel,23,Female,Varanasi,Student,143648.0,LN000169,Personal Loan,68658,16.45,24,2024-12-09,Pending,712.0,No
CUST00626,Sneha Roy,33,Female,Mumbai,Business Owner,1481781.0,LN000626,Education Loan,993724,10.73,360,2024-04-11,Approved,845.0,No
CUST01385,Aditya Jain,59,Female,Patna,Government Employee,548706.0,LN001385,Business Loan,2416086,11.91,120,2024-11-24,Approved,717.0,No
CUST02824,Sneha Jain,56,Female,Chennai,Salaried,1679029.0,LN002824,Education Loan,607927,7.14,12,2023-02-13,Rejected,619.0,No
CUST01182,Meera Joshi,28,Female,Jaipur,Self-employed,1511045.0,LN001182,Personal Loan,829440,10.88,60,2023-05-12,Approved,803.0,Yes
CUST02317,Simran Patel,32,Female,Bhopal,Self-employed,750374.0,LN002317,Auto Loan,622518,13.47,12,2025-08-12,Approved,663.0,No
CUST00094,Isha Patel,51,Male,Mumbai,Salaried,2403361.0,LN000094,Business Loan,3013564,9.97,24,2025-12-05,Approved,678.0,No
CUST01494,Aditya Shah,37,Male,Indore,Salaried,1804611.0,LN001494,Education Loan,1267217,10.08,180,2023-04-02,Approved,,Yes
CUST02651,Karan Shah,59,Male,Hyderabad,Salaried,1607241.0,LN002651,Home Loan,2002378,15.71,24,2023-09-23,Approved,597.0,No
CUST01393,Isha Roy,32,Female,Kolkata,Self-employed,1534539.0,LN001393,Personal Loan,262194,15.98,48,2025-03-15,Approved,626.0,No
CUST01704,Sneha Mehta,51,Female,Chandigarh,Self-employed,2156952.0,LN001704,Personal Loan,585646,8.85,180,2024-06-07,Approved,687.0,No
CUST00193,Nikhil Shah,56,Female,Varanasi,Salaried,1992375.0,LN000193,Personal Loan,531719,7.51,12,2024-07-12,Approved,723.0,Yes
CUST02472,Rohan Yadav,21,Male,Patna,Salaried,1499880.0,LN002472,Education Loan,1348992,7.47,12,2024-10-04,Approved,573.0,No
CUST00363,Riya Jain,51,Female,Ahmedabad,Salaried,2240583.0,LN000363,Auto Loan,620192,11.82,12,2023-01-28,Approved,660.0,No
CUST00431,Isha Mehta,33,Male,Mumbai,Salaried,1198056.0,LN000431,Home Loan,1387073,13.56,360,2023-02-11,Pending,703.0,No
CUST00442,Aditya Shah,55,Female,Varanasi,Business Owner,665976.0,LN000442,Education Loan,1189601,10.79,360,2024-06-17,Approved,623.0,No
CUST02627,Nikhil Joshi,49,Male,Bhopal,Salaried,1520637.0,LN002627,Personal Loan,662443,11.58,240,2025-04-12,Rejected,811.0,No
CUST01106,Vikram Roy,43,Male,Delhi,Student,124321.0,LN001106,Gold Loan,328263,10.24,60,2023-10-23,Approved,772.0,No
CUST02911,Rahul Gupta,23,Female,Hyderabad,Self-employed,1823173.0,LN002911,Business Loan,2836345,12.32,36,2023-01-28,Rejected,823.0,Yes
CUST02867,Vikram Patel,60,Female,Bhopal,Self-employed,1200298.0,LN002867,Personal Loan,233088,17.4,48,2024-10-13,Rejected,673.0,No
CUST01369,Ananya Mehta,61,Male,Indore,Self-employed,713464.0,LN001369,Home Loan,3567584,13.78,240,2024-07-13,Under Review,651.0,No
CUST03402,Vikram Singh,36,Female,Hyderabad,Self-employed,415112.0,LN003402,Business Loan,2634583,16.45,240,2025-08-18,Approved,585.0,No
CUST01392,Aditya Yadav,36,Male,Chandigarh,Business Owner,3089079.0,LN001392,Home Loan,1236196,10.03,360,2024-09-30,Rejected,691.0,Yes
CUST00360,Sneha Das,54,Female,Varanasi,Business Owner,3235623.0,LN000360,Auto Loan,495430,13.54,84,2024-06-11,Approved,751.0,No
CUST01516,Kavya Patel,50,Female,Mumbai,Salaried,2367186.0,LN001516,Personal Loan,468246,11.93,48,2024-12-02,Approved,691.0,No
CUST00353,Aditya Jain,48,Female,Bhopal,Salaried,1695554.0,LN000353,Home Loan,4546962,9.23,48,2024-08-19,Approved,664.0,Yes
CUST00520,Vivaan Verma,28,,Patna,Business Owner,1516850.0,LN000520,Home Loan,1363889,18.49,84,2023-06-10,Approved,767.0,No
CUST00930,Priya Roy,57,Female,Bengaluru,Government Employee,798515.0,LN000930,Home Loan,4800366,10.86,240,2023-08-09,Rejected,739.0,No
CUST01348,Vikram Agarwal,26,Female,Pune,Salaried,1411010.0,LN001348,Business Loan,2441771,13.71,48,2025-12-07,Pending,709.0,No
CUST03187,Ananya Patel,53,Female,Chennai,Salaried,1195335.0,LN003187,Auto Loan,938892,12.6,240,2023-11-03,Approved,776.0,No
CUST01766,Pooja Jain,40,Male,Ahmedabad,Business Owner,3441912.0,LN001766,Home Loan,1990842,13.99,360,2025-10-04,Approved,734.0,No
CUST02878,Rahul Roy,60,Male,Mumbai,Self-employed,1940985.0,LN002878,Home Loan,5845143,10.36,120,2023-06-26,Approved,486.0,Yes
CUST02563,Aditya Yadav,44,Male,Hyderabad,Business Owner,2835547.0,LN002563,Auto Loan,970077,14.11,240,2023-06-17,Approved,749.0,No
CUST02284,Kavya Agarwal,29,Male,Lucknow,Salaried,2455511.0,LN002284,Home Loan,4252665,7.01,84,2025-10-04,Approved,637.0,No
CUST02061,Vivaan Mehta,56,Male,Bhopal,Student,339866.0,LN002061,Personal Loan,605631,8.12,240,2024-06-28,Approved,711.0,No
CUST01958,Ananya Verma,47,Female,Lucknow,Self-employed,1114489.0,LN001958,Business Loan,1107500,11.02,12,2023-12-09,Approved,713.0,Yes
CUST02223,Rahul Patel,44,Male,Pune,Salaried,2372515.0,LN002223,Personal Loan,214336,17.49,48,2025-10-31,Rejected,702.0,No
CUST00641,Rohan Mishra,23,Male,Bhopal,Government Employee,1119407.0,LN000641,Auto Loan,282955,10.0,120,2025-04-15,Pending,725.0,No
CUST01317,Sneha Sharma,42,Female,Chennai,Business Owner,905365.0,LN001317,Personal Loan,717751,12.71,84,2024-11-28,Rejected,636.0,No
CUST01877,Sneha Yadav,21,Female,Chennai,Government Employee,865994.0,LN001877,Home Loan,5583624,15.51,24,2024-05-05,Approved,810.0,No
CUST00184,Ananya Yadav,42,Female,Ahmedabad,Government Employee,570914.0,LN000184,Auto Loan,1591985,10.12,120,2023-08-02,Approved,606.0,No
CUST01602,Meera Sharma,43,Male,Mumbai,Student,253425.0,LN001602,Personal Loan,126668,9.21,180,2025-08-14,Pending,585.0,No
CUST02311,Aman Shah,60,Male,Kolkata,Self-employed,452034.0,LN002311,Gold Loan,647424,8.04,240,2024-07-26,Approved,632.0,Yes
CUST00899,Neha Das,51,Female,Kolkata,Salaried,1310127.0,LN000899,Auto Loan,256734,14.29,120,2023-09-03,Approved,611.0,No
CUST00278,Riya Gupta,40,Female,Delhi,Self-employed,1239670.0,LN000278,Gold Loan,685873,10.93,60,2025-06-19,Under Review,575.0,No
CUST01862,Ananya Roy,51,Male,Hyderabad,Self-employed,2166517.0,LN001862,Auto Loan,1194431,11.14,360,2023-10-12,Pending,703.0,No
CUST01043,Aarav Verma,60,Male,Jaipur,Government Employee,352494.0,LN001043,Gold Loan,270851,13.25,84,2025-11-03,Approved,767.0,No
CUST02512,Rohan Gupta,59,Male,Chandigarh,Self-employed,456558.0,LN002512,Personal Loan,406716,18.5,360,2023-02-25,Approved,778.0,Yes
CUST02970,Meera Gupta,33,Female,Varanasi,Government Employee,1015329.0,LN002970,Auto Loan,1401547,8.75,60,2023-08-06,Approved,696.0,No
CUST00137,Neha Gupta,36,Male,Varanasi,Government Employee,445788.0,LN000137,Personal Loan,740658,11.23,180,2025-07-05,Approved,610.0,No
CUST03411,Sneha Agarwal,50,Male,Ahmedabad,Salaried,1906699.0,LN003411,Personal Loan,596286,8.42,84,2025-03-25,Approved,802.0,No
CUST00212,Meera Kumar,39,Male,Patna,Self-employed,1627585.0,LN000212,Personal Loan,540083,17.43,36,2023-05-21,Approved,757.0,No
CUST00984,Aarav Sharma,61,Male,Chennai,Salaried,807838.0,LN000984,Personal Loan,127952,8.2,12,2023-08-20,Rejected,796.0,No
CUST03282,Rohan Mehta,47,Female,Delhi,Government Employee,1484238.0,LN003282,Personal Loan,511764,16.35,84,2025-03-19,Approved,660.0,Yes
CUST00340,Vikram Roy,54,Female,Lucknow,Self-employed,1721037.0,LN000340,Auto Loan,655200,14.06,12,2023-11-24,Rejected,633.0,No
CUST01309,Vikram Shah,50,Female,Bhopal,Business Owner,886163.0,LN001309,Home Loan,2933544,10.38,120,2024-12-27,Approved,779.0,No
CUST01232,Arjun Jain,33,Male,Bhopal,Salaried,1415607.0,LN001232,Personal Loan,279701,13.12,120,2023-05-31,Approved,686.0,No
CUST02858,Aman Roy,26,Male,Mumbai,Government Employee,1040834.0,LN002858,Personal Loan,694012,14.5,36,2023-02-15,Rejected,776.0,No
CUST02168,Rohan Agarwal,59,Female,Lucknow,Business Owner,1745524.0,LN002168,Home Loan,978884,7.0,360,2023-07-02,Approved,791.0,No
CUST02597,Ananya Roy,40,Male,Ahmedabad,Self-employed,2104480.0,LN002597,Home Loan,3485235,8.22,120,2025-02-04,Approved,748.0,No
CUST02982,Ananya Shah,31,Female,Ahmedabad,Salaried,2316075.0,LN002982,Business Loan,2788400,18.26,120,2024-12-11,Approved,669.0,Yes
CUST02832,Aarav Agarwal,39,Male,Delhi,Student,125128.0,LN002832,Gold Loan,530061,18.02,36,2023-06-16,Approved,621.0,No
CUST00792,Neha Agarwal,25,Female,Hyderabad,Student,455732.0,LN000792,Home Loan,5007884,17.24,120,2023-03-27,Approved,583.0,No
CUST01993,Ananya Mishra,37,Female,Indore,Salaried,1548004.0,LN001993,Business Loan,2236171,7.47,60,2023-11-21,Approved,757.0,No
CUST01365,Aarav Mishra,63,Female,Pune,Business Owner,2131071.0,LN001365,Personal Loan,211334,17.73,48,2024-04-03,Under Review,537.0,No
CUST01239,Aditya Agarwal,33,Female,Mumbai,Business Owner,430568.0,LN001239,Personal Loan,737887,12.91,48,2024-07-13,Approved,684.0,No
CUST00825,Nikhil Verma,51,Female,Lucknow,Self-employed,617509.0,LN000825,Personal Loan,580696,18.32,24,2025-09-19,Pending,723.0,No
CUST00991,Rohan Jain,48,Female,Lucknow,Government Employee,826071.0,LN000991,Personal Loan,122102,17.87,24,2024-05-18,Approved,763.0,No
CUST02320,Rahul Verma,64,Male,Bengaluru,Salaried,1319037.0,LN002320,Home Loan,2262723,10.08,180,2024-07-30,Rejected,770.0,No
CUST00818,Aman Jain,42,Male,Kolkata,,130110.0,LN000818,Auto Loan,1477182,10.96,180,2023-01-25,Approved,709.0,No
CUST01696,Ananya Singh,49,Male,Varanasi,Business Owner,1028337.0,LN001696,Home Loan,1384141,12.4,36,2023-07-28,Approved,597.0,No
CUST01069,Vivaan Jain,24,Male,Lucknow,Self-employed,2361057.0,LN001069,Personal Loan,113805,12.29,60,2025-12-24,Rejected,544.0,No
CUST01018,Ananya Singh,49,Female,Jaipur,Salaried,2242160.0,LN001018,Home Loan,3059071,13.42,240,2025-05-18,Rejected,752.0,No
CUST02510,Simran Gupta,48,Male,Indore,Government Employee,825362.0,LN002510,Home Loan,3911720,13.08,24,2024-05-16,Rejected,779.0,No
CUST02466,Nikhil Patel,50,Male,Ahmedabad,Salaried,1751809.0,LN002466,Business Loan,333743,16.87,360,2025-05-09,Pending,735.0,No
CUST00408,Riya Das,56,Male,Hyderabad,Salaried,2271219.0,LN000408,Personal Loan,73331,7.98,84,2025-09-07,Pending,643.0,No
CUST02385,Priya Roy,57,Male,Varanasi,Salaried,2364772.0,LN002385,Gold Loan,501736,13.07,180,2025-03-21,Approved,781.0,No
CUST03064,Sneha Joshi,32,Female,Ahmedabad,Salaried,1523350.0,LN003064,Home Loan,5241017,15.57,84,2024-08-16,Approved,763.0,No
CUST00332,Arjun Patel,38,Male,Delhi,Salaried,1905089.0,LN000332,Gold Loan,464027,8.73,84,2023-02-05,Pending,728.0,Yes
CUST01776,Kavya Mehta,26,Male,Chandigarh,Government Employee,937934.0,LN001776,Business Loan,485935,14.02,360,2023-12-06,Approved,631.0,Yes
CUST01987,Priya Joshi,33,Female,Patna,Government Employee,1219244.0,LN001987,Personal Loan,81611,16.13,180,2025-11-13,Pending,662.0,No
CUST00168,Vivaan Jain,60,Female,Bhopal,Government Employee,1104565.0,LN000168,Home Loan,3011738,17.89,180,2023-02-27,Approved,799.0,No
CUST02492,Aman Joshi,37,Male,Patna,Student,348451.0,LN002492,Auto Loan,528587,11.88,180,2025-01-31,Approved,707.0,No
CUST02412,Aditya Verma,51,Male,Chandigarh,Student,395877.0,LN002412,Auto Loan,1150520,7.64,240,2025-02-13,Rejected,672.0,No
CUST00297,Aditya Singh,37,Male,Jaipur,Salaried,386548.0,LN000297,Auto Loan,618535,7.22,36,2025-04-01,Approved,642.0,No
CUST01214,Karan Singh,51,Female,Pune,Salaried,2445634.0,LN001214,Home Loan,4465056,10.94,120,2025-05-14,Under Review,672.0,No
CUST00576,Vivaan Joshi,54,Female,Bengaluru,Student,246839.0,LN000576,Business Loan,3622365,12.09,12,2025-03-10,Rejected,719.0,No
CUST00320,Vikram Yadav,55,Female,Patna,Salaried,1230457.0,LN000320,Gold Loan,571144,16.05,360,2023-03-17,Approved,663.0,No
CUST03021,Isha Jain,23,Female,Pune,Salaried,1078920.0,LN003021,Gold Loan,781440,13.46,36,2025-07-21,Approved,723.0,No
CUST00663,Isha Verma,42,Female,Jaipur,Self-employed,1864038.0,LN000663,Business Loan,2801212,9.91,60,2024-01-23,Approved,679.0,No
CUST01197,Kavya Mehta,37,Female,Indore,Salaried,1769432.0,LN001197,Personal Loan,636967,7.76,120,2023-10-04,Approved,807.0,No
CUST01731,Nikhil Kumar,61,Female,Varanasi,Self-employed,1977240.0,LN001731,Home Loan,4769366,13.64,360,2025-01-20,Rejected,675.0,No
CUST02074,Riya Agarwal,23,Male,Chennai,Salaried,2226350.0,LN002074,Home Loan,3126444,10.9,36,2024-04-08,Rejected,648.0,No
CUST00536,Karan Gupta,48,Female,Ahmedabad,Government Employee,1012494.0,LN000536,Business Loan,1490897,8.02,24,2024-08-16,Approved,626.0,No
CUST01700,Aarav Verma,31,Female,Bengaluru,Salaried,2258339.0,LN001700,Home Loan,5057413,17.29,360,2025-11-07,Approved,627.0,No
CUST00333,Sneha Mishra,65,Female,Indore,Business Owner,3029137.0,LN000333,Auto Loan,1084550,14.29,120,2024-12-10,Rejected,738.0,No
CUST02303,Simran Singh,54,Male,Mumbai,Business Owner,669258.0,LN002303,Education Loan,1385504,14.01,48,2023-06-03,Approved,781.0,Yes
CUST02266,Rohan Mishra,47,Male,Bengaluru,Salaried,953699.0,LN002266,Gold Loan,486894,18.03,120,2023-05-21,Rejected,754.0,No
CUST03412,Vikram Verma,25,Male,Hyderabad,Government Employee,761389.0,LN003412,Business Loan,2352849,10.46,84,2025-01-01,Approved,691.0,No
CUST01894,Neha Patel,58,Female,Lucknow,Student,145592.0,LN001894,Personal Loan,274866,,120,2023-03-30,Rejected,727.0,No
CUST01905,Aditya Agarwal,56,Female,Delhi,Government Employee,776398.0,LN001905,Education Loan,160592,13.66,84,2024-08-25,Approved,639.0,Yes
CUST03191,Rahul Joshi,26,Male,Chennai,Salaried,320254.0,LN003191,Home Loan,1410433,12.94,12,2025-07-30,Approved,632.0,Yes
CUST02312,Aditya Mishra,41,Female,Varanasi,Student,,LN002312,Personal Loan,976199,9.08,180,2025-11-08,Approved,770.0,No
CUST00521,Riya Roy,43,Female,Ahmedabad,Student,463686.0,LN000521,Home Loan,3039164,10.99,12,2025-04-06,Approved,652.0,No
CUST01943,Pooja Roy,38,Male,Kolkata,Student,424399.0,LN001943,Gold Loan,111590,,360,2025-03-30,Rejected,680.0,No
CUST01927,Isha Sharma,41,Male,Bengaluru,Government Employee,1294841.0,LN001927,Home Loan,4037808,12.54,120,2024-11-08,Approved,818.0,No
CUST01794,Riya Joshi,28,Female,Chandigarh,Student,150432.0,LN001794,Gold Loan,745870,11.78,60,2023-06-22,Pending,600.0,No
CUST00961,Ananya Joshi,54,Female,Jaipur,Government Employee,909525.0,LN000961,Auto Loan,1784204,18.13,60,2024-10-28,Approved,755.0,No
CUST01161,Priya Das,51,Female,Bhopal,Self-employed,2289572.0,LN001161,Home Loan,1102445,16.8,24,2023-05-13,Approved,648.0,Yes
CUST01811,Priya Das,40,Male,Bhopal,Self-employed,993017.0,LN001811,Personal Loan,729258,15.47,180,2024-01-23,Approved,804.0,Yes
CUST01841,Isha Jain,33,Female,Hyderabad,Government Employee,899479.0,LN001841,Gold Loan,513698,14.58,12,2023-09-14,Under Review,626.0,No
CUST01748,Vikram Gupta,28,Male,Lucknow,Salaried,1309661.0,LN001748,Gold Loan,779358,10.37,48,2023-05-10,Rejected,575.0,No
CUST00017,Kavya Gupta,55,Female,Jaipur,Salaried,1965954.0,LN000017,Gold Loan,752335,12.16,240,2023-06-10,Approved,679.0,Yes
CUST02324,Kavya Verma,63,Male,Mumbai,Student,215386.0,LN002324,Personal Loan,303200,10.81,180,2023-08-03,Rejected,721.0,No
CUST03352,Karan Das,46,Male,Patna,Salaried,1385684.0,LN003352,Home Loan,5329728,10.54,84,2025-05-14,Under Review,603.0,No
CUST01460,Neha Sharma,42,Male,Chandigarh,Self-employed,232195.0,LN001460,Business Loan,2433478,14.59,84,2023-10-01,Rejected,794.0,No
CUST00658,Riya Agarwal,61,Female,Bengaluru,Student,399773.0,LN000658,Personal Loan,146950,16.27,36,2023-12-15,Approved,831.0,No
CUST01499,Arjun Roy,32,Male,Chandigarh,Salaried,2360098.0,LN001499,Personal Loan,134766,10.0,36,2025-02-21,Approved,609.0,No
CUST03149,Karan Singh,21,Female,Chandigarh,Salaried,1848918.0,LN003149,Home Loan,2660558,9.88,48,2025-08-04,Approved,778.0,No
CUST03160,Aman Agarwal,61,Male,Lucknow,Self-employed,2420314.0,LN003160,Home Loan,2532142,10.57,12,2025-09-18,Approved,730.0,No
CUST03184,Neha Yadav,37,Female,Indore,Government Employee,896960.0,LN003184,Home Loan,5956313,17.0,12,2025-12-13,Rejected,633.0,No
CUST02972,Neha Gupta,35,Male,Chennai,Business Owner,668421.0,LN002972,Gold Loan,73613,8.21,84,2023-01-07,Approved,664.0,No
CUST01835,Arjun Agarwal,53,Male,Chennai,Self-employed,1557416.0,LN001835,Education Loan,1255267,8.19,84,2023-12-07,Pending,584.0,No
CUST01548,Rahul Agarwal,35,Male,Chandigarh,Salaried,830228.0,LN001548,Personal Loan,767644,16.21,120,2024-08-28,Approved,740.0,No
CUST03248,Meera Mehta,44,Male,Indore,Government Employee,453278.0,LN003248,Gold Loan,697195,15.74,12,2024-07-26,Approved,776.0,No
CUST02708,Neha Roy,24,Female,Hyderabad,Self-employed,1255346.0,LN002708,Personal Loan,262793,9.79,360,2024-02-11,Rejected,545.0,No
CUST00722,Isha Kumar,25,Male,Pune,Salaried,449289.0,LN000722,Business Loan,2994670,12.97,240,2023-09-07,Pending,710.0,No
CUST00091,Aditya Patel,25,Female,Mumbai,Salaried,1794737.0,LN000091,Home Loan,1203119,16.79,180,2023-08-12,Approved,651.0,No
CUST00181,Rohan Gupta,28,Male,Bengaluru,Government Employee,617013.0,LN000181,Business Loan,3563614,16.64,36,2025-02-17,Pending,731.0,No
CUST01930,Sneha Gupta,49,Male,Jaipur,Student,158503.0,LN001930,Auto Loan,1456992,14.56,240,2023-12-10,Rejected,609.0,No
CUST01983,Meera Singh,64,Female,Varanasi,Business Owner,929497.0,LN001983,Business Loan,1310641,7.71,12,2025-11-21,Under Review,627.0,No
CUST03466,Isha Gupta,59,Male,Indore,Salaried,1383273.0,LN003466,Personal Loan,125014,12.79,60,2024-12-26,Rejected,712.0,No
CUST03015,Aarav Agarwal,62,Female,Bengaluru,Salaried,1634415.0,LN003015,Personal Loan,586495,12.67,12,2023-07-29,Approved,780.0,
CUST02666,Karan Kumar,27,Female,Chandigarh,Government Employee,368677.0,LN002666,Personal Loan,442084,13.79,84,2025-07-14,Pending,512.0,Yes
CUST02568,Rahul Gupta,65,Male,Bhopal,Salaried,2228751.0,LN002568,Personal Loan,961682,8.17,48,2024-06-30,Approved,757.0,No
CUST00559,Pooja Roy,48,Female,Hyderabad,Salaried,1717746.0,LN000559,Personal Loan,192412,12.73,84,2024-12-17,Rejected,771.0,No
CUST00988,Rahul Joshi,52,Female,Mumbai,Self-employed,2035351.0,LN000988,Business Loan,3880176,12.71,36,2024-03-28,Under Review,640.0,No
CUST00555,Vivaan Mehta,60,Male,Lucknow,Business Owner,2520100.0,LN000555,Education Loan,1478280,16.83,84,2024-01-31,Approved,695.0,No
CUST02350,Vivaan Joshi,58,Male,Bengaluru,Salaried,2199590.0,LN002350,Auto Loan,977028,15.2,12,2023-07-25,Approved,768.0,Yes
CUST00742,Priya Yadav,23,Female,Bengaluru,Business Owner,2020706.0,LN000742,Auto Loan,1122100,13.38,12,2024-02-01,Approved,826.0,No
CUST01544,Neha Singh,24,Female,Kolkata,Salaried,765923.0,LN001544,Business Loan,947429,11.93,60,2023-04-18,Pending,767.0,No
CUST00993,Arjun Sharma,29,Female,Lucknow,Self-employed,1508142.0,LN000993,Home Loan,5095520,16.67,60,2025-02-11,Approved,589.0,Yes
CUST01711,Aarav Roy,54,Male,Kolkata,Business Owner,2910370.0,LN001711,Personal Loan,807386,18.19,24,2025-06-22,Rejected,708.0,Yes
CUST00831,Neha Gupta,28,Male,Mumbai,Salaried,2403358.0,LN000831,Business Loan,761365,11.86,84,2023-12-25,Approved,642.0,No
CUST01552,Vikram Verma,47,Male,Pune,Student,167060.0,LN001552,Home Loan,2899786,16.87,240,2025-03-11,Pending,552.0,No
CUST02882,Aman Patel,41,Female,Mumbai,Government Employee,354400.0,LN002882,Personal Loan,550098,8.23,240,2025-05-23,Approved,718.0,No
CUST02018,Meera Yadav,60,Male,Bhopal,Self-employed,2086486.0,LN002018,Personal Loan,311728,11.94,180,2023-09-05,Rejected,584.0,No
CUST01225,Aman Agarwal,50,Male,Patna,Salaried,1973555.0,LN001225,Auto Loan,1577534,15.98,12,2023-06-05,Approved,681.0,No
CUST02778,Priya Kumar,32,Female,Ahmedabad,Self-employed,1513576.0,LN002778,Personal Loan,718059,15.51,60,2025-07-26,Approved,688.0,No
CUST00687,Vikram Joshi,25,Male,Bengaluru,Salaried,2383092.0,LN000687,Auto Loan,1740726,12.11,48,2024-06-16,Rejected,658.0,No
CUST01415,Nikhil Gupta,31,Female,Mumbai,Self-employed,1938490.0,LN001415,Personal Loan,673426,15.22,36,2025-07-06,Approved,639.0,No
CUST02937,Ananya Patel,29,Male,Ahmedabad,Business Owner,2297935.0,LN002937,Personal Loan,84232,12.75,36,2025-08-03,Approved,664.0,No
CUST02555,Priya Agarwal,34,Female,Delhi,Salaried,740342.0,LN002555,Personal Loan,703869,12.36,24,2025-10-22,Approved,850.0,No
CUST01520,Sneha Mishra,59,Female,Bhopal,Self-employed,1149205.0,LN001520,Home Loan,4744330,14.41,60,2025-01-24,Approved,663.0,No
CUST03057,Vivaan Das,28,Female,Jaipur,Salaried,1310715.0,LN003057,Personal Loan,424437,14.4,36,2025-04-13,Rejected,778.0,No
CUST00267,Simran Mehta,65,Female,Chandigarh,Self-employed,624972.0,LN000267,Gold Loan,492899,11.03,180,2023-02-28,Pending,609.0,No
CUST02438,Pooja Sharma,39,Male,Kolkata,Government Employee,591760.0,LN002438,Business Loan,949611,7.59,84,2023-07-30,Approved,614.0,No
CUST00720,Aditya Das,59,Female,Pune,Salaried,481951.0,LN000720,Home Loan,1112499,8.01,180,2024-06-29,Rejected,692.0,No
CUST03297,Meera Sharma,48,Male,Patna,Salaried,1614412.0,LN003297,Personal Loan,537227,13.17,60,2024-06-29,Under Review,586.0,No
CUST03287,Sneha Agarwal,35,Female,Indore,Business Owner,2185449.0,LN003287,Home Loan,2874712,9.18,24,2024-12-08,Approved,704.0,Yes
CUST00526,Rahul Roy,36,Female,Pune,Business Owner,2651556.0,LN000526,Gold Loan,732923,15.46,120,2023-08-17,Approved,743.0,No
CUST00670,Karan Mishra,59,Male,Bhopal,Salaried,1356855.0,LN000670,Home Loan,3997860,7.75,36,2024-10-25,Pending,676.0,No
CUST02595,Arjun Yadav,64,,Patna,Self-employed,1972024.0,LN002595,Auto Loan,679321,14.17,360,2024-08-14,Approved,617.0,
CUST03130,Rohan Yadav,62,Male,Chennai,Salaried,1046407.0,LN003130,Auto Loan,1097899,16.16,60,2024-03-15,Approved,578.0,Yes
CUST02011,Isha Yadav,63,Male,Bengaluru,Self-employed,860569.0,LN002011,Auto Loan,692844,7.12,60,2023-06-17,Approved,681.0,No
CUST00999,Rohan Mishra,60,Female,Mumbai,Student,411517.0,LN000999,Personal Loan,416657,8.77,240,2025-09-12,Approved,692.0,No
CUST02602,Isha Gupta,27,Male,Patna,Salaried,1921585.0,LN002602,Auto Loan,323937,16.46,84,2025-04-19,Rejected,620.0,No
CUST01332,Priya Shah,59,Male,Hyderabad,Business Owner,2509893.0,LN001332,Auto Loan,282321,16.76,48,2023-01-27,Approved,724.0,No
CUST00054,Meera Joshi,26,Female,Chennai,Salaried,2349455.0,LN000054,Home Loan,5181514,8.01,180,2025-04-02,Rejected,770.0,No
CUST02130,Nikhil Kumar,35,Female,Lucknow,Salaried,2331609.0,LN002130,Education Loan,1227662,14.4,180,2023-12-04,Approved,630.0,Yes
CUST01868,Neha Agarwal,56,Female,Lucknow,Salaried,287396.0,LN001868,Personal Loan,675363,17.6,48,2025-11-10,Approved,759.0,Yes
CUST01483,Karan Singh,26,Male,Ahmedabad,Salaried,420002.0,LN001483,Personal Loan,982114,14.98,48,2025-09-30,Approved,679.0,Yes
CUST02984,Karan Patel,39,Male,Mumbai,Student,421678.0,LN002984,Home Loan,4764931,7.9,360,2025-06-05,Approved,700.0,No
CUST02093,Simran Sharma,42,Male,Lucknow,Government Employee,555842.0,LN002093,Personal Loan,868347,13.15,180,2024-03-10,Approved,645.0,No
CUST01324,Aditya Kumar,56,Male,Jaipur,Self-employed,1929875.0,LN001324,Personal Loan,507044,14.1,360,2024-08-29,Approved,735.0,No
CUST02818,Riya Shah,56,Male,Kolkata,Business Owner,2396985.0,LN002818,Home Loan,3260856,9.78,36,2025-01-11,Approved,784.0,Yes
CUST02725,Riya Mishra,56,Female,Pune,Salaried,1499772.0,LN002725,Gold Loan,609979,10.83,240,2025-01-12,Approved,614.0,No
CUST03105,Sneha Sharma,47,Male,Bhopal,Self-employed,291115.0,LN003105,Education Loan,251534,14.6,240,2023-09-29,Pending,676.0,No
CUST01641,Isha Mehta,43,Male,Bengaluru,Business Owner,1520581.0,LN001641,Personal Loan,642990,7.48,360,2025-01-19,Rejected,632.0,No
CUST02465,Isha Shah,31,Female,Patna,Business Owner,2149953.0,LN002465,Gold Loan,429823,16.6,180,2025-05-24,Approved,742.0,No
CUST02669,Riya Das,35,Male,Hyderabad,Salaried,2075428.0,LN002669,Gold Loan,730353,16.94,180,2023-05-08,Approved,754.0,Yes
CUST01647,Riya Roy,36,Male,Chennai,Salaried,194787.0,LN001647,Home Loan,944375,10.7,360,2024-04-30,Approved,673.0,No
CUST03186,Nikhil Yadav,50,Male,Indore,Self-employed,1442840.0,LN003186,Home Loan,5053480,12.78,240,2025-01-10,Rejected,712.0,No
CUST02694,Aman Verma,65,Female,Mumbai,Government Employee,373415.0,LN002694,Home Loan,2062776,18.41,240,2023-11-14,Rejected,763.0,No
CUST02173,Karan Patel,32,Male,Varanasi,Salaried,360482.0,LN002173,Education Loan,982873,10.55,84,2024-05-23,Rejected,617.0,Yes
CUST02242,Vikram Verma,41,Male,Indore,Self-employed,1319261.0,LN002242,Personal Loan,589466,18.12,60,2025-06-14,Pending,698.0,Yes
CUST00291,Rohan Das,54,Female,Lucknow,Student,446053.0,LN000291,Gold Loan,375437,16.17,36,2024-11-29,Approved,663.0,No
CUST00941,Neha Das,64,Female,Indore,Business Owner,1975460.0,LN000941,Auto Loan,922427,18.16,60,2023-04-23,Under Review,685.0,No
CUST03185,Rohan Agarwal,45,Male,Indore,Self-employed,,LN003185,Personal Loan,367716,16.73,48,2023-09-21,Approved,739.0,No
CUST01536,Vikram Gupta,40,Female,Ahmedabad,Government Employee,1197803.0,LN001536,Auto Loan,444203,12.79,84,2024-01-01,Approved,653.0,No
CUST01455,Riya Mishra,38,Female,Pune,Self-employed,785978.0,LN001455,Personal Loan,486677,7.9,180,2024-03-13,Rejected,708.0,No
CUST03046,Neha Gupta,34,,Mumbai,Government Employee,516170.0,LN003046,Home Loan,2590245,12.93,180,2023-07-13,Approved,630.0,No
CUST03037,Karan Agarwal,46,Male,Patna,Salaried,1162103.0,LN003037,Gold Loan,673152,8.22,60,2024-05-22,Rejected,684.0,No
CUST02756,Vikram Sharma,62,Male,Patna,Government Employee,525429.0,LN002756,Home Loan,2080524,10.02,12,2023-03-27,Approved,655.0,No
CUST03033,Karan Joshi,33,Male,Jaipur,Salaried,1181548.0,LN003033,Business Loan,3276313,16.18,360,2023-10-26,Approved,648.0,No
CUST01276,Riya Gupta,46,Male,Hyderabad,Salaried,2381401.0,LN001276,Home Loan,4477020,17.74,24,2025-04-18,Approved,682.0,No
CUST00739,Neha Singh,63,Female,Jaipur,Salaried,1171596.0,LN000739,Personal Loan,725462,15.86,12,2023-08-17,Rejected,655.0,Yes
CUST02082,Priya Yadav,46,Male,Lucknow,Salaried,730050.0,LN002082,Personal Loan,70653,13.66,84,2024-11-30,Approved,604.0,No
CUST02995,Meera Kumar,37,Female,Indore,Salaried,1851640.0,LN002995,Gold Loan,465529,11.67,60,2023-02-09,Approved,701.0,No
CUST03195,Arjun Jain,24,Female,Ahmedabad,Student,273195.0,LN003195,Business Loan,1004083,8.95,36,2023-01-20,Approved,611.0,No
CUST00992,Aman Gupta,31,Female,Hyderabad,Government Employee,1323157.0,LN000992,Auto Loan,198838,12.71,24,2025-06-22,Pending,658.0,No
CUST00003,Pooja Sharma,64,Female,Mumbai,Self-employed,708178.0,LN000003,Auto Loan,1455416,14.87,120,2024-05-23,Pending,644.0,No
CUST01581,Meera Agarwal,54,Male,Jaipur,Self-employed,293682.0,LN001581,Auto Loan,1791359,11.95,36,2023-12-30,Approved,785.0,No
CUST01177,Aarav Mehta,24,Female,Patna,Business Owner,1369966.0,LN001177,Home Loan,3888300,11.66,120,2025-09-12,Approved,732.0,No
CUST01318,Aman Das,58,Male,Delhi,Student,131290.0,LN001318,Education Loan,1200712,15.61,84,2025-10-05,Approved,643.0,No
CUST02779,Priya Agarwal,58,Male,Bengaluru,Salaried,810522.0,LN002779,Education Loan,454816,10.19,240,2025-07-20,Pending,588.0,Yes
CUST00048,Rohan Verma,24,Female,Patna,Salaried,1485794.0,LN000048,Business Loan,2823802,14.68,24,2023-03-02,Approved,644.0,No
CUST02614,Sneha Joshi,37,Female,Bhopal,Salaried,1301242.0,LN002614,Auto Loan,1515971,15.81,180,2025-04-09,Pending,609.0,No
CUST02081,Riya Mehta,53,Female,Bengaluru,Salaried,1662937.0,LN002081,Personal Loan,131481,12.52,360,2024-07-28,Approved,687.0,Yes
CUST01950,Aditya Das,45,Male,Pune,Salaried,1062318.0,LN001950,Auto Loan,304850,12.19,24,2024-12-26,Rejected,646.0,Yes
CUST03217,Rohan Mishra,41,Male,Jaipur,Student,441255.0,LN003217,Gold Loan,161270,11.3,120,2023-08-19,Rejected,747.0,No
CUST03113,Riya Verma,64,Female,Delhi,Salaried,704702.0,LN003113,Business Loan,1336703,,60,2024-02-04,Approved,804.0,No
CUST00673,Rahul Jain,32,Female,Delhi,Government Employee,1121482.0,LN000673,Business Loan,3507324,9.68,84,2024-02-25,Approved,668.0,No
CUST00488,Rohan Shah,35,Male,Bengaluru,Salaried,2456158.0,LN000488,Personal Loan,209912,15.78,24,2023-05-26,Pending,659.0,No
CUST00830,Karan Mehta,34,Female,Mumbai,Salaried,1621195.0,LN000830,Home Loan,4185868,10.56,24,2023-01-09,Pending,688.0,No
CUST01470,Rohan Yadav,61,Female,Pune,Business Owner,520469.0,LN001470,Auto Loan,483018,17.01,240,2023-03-07,Rejected,628.0,No
CUST00300,Pooja Roy,53,Male,Chandigarh,Student,395399.0,LN000300,Gold Loan,753363,9.28,240,2024-01-02,Approved,800.0,No
CUST03019,Nikhil Roy,54,Male,Indore,Government Employee,1125501.0,LN003019,Personal Loan,493101,13.17,24,2024-10-29,Rejected,650.0,No
CUST00940,Ananya Jain,45,Male,Pune,Salaried,1332417.0,LN000940,Personal Loan,428888,15.61,60,2025-09-15,Pending,648.0,No
CUST03140,Neha Agarwal,36,Male,Mumbai,Self-employed,2042581.0,LN003140,Auto Loan,215258,17.63,180,2025-11-11,Approved,676.0,No
CUST01965,Kavya Joshi,51,Male,Delhi,Salaried,964229.0,LN001965,Home Loan,5680430,16.24,360,2025-10-27,Pending,743.0,No
CUST02136,Rohan Mehta,35,Male,Lucknow,Salaried,2446194.0,LN002136,Home Loan,4547316,14.8,24,2025-01-13,Rejected,764.0,Yes
CUST02424,Neha Das,34,Female,Hyderabad,Salaried,2075614.0,LN002424,Personal Loan,388692,11.34,48,2024-06-15,Rejected,671.0,No
CUST00107,Aman Mehta,39,Male,Varanasi,Student,190316.0,LN000107,Home Loan,3531638,8.86,84,2025-07-02,Rejected,647.0,Yes
CUST00607,Aman Agarwal,31,Male,Kolkata,Self-employed,910559.0,LN000607,Education Loan,453351,9.21,24,2023-10-02,Rejected,564.0,No
CUST01912,Karan Patel,51,Male,Chennai,Government Employee,538047.0,LN001912,Home Loan,3712219,10.73,84,2024-12-08,Rejected,737.0,No
CUST01821,Simran Joshi,21,Male,Varanasi,Self-employed,863226.0,LN001821,Personal Loan,576195,9.41,60,2025-04-21,Approved,663.0,Yes
CUST01028,Sneha Mehta,34,Male,Pune,Self-employed,1764492.0,LN001028,Home Loan,3197812,13.91,120,2025-08-30,Pending,726.0,No
CUST00862,Neha Mishra,37,Male,Lucknow,Student,356591.0,LN000862,Personal Loan,98786,14.2,24,2025-08-02,Approved,677.0,No
CUST01302,Vivaan Yadav,37,Male,Hyderabad,Salaried,311607.0,LN001302,Home Loan,995984,17.96,360,2025-11-15,Approved,683.0,No
CUST02004,Simran Mehta,46,Female,Pune,Salaried,1466525.0,LN002004,Home Loan,1783428,7.07,240,2023-04-29,Approved,656.0,No
CUST02164,Pooja Gupta,56,Female,Ahmedabad,Government Employee,464010.0,LN002164,Personal Loan,385939,11.96,12,2023-05-31,Rejected,563.0,No
CUST02904,Karan Verma,42,Female,Varanasi,Salaried,1874684.0,LN002904,Home Loan,971610,18.45,84,2023-09-01,Approved,681.0,No
CUST03251,Rahul Mehta,63,Female,Bengaluru,Salaried,2294163.0,LN003251,Education Loan,1217642,15.86,12,2024-09-30,Rejected,748.0,No
CUST02216,Nikhil Yadav,48,Male,Mumbai,Self-employed,906245.0,LN002216,Education Loan,1089656,14.04,12,2025-11-22,Approved,730.0,No
CUST01047,Aman Das,59,Female,Jaipur,Salaried,1768062.0,LN001047,Personal Loan,511154,14.3,12,2023-09-17,Rejected,513.0,No
CUST00390,Rohan Roy,65,Female,Pune,Salaried,937582.0,LN000390,Gold Loan,188009,15.45,48,2024-09-12,Under Review,542.0,
CUST02993,Simran Agarwal,31,Female,Indore,Business Owner,987448.0,LN002993,Home Loan,5308820,11.53,48,2023-08-08,Approved,642.0,No
CUST03088,Aarav Jain,52,Male,Lucknow,Government Employee,911347.0,LN003088,Auto Loan,1604412,15.32,360,2025-01-13,Approved,721.0,No
CUST01630,Rohan Roy,58,Female,Bengaluru,Salaried,1493656.0,LN001630,Business Loan,3520571,9.55,48,2023-08-16,Rejected,704.0,No
CUST00723,Vikram Patel,58,Female,Indore,Self-employed,1187536.0,LN000723,Auto Loan,1383678,11.94,240,2024-05-06,Approved,661.0,Yes
CUST02439,Nikhil Jain,33,Male,Patna,Salaried,855031.0,LN002439,Auto Loan,1299741,9.14,360,2024-03-27,Approved,850.0,Yes
CUST01142,Meera Gupta,33,Male,Ahmedabad,Salaried,579185.0,LN001142,Gold Loan,311989,17.13,36,2025-07-30,Rejected,645.0,No
CUST01618,Karan Mehta,58,Female,Jaipur,Business Owner,3270809.0,LN001618,Business Loan,2131422,13.62,24,2025-06-21,Pending,661.0,Yes
CUST03086,Riya Gupta,24,Male,Varanasi,Business Owner,3338908.0,LN003086,Personal Loan,666407,10.24,120,2024-04-14,Approved,592.0,No
CUST01824,Kavya Das,60,Male,Patna,Salaried,1586668.0,LN001824,Auto Loan,1370921,18.47,120,2025-02-08,Approved,791.0,Yes
CUST00708,Nikhil Singh,34,Male,Chennai,Salaried,2341513.0,LN000708,Business Loan,1096787,10.55,36,2025-03-25,Rejected,623.0,Yes
CUST00811,Vivaan Mehta,40,Male,Bengaluru,Self-employed,2327118.0,LN000811,Business Loan,901516,10.49,84,2025-01-24,Approved,728.0,No
CUST03060,Aman Shah,31,Female,Delhi,Self-employed,713373.0,LN003060,Business Loan,2289540,9.47,48,2024-09-28,Approved,648.0,No
CUST02272,Karan Joshi,26,Female,Chennai,Self-employed,2172969.0,LN002272,Gold Loan,98741,9.18,12,2025-10-10,Approved,697.0,
CUST00147,Pooja Jain,25,Male,Lucknow,Business Owner,3409887.0,LN000147,Home Loan,2813321,11.39,24,2025-08-20,Approved,735.0,No
CUST03163,Meera Shah,31,Female,Ahmedabad,Salaried,196351.0,LN003163,Personal Loan,64968,12.58,240,2024-01-28,Rejected,837.0,Yes
CUST03066,Aarav Gupta,41,Female,Hyderabad,Salaried,433571.0,LN003066,Personal Loan,282262,10.04,12,2024-03-31,Rejected,786.0,No
CUST01066,Priya Agarwal,24,Female,Hyderabad,Self-employed,1146754.0,LN001066,Home Loan,2395164,13.25,24,2023-03-29,Approved,670.0,No
CUST03283,Neha Yadav,26,,Kolkata,Self-employed,1318581.0,LN003283,Personal Loan,664561,15.72,84,2024-06-29,Pending,610.0,No
CUST02431,Nikhil Verma,26,Male,Jaipur,Self-employed,959794.0,LN002431,Auto Loan,1076486,7.79,48,2025-03-11,Approved,704.0,No
CUST02435,Aarav Kumar,41,Female,Bhopal,Student,179750.0,LN002435,Home Loan,3351257,14.17,24,2024-03-01,Approved,585.0,No
CUST00851,Karan Gupta,51,Male,Jaipur,Salaried,853832.0,LN000851,Education Loan,963624,10.57,24,2024-04-18,Under Review,522.0,No
CUST01297,Karan Roy,62,Male,Chennai,Salaried,393869.0,LN001297,Auto Loan,837094,11.84,240,2025-02-17,Rejected,573.0,No
CUST02530,Simran Jain,33,Female,Delhi,Student,122128.0,LN002530,Personal Loan,132137,11.45,240,2025-10-22,Approved,699.0,No
CUST02291,Nikhil Patel,29,Female,Lucknow,Government Employee,895620.0,LN002291,Personal Loan,53293,7.72,180,2025-09-14,Approved,777.0,No
CUST01036,Riya Gupta,30,Female,Delhi,Salaried,620769.0,LN001036,Gold Loan,190880,14.59,360,2023-11-07,Rejected,706.0,No
CUST01978,Nikhil Shah,55,Male,Varanasi,Government Employee,347114.0,LN001978,Personal Loan,268411,7.48,84,2025-05-02,Under Review,641.0,No
CUST02411,Aarav Yadav,33,Male,Patna,Salaried,1550272.0,LN002411,Gold Loan,113140,7.76,48,2024-04-15,Rejected,646.0,No
CUST00466,Neha Roy,62,Female,Mumbai,Business Owner,2304611.0,LN000466,Home Loan,2600200,10.12,24,2024-04-06,Approved,685.0,No
CUST03127,Karan Mishra,49,Female,Jaipur,Student,429942.0,LN003127,Home Loan,4165366,18.47,60,2025-08-02,Approved,692.0,No
CUST02457,Neha Patel,29,Male,Mumbai,Student,178587.0,LN002457,Personal Loan,351968,12.69,360,2025-07-21,Approved,788.0,No
CUST02596,Simran Yadav,31,Female,Lucknow,Salaried,1204219.0,LN002596,Auto Loan,1037578,9.04,360,2023-08-13,Rejected,673.0,No
CUST01817,Riya Agarwal,28,Female,Chennai,,586688.0,LN001817,Personal Loan,665684,11.4,240,2023-01-25,Approved,673.0,No
CUST02196,Kavya Das,48,Male,Mumbai,Student,473185.0,LN002196,Personal Loan,537403,11.76,48,2023-06-24,Rejected,762.0,No
CUST01952,Ananya Verma,65,Female,Jaipur,Government Employee,896910.0,LN001952,Auto Loan,297462,12.39,36,2024-11-25,Approved,615.0,No
CUST00528,Pooja Joshi,26,Male,Delhi,Salaried,1347498.0,LN000528,Personal Loan,489628,12.56,12,2025-12-11,Approved,721.0,No
CUST03358,Isha Joshi,38,Female,Mumbai,Salaried,1914025.0,LN003358,Personal Loan,881485,17.96,12,2025-11-17,Approved,697.0,No
CUST02436,Priya Verma,26,Female,Jaipur,Self-employed,1681709.0,LN002436,Gold Loan,385078,11.83,360,2023-03-05,Rejected,641.0,No
CUST01321,Pooja Mishra,35,Male,Jaipur,Self-employed,1225449.0,LN001321,Gold Loan,385475,14.75,60,2023-12-26,Approved,628.0,No
CUST01530,Nikhil Kumar,45,Female,Delhi,Salaried,1068522.0,LN001530,Personal Loan,702515,10.84,180,2025-07-07,Approved,705.0,Yes
CUST03259,Rohan Sharma,41,Female,Indore,Salaried,880611.0,LN003259,Gold Loan,539248,10.72,240,2025-12-30,Rejected,778.0,No
CUST02447,Karan Verma,60,Female,Delhi,Salaried,917153.0,LN002447,Personal Loan,815033,18.02,36,2025-08-31,Approved,715.0,No
CUST01420,Rohan Verma,36,Female,Chandigarh,Salaried,521140.0,LN001420,Auto Loan,315189,12.59,36,2024-11-28,Approved,774.0,Yes
CUST00318,Aman Jain,50,Female,Bengaluru,Government Employee,859073.0,LN000318,Home Loan,1556079,12.09,360,2024-12-18,Pending,587.0,No
CUST00324,Aman Mishra,56,Male,Bengaluru,Self-employed,681793.0,LN000324,Home Loan,4577341,18.22,48,2024-06-17,Approved,670.0,No
CUST01461,Sneha Singh,47,Female,Kolkata,Salaried,1299872.0,LN001461,Home Loan,5237387,9.59,180,2025-06-25,Approved,798.0,No
CUST03082,Kavya Singh,63,Female,Delhi,Government Employee,1269868.0,LN003082,Auto Loan,258813,17.33,180,2025-07-24,Approved,620.0,No
CUST00756,Vikram Jain,59,Female,Ahmedabad,Salaried,884582.0,LN000756,Business Loan,1913511,16.35,360,2025-08-24,Approved,676.0,Yes
CUST00703,Ananya Shah,39,Female,Bengaluru,Government Employee,477696.0,LN000703,Home Loan,3755227,10.6,60,2025-06-16,Approved,689.0,No
CUST02270,Simran Verma,39,Female,Patna,Self-employed,1299320.0,LN002270,Personal Loan,125961,11.59,12,2023-01-14,Approved,665.0,No
CUST01264,Nikhil Patel,35,Male,Hyderabad,Salaried,1634471.0,LN001264,Personal Loan,278845,8.76,48,2023-06-13,Approved,635.0,No
CUST02766,Ananya Shah,56,Female,Hyderabad,Business Owner,1551916.0,LN002766,Education Loan,315723,7.35,120,2024-02-19,Approved,748.0,No
CUST02643,Ananya Mishra,24,Female,Pune,Self-employed,1719849.0,LN002643,Personal Loan,716178,8.87,60,2025-10-24,Approved,830.0,No
CUST03497,Aarav Kumar,24,Male,Lucknow,Student,392683.0,LN003497,Home Loan,813467,8.22,24,2023-09-02,Approved,748.0,No
CUST02077,Vikram Agarwal,46,Female,Indore,Business Owner,2865786.0,LN002077,Auto Loan,245847,17.19,120,2023-04-07,Rejected,711.0,No
CUST02361,Aman Yadav,57,Male,Lucknow,Salaried,2360216.0,LN002361,Home Loan,2746932,8.9,180,2023-09-25,Pending,688.0,No
CUST01956,Kavya Kumar,22,Female,Indore,Salaried,1272511.0,LN001956,Personal Loan,927631,16.17,360,2025-04-29,Approved,715.0,Yes
CUST02717,Vikram Sharma,61,Female,Lucknow,Self-employed,1000543.0,LN002717,Home Loan,4793225,18.49,24,2023-04-04,Rejected,711.0,No
CUST02513,Nikhil Patel,50,Male,Varanasi,Salaried,2384182.0,LN002513,Auto Loan,1235468,15.88,24,2024-06-30,Approved,704.0,No
CUST03363,Aditya Kumar,33,Female,Patna,Salaried,1034950.0,LN003363,Home Loan,5165971,16.12,84,2023-08-22,Approved,679.0,No
CUST02734,Simran Jain,45,Female,Jaipur,Salaried,1457539.0,LN002734,Education Loan,802134,13.13,48,2023-01-28,Approved,699.0,No
CUST00655,Arjun Roy,65,Male,Indore,Salaried,268952.0,LN000655,Business Loan,1204498,13.45,60,2025-10-20,Approved,850.0,No
CUST00972,Riya Shah,26,Female,Delhi,Government Employee,1452849.0,LN000972,Business Loan,2653348,9.04,360,2025-11-25,Approved,648.0,Yes
CUST02698,Vikram Jain,56,Male,Bhopal,Self-employed,469321.0,LN002698,Auto Loan,473145,14.21,240,2023-10-14,Approved,693.0,No
CUST00272,Vikram Kumar,58,Male,Chandigarh,Self-employed,364514.0,LN000272,Gold Loan,667693,9.59,60,2025-07-11,Rejected,678.0,No
CUST03215,Nikhil Roy,49,Female,Varanasi,Government Employee,862682.0,LN003215,Home Loan,2642366,12.35,36,2023-08-05,Under Review,611.0,Yes
CUST02007,Kavya Shah,63,Female,Patna,Salaried,301015.0,LN002007,Auto Loan,710507,15.51,120,2025-10-11,Pending,758.0,No
CUST03013,Sneha Joshi,65,Female,Hyderabad,Salaried,991105.0,LN003013,Home Loan,5859815,17.17,60,2025-09-16,Approved,762.0,No
CUST00256,Kavya Roy,63,Male,Delhi,Self-employed,1695331.0,LN000256,Home Loan,4102198,15.2,84,2023-05-01,Approved,613.0,Yes
CUST00231,Arjun Kumar,21,Female,Ahmedabad,Salaried,1341068.0,LN000231,Gold Loan,473177,9.63,12,2023-12-20,Rejected,726.0,No
CUST02243,Pooja Shah,31,Female,Pune,Salaried,1324438.0,LN002243,Personal Loan,458551,10.47,12,2025-11-28,Approved,772.0,No
CUST02852,Rahul Verma,46,Male,Chandigarh,Business Owner,3115281.0,LN002852,Gold Loan,637924,15.62,48,2024-01-08,Pending,604.0,No
CUST01669,Arjun Joshi,26,Female,Chandigarh,Student,158829.0,LN001669,Home Loan,4949513,7.23,240,2025-12-24,Rejected,715.0,No
CUST01747,Rahul Patel,25,Female,Lucknow,Government Employee,1437667.0,LN001747,Education Loan,310741,7.57,48,2023-05-07,Approved,764.0,No
CUST00587,Ananya Kumar,33,Female,Kolkata,Government Employee,543950.0,LN000587,Auto Loan,848392,12.8,12,2025-12-07,Approved,596.0,No
CUST00954,Ananya Mehta,24,Male,Delhi,Government Employee,481532.0,LN000954,Auto Loan,1344525,15.24,36,2024-07-23,Pending,539.0,No
CUST01503,Aarav Agarwal,42,Male,Chandigarh,Self-employed,1703232.0,LN001503,Personal Loan,299699,15.55,12,2023-07-05,Under Review,600.0,No
CUST01198,Meera Shah,45,Female,Bengaluru,Student,312077.0,LN001198,Personal Loan,554268,14.5,24,2023-02-23,Rejected,827.0,Yes
CUST02112,Priya Das,43,Female,Indore,Salaried,451394.0,LN002112,Home Loan,1587378,7.5,24,2025-03-03,Approved,664.0,No
CUST03027,Kavya Roy,58,Female,Varanasi,Government Employee,430351.0,LN003027,Personal Loan,336251,15.15,24,2023-03-24,Approved,722.0,No
CUST01216,Meera Roy,34,Male,Hyderabad,Salaried,2080214.0,LN001216,Personal Loan,930757,14.84,180,2024-07-10,Approved,744.0,Yes
CUST00095,Arjun Verma,44,Female,Ahmedabad,Government Employee,432079.0,LN000095,Home Loan,4448966,10.93,60,2025-09-15,Rejected,730.0,No
CUST01722,Isha Sharma,30,Female,Kolkata,Salaried,1621043.0,LN001722,Auto Loan,1189540,18.19,36,2025-05-26,Approved,,No
CUST02961,Ananya Mehta,50,Female,Pune,Salaried,1140050.0,LN002961,Auto Loan,1659786,10.16,180,2023-05-15,Rejected,713.0,No
CUST02684,Karan Patel,36,Male,Mumbai,Salaried,1750149.0,LN002684,Personal Loan,711045,18.39,24,2024-01-04,Approved,752.0,No
CUST03323,Ananya Shah,48,Male,Indore,Self-employed,1602753.0,LN003323,Gold Loan,262084,10.68,60,2024-10-16,Pending,757.0,Yes
CUST00927,Neha Sharma,59,Male,Varanasi,Government Employee,1103100.0,LN000927,Education Loan,413456,12.83,24,2024-12-05,Approved,809.0,No
CUST00437,Ananya Agarwal,48,Male,Varanasi,Salaried,920045.0,LN000437,Auto Loan,308998,8.22,180,2023-08-05,Approved,667.0,No
CUST02186,Kavya Joshi,64,Male,Delhi,Government Employee,366920.0,LN002186,Gold Loan,499790,15.46,120,2023-09-26,Approved,780.0,No
CUST01728,Neha Sharma,52,Male,Kolkata,Salaried,1633138.0,LN001728,Personal Loan,951850,16.91,360,2025-02-23,Approved,689.0,Yes
CUST01147,Vivaan Patel,21,Male,Bhopal,Salaried,1811629.0,LN001147,Home Loan,3961663,9.66,48,2023-01-01,Approved,625.0,No
CUST00821,Kavya Mishra,41,Male,Jaipur,Business Owner,3401878.0,LN000821,Personal Loan,168194,16.79,60,2025-01-25,Approved,589.0,No
CUST02652,Aditya Mishra,22,Female,Bhopal,Self-employed,2430187.0,LN002652,Personal Loan,340508,9.63,180,2025-10-27,Approved,681.0,No
CUST02956,Karan Patel,42,Male,Kolkata,Government Employee,476550.0,LN002956,Education Loan,575076,11.55,60,2023-09-21,Approved,712.0,No
CUST00282,Isha Gupta,22,Female,Pune,Student,381657.0,LN000282,Education Loan,881163,11.08,84,2024-10-21,Approved,724.0,No
CUST01249,Ananya Patel,48,Male,Lucknow,Salaried,1614371.0,LN001249,Home Loan,1007932,17.3,36,2025-11-02,Approved,669.0,No
CUST02066,Vikram Singh,42,Female,Chandigarh,Salaried,2141536.0,LN002066,Personal Loan,565753,12.66,48,2025-01-02,Approved,693.0,No
CUST02885,Karan Mishra,61,Male,Mumbai,Salaried,1739070.0,LN002885,Personal Loan,851220,14.21,12,2023-02-18,Under Review,620.0,Yes
CUST02515,Priya Agarwal,40,Male,Pune,Self-employed,290397.0,LN002515,Personal Loan,163305,7.72,240,2025-01-05,Approved,609.0,Yes
CUST01015,Arjun Patel,40,Female,Indore,Self-employed,,LN001015,Home Loan,1313993,11.74,240,2023-11-25,Approved,753.0,No
CUST00767,Vikram Singh,46,Male,Bengaluru,Self-employed,1035243.0,LN000767,Gold Loan,166737,11.81,36,2024-08-09,Approved,766.0,No
CUST00604,Vikram Yadav,28,Female,Patna,Salaried,2289571.0,LN000604,Business Loan,681856,10.18,84,2024-09-25,Pending,749.0,No
CUST01027,Aarav Joshi,63,Male,Bengaluru,Salaried,880849.0,LN001027,Home Loan,3385412,8.67,84,2023-10-30,Rejected,594.0,No
CUST03314,Sneha Gupta,48,Female,Lucknow,Self-employed,1916223.0,LN003314,Personal Loan,257805,9.97,360,2025-08-31,Approved,757.0,No
CUST01875,Karan Roy,24,Female,Kolkata,Business Owner,1361329.0,LN001875,Business Loan,1693195,14.44,12,2023-06-12,Rejected,683.0,No
CUST00528,Pooja Joshi,26,Male,Delhi,Salaried,1347498.0,LN000528,Personal Loan,489628,12.56,12,2025-12-11,Approved,721.0,No
CUST00410,Kavya Agarwal,26,Male,Patna,Self-employed,1389725.0,LN000410,Personal Loan,239216,11.94,180,2025-01-01,Approved,750.0,No
CUST01735,Arjun Joshi,47,Male,Indore,Salaried,2112054.0,LN001735,Home Loan,907014,8.18,24,2025-07-01,Pending,770.0,Yes
CUST02632,Vikram Joshi,36,Male,Ahmedabad,Business Owner,730307.0,LN002632,Personal Loan,702479,9.32,180,2024-12-09,Approved,602.0,No
CUST01136,Aditya Yadav,42,Female,Mumbai,Salaried,2295789.0,LN001136,Personal Loan,621719,15.73,84,2023-12-02,Approved,473.0,No
CUST01659,Rohan Agarwal,44,Female,Chandigarh,Salaried,462701.0,LN001659,Business Loan,2834149,14.26,12,2024-07-30,Approved,758.0,No
CUST01633,Simran Shah,55,Male,Pune,Salaried,1245136.0,LN001633,Business Loan,3773024,17.28,240,2024-10-22,Approved,724.0,Yes
CUST01595,Sneha Mishra,50,Female,Bengaluru,Salaried,576679.0,LN001595,Gold Loan,697584,14.59,24,2023-02-22,Approved,616.0,No
CUST00302,Vivaan Das,32,Male,Patna,Government Employee,577785.0,LN000302,Education Loan,853622,17.17,48,2023-05-20,Rejected,744.0,No
CUST00073,Meera Roy,52,Male,Hyderabad,Student,326111.0,LN000073,Business Loan,908746,10.73,24,2023-01-07,Rejected,669.0,No
CUST01774,Ananya Singh,27,Male,Bhopal,Government Employee,1437914.0,LN001774,Auto Loan,718978,10.5,120,2025-02-08,Approved,850.0,No
CUST01525,Priya Shah,41,Female,Pune,Salaried,1362624.0,LN001525,Personal Loan,600998,10.11,84,2025-06-02,Approved,707.0,No
CUST01518,Neha Yadav,43,,Patna,Student,284028.0,LN001518,Personal Loan,253753,15.88,24,2023-12-08,Approved,709.0,No
CUST00422,Isha Mehta,54,Male,Hyderabad,Self-employed,400326.0,LN000422,Auto Loan,469248,11.6,180,2024-07-14,Approved,755.0,No
CUST01822,Isha Das,55,Male,Kolkata,Business Owner,1697315.0,LN001822,Business Loan,3654657,17.14,36,2023-12-13,Pending,704.0,
CUST00852,Simran Roy,63,Male,Patna,Student,407979.0,LN000852,Home Loan,1378078,11.71,120,2024-06-03,Approved,758.0,No
CUST01929,Arjun Agarwal,38,Female,Varanasi,Salaried,,LN001929,Personal Loan,683129,12.25,84,2023-08-17,Rejected,729.0,No
CUST01680,Ananya Yadav,24,Female,Ahmedabad,Salaried,2111390.0,LN001680,Personal Loan,329509,16.58,48,2023-03-12,Approved,721.0,No
CUST01075,Ananya Roy,54,Female,Bengaluru,Salaried,1769577.0,LN001075,Personal Loan,756475,17.08,360,2024-03-25,Approved,757.0,No
CUST00884,Karan Patel,56,Female,Chandigarh,Government Employee,1390297.0,LN000884,Gold Loan,412803,10.65,360,2025-10-18,Approved,850.0,No
CUST02582,Sneha Mishra,39,Male,Varanasi,Self-employed,2406751.0,LN002582,Home Loan,3909030,15.05,48,2024-12-01,Pending,618.0,No
CUST03216,Nikhil Verma,28,Female,Patna,Government Employee,1434214.0,LN003216,Business Loan,1552098,13.55,360,2024-02-12,Rejected,647.0,No
CUST00980,Sneha Roy,42,,Varanasi,Self-employed,2105635.0,LN000980,Personal Loan,139023,16.74,60,2024-07-10,Rejected,661.0,No
CUST02713,Sneha Gupta,43,Male,Pune,Salaried,1957899.0,LN002713,Auto Loan,1432147,10.54,360,2024-07-04,Rejected,820.0,Yes
CUST01213,Rahul Mehta,54,Female,Patna,Self-employed,1008267.0,LN001213,Home Loan,5158715,8.26,240,2024-01-17,Approved,769.0,No
CUST00619,Nikhil Shah,25,Male,Chandigarh,Salaried,396194.0,LN000619,Home Loan,4397326,15.83,12,2025-04-07,Approved,621.0,No
CUST00733,Aditya Mishra,41,Female,Pune,Salaried,2484123.0,LN000733,Home Loan,5062551,16.36,84,2024-03-27,Rejected,754.0,No
CUST00216,Arjun Kumar,54,Female,Ahmedabad,Salaried,795175.0,LN000216,Auto Loan,1508097,15.48,84,2025-07-28,Approved,643.0,
CUST01383,Priya Sharma,64,Male,Delhi,Self-employed,1787662.0,LN001383,Business Loan,2059879,13.04,60,2023-12-29,Approved,792.0,Yes
CUST00839,Aman Das,59,Female,Indore,Government Employee,355916.0,LN000839,Home Loan,2254915,11.81,84,2024-07-03,Approved,652.0,No
CUST02231,Neha Mishra,55,Female,Indore,,1958509.0,LN002231,Home Loan,4822176,15.72,36,2025-06-17,Rejected,702.0,No
CUST01422,Aarav Roy,60,Female,Mumbai,Government Employee,423811.0,LN001422,Personal Loan,677846,17.84,180,2023-09-16,Rejected,760.0,Yes
CUST02281,Rohan Gupta,46,Male,Ahmedabad,Salaried,216738.0,LN002281,Home Loan,4308281,14.34,84,2023-03-07,Rejected,698.0,No
CUST01541,Priya Gupta,59,Female,Indore,Salaried,633251.0,LN001541,Business Loan,1187063,9.72,84,2023-09-10,Rejected,723.0,Yes
CUST03445,Vivaan Patel,24,Male,Patna,Salaried,322632.0,LN003445,Home Loan,2301252,16.91,84,2023-06-09,Approved,705.0,No
CUST01764,Karan Das,49,Female,Delhi,Salaried,854451.0,LN001764,Home Loan,5946389,17.63,180,2023-07-24,Approved,610.0,No
CUST01920,Neha Joshi,23,Female,Patna,Government Employee,1230099.0,LN001920,Home Loan,3315511,10.51,12,2025-10-26,Approved,565.0,No
CUST03166,Rahul Agarwal,35,Male,Mumbai,Government Employee,843679.0,LN003166,Business Loan,2904978,17.7,120,2024-04-27,Approved,612.0,No
CUST01545,Ananya Gupta,52,Male,Mumbai,Business Owner,1749054.0,LN001545,Personal Loan,658482,8.83,240,2024-08-08,Approved,787.0,No
CUST02840,Karan Das,24,Male,Mumbai,Government Employee,924433.0,LN002840,Personal Loan,70529,7.19,180,2025-07-02,Approved,613.0,Yes
CUST03067,Aman Verma,31,Female,Ahmedabad,Salaried,1921408.0,LN003067,Auto Loan,324872,11.66,36,2023-01-06,Approved,664.0,No
CUST01254,Pooja Joshi,65,Female,Varanasi,Business Owner,1794021.0,LN001254,Home Loan,3445307,17.14,84,2023-02-06,Rejected,595.0,Yes
CUST00504,Nikhil Jain,27,Female,Bhopal,Business Owner,3273798.0,LN000504,Home Loan,5770345,15.39,240,2023-07-29,Approved,821.0,Yes
CUST02176,Arjun Sharma,63,Female,Jaipur,Salaried,2479976.0,LN002176,Business Loan,3321489,14.72,240,2025-01-01,Approved,608.0,No
CUST00426,Rohan Mishra,56,Female,Patna,Business Owner,2996882.0,LN000426,Personal Loan,851798,7.11,60,2024-08-02,Approved,,No
CUST01301,Rohan Kumar,62,Female,Kolkata,Salaried,1126152.0,LN001301,Auto Loan,603413,10.75,120,2023-02-21,Rejected,481.0,No
CUST01975,Neha Das,60,Female,Lucknow,Self-employed,1612416.0,LN001975,Auto Loan,422865,14.24,180,2024-08-23,Under Review,627.0,Yes
CUST02967,Priya Mehta,58,Female,Mumbai,Salaried,248105.0,LN002967,Auto Loan,590836,17.71,240,2023-12-29,Approved,741.0,No
CUST02825,Rahul Roy,27,Male,Patna,Salaried,407507.0,LN002825,Auto Loan,1068210,7.84,36,2024-10-05,Rejected,756.0,No
CUST01609,Isha Yadav,47,Male,Bengaluru,Self-employed,2475120.0,LN001609,Business Loan,950970,8.98,84,2023-09-15,Approved,650.0,Yes
CUST01409,Vikram Verma,25,Male,Kolkata,Self-employed,2334261.0,LN001409,Gold Loan,681180,7.81,12,2024-08-31,Approved,850.0,Yes
CUST02203,Nikhil Shah,49,Male,Ahmedabad,Business Owner,3027809.0,LN002203,Home Loan,4184723,16.62,48,2023-09-30,Rejected,767.0,No
CUST02743,Karan Singh,47,Male,Chennai,Government Employee,391978.0,LN002743,Home Loan,5483797,11.0,48,2024-02-08,Under Review,582.0,No
CUST02410,Sneha Shah,21,Male,Bengaluru,Self-employed,1611360.0,LN002410,Personal Loan,534626,8.82,60,2025-01-17,Approved,722.0,No
CUST01347,Vikram Agarwal,63,Male,Mumbai,Business Owner,2083489.0,LN001347,Gold Loan,460874,11.79,48,2024-09-10,Approved,742.0,No
CUST02127,Priya Yadav,23,Male,Kolkata,Government Employee,,LN002127,Auto Loan,883927,17.62,180,2023-08-01,Pending,775.0,No
CUST01327,Aman Patel,65,Male,Kolkata,Government Employee,1455142.0,LN001327,Personal Loan,344458,14.82,36,2023-11-10,Pending,620.0,Yes
CUST01206,Priya Singh,31,Female,Pune,Salaried,1573737.0,LN001206,Auto Loan,946282,9.66,12,2025-07-08,Approved,705.0,No
CUST01061,Aman Shah,21,Female,Kolkata,Self-employed,1276686.0,LN001061,Gold Loan,710531,17.4,48,2024-08-24,Approved,737.0,No
CUST02169,Kavya Patel,40,Male,Chennai,Self-employed,1955284.0,LN002169,Personal Loan,706568,11.67,84,2024-12-24,Under Review,610.0,No
CUST03069,Neha Singh,46,Male,Hyderabad,Salaried,1706225.0,LN003069,Gold Loan,330233,14.76,240,2024-07-16,Approved,,No
CUST03337,Neha Verma,33,Male,Kolkata,Government Employee,382172.0,LN003337,Personal Loan,187368,16.75,180,2024-09-15,Pending,661.0,No
CUST01591,Kavya Gupta,51,Female,Ahmedabad,Self-employed,913177.0,LN001591,Personal Loan,745068,12.21,36,2023-01-17,Approved,706.0,No
CUST03490,Aarav Kumar,35,Female,Bengaluru,Business Owner,451527.0,LN003490,Home Loan,2450806,12.53,24,2023-08-13,Approved,844.0,No
CUST00475,Isha Yadav,42,Female,Delhi,Business Owner,1787168.0,LN000475,Auto Loan,893264,14.21,120,2025-07-17,Rejected,581.0,No
CUST01480,Neha Joshi,45,Male,Indore,Student,492368.0,LN001480,Gold Loan,602587,15.15,84,2023-07-05,Approved,752.0,No
CUST02578,Aditya Gupta,46,Male,Mumbai,Government Employee,452355.0,LN002578,Auto Loan,1335749,9.64,84,2023-12-27,Approved,802.0,No
CUST01053,Pooja Gupta,35,Female,Jaipur,Salaried,740956.0,LN001053,Auto Loan,196526,8.01,12,2023-05-18,Approved,680.0,No
CUST00570,Aarav Gupta,28,Female,Chandigarh,,1493122.0,LN000570,Auto Loan,1120055,11.97,48,2025-06-28,Approved,688.0,No
CUST00106,Sneha Jain,42,Male,Bengaluru,Self-employed,278818.0,LN000106,Home Loan,5613673,12.04,24,2025-10-10,Approved,716.0,No
CUST00154,Rahul Patel,62,Male,Chennai,Government Employee,966165.0,LN000154,Business Loan,1543085,9.33,24,2025-11-09,Approved,584.0,No
CUST03001,Aarav Singh,34,Female,Varanasi,Salaried,1541691.0,LN003001,Auto Loan,1355490,17.45,36,2023-10-23,Approved,757.0,No
CUST01870,Aman Verma,45,Female,Chennai,Student,170212.0,LN001870,Gold Loan,709498,17.41,36,2023-07-03,Pending,652.0,Yes
CUST02153,Riya Kumar,50,Male,Chandigarh,Business Owner,1518999.0,LN002153,Auto Loan,1278959,18.16,48,2023-08-02,Approved,743.0,No
CUST00254,Aarav Yadav,47,Male,Lucknow,Self-employed,606674.0,LN000254,Education Loan,1171824,17.59,84,2023-10-22,Approved,605.0,No
CUST02873,Kavya Shah,26,Male,Jaipur,Student,303492.0,LN002873,Home Loan,5563726,10.77,36,2023-12-23,Approved,602.0,Yes
CUST01423,Nikhil Verma,35,Male,Chennai,Student,365954.0,LN001423,Auto Loan,1186483,17.13,180,2023-11-18,Rejected,763.0,No
CUST01287,Riya Das,27,Female,Kolkata,Salaried,544913.0,LN001287,Personal Loan,552578,14.35,36,2024-06-06,Rejected,662.0,No
CUST02306,Aman Gupta,64,Male,Pune,Salaried,1492502.0,LN002306,Auto Loan,1202988,8.77,180,2024-02-08,Rejected,767.0,No
CUST00455,Meera Sharma,27,Male,Varanasi,Self-employed,2346503.0,LN000455,Home Loan,1034085,16.42,12,2024-05-25,Pending,697.0,Yes
CUST02685,Arjun Patel,42,Female,Indore,Salaried,2329622.0,LN002685,Personal Loan,375760,13.17,360,2025-07-23,Approved,766.0,No
CUST02419,Priya Joshi,22,Female,Varanasi,Salaried,1892693.0,LN002419,Personal Loan,845450,15.88,360,2025-11-08,Approved,814.0,No
CUST02386,Vivaan Sharma,29,Female,Kolkata,Business Owner,3330768.0,LN002386,Auto Loan,190021,14.65,12,2024-05-25,Approved,691.0,No
CUST02903,Vivaan Sharma,27,Female,Kolkata,Salaried,953255.0,LN002903,Personal Loan,363320,14.93,360,2024-12-17,Approved,716.0,No
CUST02700,Aarav Patel,60,Male,Lucknow,Student,315954.0,LN002700,Personal Loan,901180,10.31,360,2023-11-29,Approved,643.0,No
CUST00258,Vikram Sharma,44,Male,Chennai,Government Employee,1067286.0,LN000258,Home Loan,3938102,17.96,48,2024-09-13,Approved,785.0,No
CUST01270,Aditya Joshi,44,Male,Ahmedabad,Self-employed,1173830.0,LN001270,Home Loan,2060780,16.92,48,2025-04-12,Approved,724.0,Yes
CUST02454,Vivaan Patel,61,Male,Pune,Salaried,2424228.0,LN002454,Personal Loan,405917,17.84,48,2025-09-30,Rejected,733.0,No
CUST03299,Nikhil Mishra,37,Female,Chennai,Salaried,1764962.0,LN003299,Education Loan,1384155,18.39,12,2025-01-22,Rejected,684.0,No
CUST02827,Nikhil Mishra,59,Male,Pune,Salaried,,LN002827,Education Loan,722705,7.74,12,2024-09-14,Approved,757.0,No
CUST02865,Karan Shah,49,Female,Chandigarh,Student,354750.0,LN002865,Home Loan,3730120,14.81,180,2025-07-14,Rejected,730.0,No
CUST00248,Arjun Mehta,22,,Mumbai,Salaried,2165313.0,LN000248,Education Loan,1014565,9.89,360,2023-03-14,Rejected,719.0,No
CUST02092,Isha Sharma,35,,Chennai,Self-employed,2116655.0,LN002092,Home Loan,5312473,15.97,48,2024-07-21,Approved,753.0,No
CUST02498,Riya Verma,61,Female,Bengaluru,Salaried,1858605.0,LN002498,Business Loan,3074525,13.58,36,2023-03-15,Approved,850.0,No
CUST00280,Neha Sharma,45,Male,Bhopal,Business Owner,400917.0,LN000280,Home Loan,5845311,16.32,12,2024-09-07,Approved,769.0,No
CUST01963,Vikram Agarwal,29,Male,Bhopal,Government Employee,1429012.0,LN001963,Education Loan,1484019,10.75,24,2023-01-18,Approved,718.0,No
CUST01732,Priya Shah,41,Female,Bengaluru,Student,163163.0,LN001732,Education Loan,1019712,13.26,120,2025-04-30,Approved,678.0,No
CUST01678,Meera Yadav,48,Male,Ahmedabad,Business Owner,2771639.0,LN001678,Gold Loan,508056,14.79,48,2024-02-17,Approved,820.0,No
CUST00391,Riya Mehta,53,Male,Lucknow,Self-employed,713285.0,LN000391,Personal Loan,428189,14.23,24,2023-06-18,Approved,807.0,No
CUST02845,Neha Kumar,28,Female,Mumbai,Self-employed,2498841.0,LN002845,Personal Loan,94391,9.21,84,2024-06-17,Approved,792.0,No
CUST02445,Meera Jain,41,Female,Pune,Salaried,2391325.0,LN002445,Business Loan,2413600,15.97,360,2023-06-20,Rejected,673.0,No
CUST00393,Vikram Roy,62,Male,Lucknow,Self-employed,1637867.0,LN000393,Auto Loan,1348632,15.2,24,2023-05-10,Approved,810.0,No
CUST00228,Karan Mehta,56,Female,Chennai,Salaried,1953055.0,LN000228,Auto Loan,431854,14.3,180,2023-06-19,Approved,752.0,No
CUST01505,Meera Kumar,57,Male,Bhopal,Salaried,1959277.0,LN001505,Personal Loan,584214,15.97,36,2025-01-22,Approved,664.0,No
CUST00007,Aditya Sharma,61,Male,Chennai,Student,390536.0,LN000007,Auto Loan,1574289,14.69,60,2023-04-09,Rejected,671.0,No
CUST01714,Vivaan Agarwal,52,Male,Chennai,Salaried,758044.0,LN001714,Business Loan,571449,17.9,48,2024-12-18,Pending,650.0,No
CUST02771,Priya Mishra,43,Male,Pune,Business Owner,709705.0,LN002771,Home Loan,4228727,14.2,180,2023-09-08,Rejected,724.0,Yes
CUST01873,Simran Sharma,35,Male,Jaipur,Government Employee,589094.0,LN001873,Personal Loan,931936,13.45,48,2023-12-27,Approved,643.0,No
CUST02212,Aditya Jain,21,Male,Mumbai,Salaried,2480817.0,LN002212,Gold Loan,324243,10.9,24,2025-12-23,Approved,654.0,Yes
CUST00661,Kavya Gupta,38,Female,Bengaluru,Salaried,229892.0,LN000661,Education Loan,839280,9.0,180,2024-02-17,Rejected,,No
CUST03076,Vikram Kumar,34,Female,Bhopal,Salaried,604086.0,LN003076,Home Loan,1570851,13.59,240,2023-07-13,Under Review,688.0,No
CUST01654,Ananya Gupta,63,Male,Bhopal,Business Owner,1542365.0,LN001654,Auto Loan,792537,14.61,24,2023-12-15,Approved,714.0,No
CUST01557,Vikram Kumar,47,Male,Mumbai,Student,202158.0,LN001557,Home Loan,1892886,15.48,60,2025-03-08,Approved,716.0,No
CUST02794,Nikhil Singh,38,Male,Bhopal,Self-employed,1159173.0,LN002794,Personal Loan,458331,15.98,48,2024-10-13,Under Review,560.0,No
CUST03413,Sneha Mehta,30,Female,Bhopal,Self-employed,374220.0,LN003413,Business Loan,747220,8.46,180,2024-11-12,Rejected,747.0,Yes
CUST03136,Riya Das,59,Male,Ahmedabad,Government Employee,342580.0,LN003136,Auto Loan,812221,9.33,36,2023-11-02,Approved,692.0,No
CUST02639,Nikhil Das,47,Male,Indore,Salaried,847387.0,LN002639,Gold Loan,143399,10.86,84,2025-10-29,Rejected,634.0,Yes
CUST01202,Aarav Singh,43,Female,Varanasi,,1057237.0,LN001202,Gold Loan,720659,15.75,240,2023-06-01,Rejected,692.0,No
CUST02855,Rahul Agarwal,62,Male,Pune,Self-employed,949104.0,LN002855,Home Loan,4524010,16.45,60,2024-10-25,Approved,722.0,No
CUST02636,Priya Sharma,57,Male,Patna,Salaried,228029.0,LN002636,Personal Loan,626356,13.41,120,2025-06-26,Under Review,565.0,No
CUST00936,Isha Sharma,28,,Jaipur,Student,420279.0,LN000936,Business Loan,1640416,7.26,240,2025-03-16,Rejected,719.0,No
CUST00274,Karan Mehta,26,Male,Kolkata,Self-employed,1996250.0,LN000274,Personal Loan,672334,17.36,180,2023-03-18,Rejected,797.0,No
CUST02808,Vikram Yadav,28,Male,Jaipur,Salaried,1411744.0,LN002808,Auto Loan,1120389,9.36,360,2023-08-07,Approved,546.0,No
CUST03473,Nikhil Agarwal,45,Male,Lucknow,Government Employee,860832.0,LN003473,Personal Loan,269720,10.72,120,2023-10-23,Approved,727.0,No
CUST01424,Neha Jain,59,Female,Indore,Self-employed,2281029.0,LN001424,Home Loan,2577148,9.02,12,2025-12-12,Rejected,634.0,No
CUST00117,Aarav Singh,63,Male,Bhopal,Business Owner,848625.0,LN000117,Personal Loan,336233,7.35,180,2023-12-11,Rejected,705.0,No
CUST01284,Vivaan Joshi,23,Male,Ahmedabad,Government Employee,1448742.0,LN001284,Gold Loan,80384,18.04,48,2024-06-26,Approved,815.0,Yes
CUST01550,Isha Verma,46,Male,Varanasi,Salaried,878735.0,LN001550,Home Loan,2840696,18.4,36,2024-03-05,Approved,830.0,Yes
CUST03474,Ananya Jain,58,Male,Indore,Business Owner,1250175.0,LN003474,Personal Loan,306118,12.26,36,2025-04-05,Approved,761.0,Yes
CUST00508,Pooja Yadav,62,Male,Jaipur,Self-employed,1071255.0,LN000508,Education Loan,429457,17.94,60,2025-02-02,Rejected,655.0,No
CUST02975,Sneha Jain,25,Male,Mumbai,Student,250241.0,LN002975,Personal Loan,171124,17.78,360,2024-10-09,Rejected,682.0,Yes
CUST00828,Pooja Yadav,21,Male,Ahmedabad,Government Employee,432335.0,LN000828,Personal Loan,991902,12.24,360,2023-08-05,Rejected,652.0,No
CUST02611,Rohan Das,35,Female,Kolkata,Business Owner,942449.0,LN002611,Personal Loan,584975,7.14,48,2025-07-24,Rejected,676.0,No
CUST01765,Meera Yadav,62,Female,Kolkata,Student,351181.0,LN001765,Auto Loan,709152,18.06,24,2023-08-19,Approved,840.0,Yes
CUST01056,Neha Singh,59,Female,Varanasi,Self-employed,1034214.0,LN001056,Gold Loan,697834,8.29,24,2024-05-26,Approved,822.0,No
CUST02471,Meera Yadav,22,Male,Chandigarh,Government Employee,,LN002471,Education Loan,830560,8.97,360,2024-04-03,Approved,686.0,Yes
CUST01296,Rohan Yadav,42,Male,Pune,Student,494673.0,LN001296,Auto Loan,1430849,17.66,48,2024-05-09,Approved,724.0,No
CUST01088,Riya Sharma,50,Male,Kolkata,Government Employee,323731.0,LN001088,Auto Loan,1036358,17.82,36,2025-06-16,Approved,,No
CUST00981,Nikhil Roy,60,Female,Mumbai,Government Employee,1478092.0,LN000981,Gold Loan,709006,14.09,360,2024-05-29,Rejected,597.0,No
CUST02337,Ananya Shah,52,Female,Pune,Salaried,1426937.0,LN002337,Gold Loan,83792,7.98,60,2023-03-14,Approved,707.0,Yes
CUST02785,Nikhil Yadav,37,Male,Lucknow,Salaried,782675.0,LN002785,Gold Loan,760581,18.07,60,2023-08-22,Approved,726.0,No
CUST02072,Aditya Shah,46,Female,Lucknow,Government Employee,328788.0,LN002072,Business Loan,1777952,15.16,24,2023-07-06,Rejected,554.0,Yes
CUST00225,Ananya Mehta,51,Male,Lucknow,Salaried,1164156.0,LN000225,Personal Loan,967996,18.05,48,2024-07-13,Approved,657.0,No
CUST00293,Riya Joshi,33,Male,Bhopal,Salaried,1299962.0,LN000293,Home Loan,2712493,16.04,120,2023-06-05,Rejected,742.0,No
CUST00721,Arjun Verma,60,Female,Kolkata,Salaried,1369042.0,LN000721,Business Loan,916798,10.2,120,2025-05-15,Approved,692.0,Yes
CUST00469,Aman Shah,50,Female,Chandigarh,Salaried,258209.0,LN000469,Gold Loan,242941,17.42,36,2023-11-07,Approved,829.0,No
CUST00045,Vivaan Verma,64,Female,Chandigarh,Self-employed,,LN000045,Auto Loan,431342,9.45,84,2025-02-02,Rejected,801.0,No
CUST02625,Kavya Mishra,47,Male,Indore,Salaried,703662.0,LN002625,Personal Loan,240934,17.81,120,2023-05-31,Approved,790.0,No
CUST02959,Ananya Gupta,49,Male,Pune,Salaried,2268039.0,LN002959,Education Loan,568429,14.9,48,2024-03-28,Approved,650.0,No
CUST00127,Vivaan Singh,25,Male,Chennai,Salaried,691083.0,LN000127,Business Loan,1166964,13.29,360,2025-08-26,Approved,781.0,Yes
CUST00910,Rohan Jain,60,Male,Mumbai,Government Employee,1402882.0,LN000910,Auto Loan,1741182,8.5,12,2025-04-13,Pending,680.0,Yes
CUST01857,Riya Mehta,61,,Bhopal,Salaried,505249.0,LN001857,Personal Loan,188485,16.09,48,2023-06-13,Approved,657.0,Yes
CUST01013,Vikram Patel,24,Male,Varanasi,Government Employee,554770.0,LN001013,Auto Loan,202832,8.16,84,2025-07-24,Approved,667.0,No
CUST00652,Aditya Gupta,53,Female,Indore,Salaried,1417065.0,LN000652,Personal Loan,939589,16.92,48,2024-02-14,Approved,824.0,Yes
CUST01377,Riya Das,60,Female,Lucknow,Government Employee,430119.0,LN001377,Personal Loan,181866,10.39,360,2025-01-10,Approved,804.0,No
CUST00235,Neha Gupta,43,Female,Varanasi,Student,374205.0,LN000235,Auto Loan,1367192,18.19,120,2023-07-31,Approved,639.0,No
CUST01405,Vikram Mishra,36,Female,Patna,Salaried,818466.0,LN001405,Personal Loan,401230,12.51,12,2025-05-31,Rejected,850.0,No
CUST03017,Meera Mehta,54,Female,Kolkata,Salaried,2058339.0,LN003017,Personal Loan,448400,10.31,84,2025-08-25,Approved,629.0,No
CUST00794,Rahul Gupta,35,Female,Bhopal,Self-employed,1907373.0,LN000794,Personal Loan,190926,,84,2025-05-18,Approved,766.0,No
CUST03190,Isha Jain,28,Female,Kolkata,Self-employed,208293.0,LN003190,Education Loan,1191180,7.92,240,2025-05-27,Approved,836.0,No
CUST01614,Kavya Verma,37,Male,Jaipur,Government Employee,317660.0,LN001614,Business Loan,2323778,8.65,48,2024-08-06,Approved,644.0,No
CUST02225,Neha Kumar,38,Male,Patna,Salaried,2259707.0,LN002225,Personal Loan,742625,10.3,360,2024-03-03,Approved,699.0,No
CUST00199,Meera Joshi,37,Female,Ahmedabad,Business Owner,3340753.0,LN000199,Auto Loan,327912,15.4,180,2024-05-31,Approved,675.0,No
CUST01193,Simran Gupta,36,Male,Patna,Business Owner,3095750.0,LN001193,Personal Loan,717702,11.78,240,2025-10-15,Under Review,591.0,No
CUST02446,Vivaan Agarwal,36,Female,Chennai,Student,479878.0,LN002446,Education Loan,1181095,7.87,24,2023-07-06,Rejected,713.0,No
CUST02583,Neha Jain,31,Male,Mumbai,Self-employed,1937411.0,LN002583,Personal Loan,977185,13.03,360,2023-09-19,Rejected,544.0,No
CUST01643,Arjun Gupta,28,Female,Jaipur,Government Employee,1101885.0,LN001643,Personal Loan,307789,11.8,84,2024-01-12,Approved,817.0,Yes
CUST02468,Riya Shah,40,Male,Bengaluru,Salaried,,LN002468,Auto Loan,1732416,16.44,60,2025-11-23,Approved,608.0,No
CUST00775,Rahul Roy,39,Female,Bengaluru,Self-employed,756469.0,LN000775,Personal Loan,655507,15.0,24,2024-04-02,Approved,608.0,No
CUST02308,Ananya Roy,47,Male,Mumbai,Salaried,1724739.0,LN002308,Home Loan,2983800,14.86,60,2025-08-03,Under Review,583.0,No
CUST01098,Rohan Patel,63,Male,Bhopal,,2355084.0,LN001098,Home Loan,3091625,12.96,24,2025-07-10,Approved,740.0,Yes
CUST00138,Meera Joshi,32,,Chennai,Student,131871.0,LN000138,Auto Loan,1363261,17.08,84,2024-11-02,Approved,667.0,No
CUST02678,Arjun Patel,25,Female,Bhopal,Salaried,1587162.0,LN002678,Personal Loan,94895,8.15,36,2023-07-23,Approved,732.0,Yes
CUST03451,Simran Agarwal,30,Female,Indore,Government Employee,1249132.0,LN003451,Business Loan,1897654,18.07,12,2025-09-08,Rejected,724.0,No
CUST01836,Neha Yadav,29,Female,Chennai,Student,470609.0,LN001836,Home Loan,3461234,17.21,180,2023-04-28,Approved,756.0,No
CUST01585,Pooja Kumar,32,Female,Varanasi,Salaried,1551454.0,LN001585,Personal Loan,344481,10.87,84,2024-10-19,Approved,,No
CUST00694,Pooja Patel,42,Female,Varanasi,Business Owner,2987640.0,LN000694,Home Loan,2958184,11.81,60,2024-10-02,Approved,720.0,No
CUST02095,Pooja Roy,25,Male,Lucknow,Government Employee,741014.0,LN002095,Auto Loan,1409126,11.27,360,2024-05-19,Rejected,666.0,No
CUST00043,Pooja Jain,61,Female,Delhi,Salaried,180404.0,LN000043,Home Loan,2123483,15.84,60,2024-12-14,Pending,690.0,No
CUST01785,Meera Mishra,55,Female,Hyderabad,Salaried,477597.0,LN001785,Personal Loan,214379,13.01,60,2024-04-28,Rejected,733.0,No
CUST01162,Isha Verma,39,Female,Mumbai,Student,157097.0,LN001162,Auto Loan,1777705,14.95,24,2023-01-02,Under Review,677.0,No
CUST01095,Kavya Joshi,62,Female,Hyderabad,Government Employee,744629.0,LN001095,Business Loan,1986150,7.47,180,2023-07-01,Approved,684.0,Yes
CUST03117,Neha Kumar,38,Male,Bengaluru,Government Employee,1497209.0,LN003117,Business Loan,1694123,14.38,24,2025-12-19,Approved,634.0,No
CUST01861,Aman Sharma,54,Male,Jaipur,Self-employed,2329915.0,LN001861,Business Loan,3134643,12.52,48,2025-02-17,Rejected,662.0,Yes
CUST01400,Riya Shah,47,Male,Pune,Salaried,797363.0,LN001400,Business Loan,1014335,13.97,36,2023-10-07,Rejected,539.0,No
CUST03355,Pooja Mishra,63,Female,Jaipur,Salaried,1573837.0,LN003355,Gold Loan,791783,9.41,240,2023-04-17,Pending,708.0,No
CUST00249,Aarav Sharma,49,Male,Hyderabad,Salaried,2057145.0,LN000249,Personal Loan,898692,13.76,24,2024-02-18,Rejected,673.0,No
CUST02155,Aarav Mishra,33,Female,Varanasi,Salaried,292726.0,LN002155,Personal Loan,265350,10.62,48,2023-03-03,Approved,613.0,No
CUST01132,Ananya Shah,29,Female,Indore,Salaried,1810865.0,LN001132,Auto Loan,866775,14.23,180,2024-12-23,Approved,592.0,No
CUST00420,Vivaan Gupta,49,Male,Bengaluru,Salaried,2494546.0,LN000420,Home Loan,3054851,17.56,180,2025-03-14,Under Review,609.0,No
CUST01180,Vivaan Jain,26,Male,Jaipur,Salaried,1894849.0,LN001180,Gold Loan,104895,7.76,24,2025-02-11,Approved,787.0,No
CUST02691,Aman Verma,65,Female,Patna,Salaried,1094794.0,LN002691,Home Loan,3307262,13.02,240,2025-12-30,Approved,508.0,No
CUST00079,Vivaan Jain,59,Female,Mumbai,,558165.0,LN000079,Personal Loan,466366,13.21,36,2025-08-15,Under Review,558.0,No
CUST00959,Aarav Roy,44,Male,Bhopal,Salaried,1700253.0,LN000959,Personal Loan,825492,8.07,360,2025-09-08,Approved,660.0,No
CUST01450,Karan Roy,60,Female,Bengaluru,Salaried,933091.0,LN001450,Home Loan,4153461,17.48,60,2023-01-10,Approved,665.0,No
CUST02849,Vikram Patel,50,Female,Bhopal,Business Owner,3291331.0,LN002849,Personal Loan,675154,9.74,240,2024-09-28,Under Review,620.0,No
CUST01572,Meera Mehta,36,Male,Jaipur,Self-employed,1297434.0,LN001572,Home Loan,1218086,10.24,36,2024-01-29,Pending,737.0,No
CUST00224,Pooja Agarwal,61,Female,Indore,Self-employed,2266453.0,LN000224,Personal Loan,732405,13.09,360,2023-10-04,Under Review,672.0,No
CUST03390,Meera Sharma,24,Male,Kolkata,Business Owner,1468532.0,LN003390,Home Loan,4505384,14.54,48,2025-01-26,Approved,735.0,No
CUST01551,Aman Das,31,Female,Chandigarh,Government Employee,670458.0,LN001551,Auto Loan,1706539,16.28,120,2023-10-10,Pending,621.0,Yes
CUST00690,Nikhil Gupta,24,Male,Chennai,Government Employee,676924.0,LN000690,Auto Loan,487864,14.55,180,2025-05-24,Approved,718.0,Yes
CUST02897,Pooja Mehta,25,Female,Patna,Student,352206.0,LN002897,Education Loan,891114,10.15,60,2023-11-11,Approved,794.0,No
CUST00665,Simran Kumar,53,Female,Lucknow,Student,431207.0,LN000665,Home Loan,3242367,12.47,36,2024-03-22,Rejected,689.0,No
CUST02180,Riya Kumar,31,Female,Mumbai,Salaried,2439754.0,LN002180,Home Loan,4821490,14.06,120,2024-05-23,Approved,747.0,No
CUST01236,Priya Yadav,23,Male,Kolkata,Salaried,453994.0,LN001236,Business Loan,2336966,17.72,12,2023-07-05,Rejected,753.0,No
CUST01248,Rahul Verma,21,Male,Pune,Government Employee,1127946.0,LN001248,Gold Loan,148115,15.5,120,2023-02-13,Approved,751.0,No
CUST03361,Simran Agarwal,60,Male,Patna,Salaried,2319481.0,LN003361,Home Loan,4941215,17.83,120,2023-09-25,Approved,741.0,No
CUST00837,Karan Patel,41,Female,Jaipur,Student,282491.0,LN000837,Auto Loan,776692,12.41,48,2024-08-08,Approved,793.0,No
CUST01437,Aarav Joshi,57,Female,Chandigarh,Salaried,1015815.0,LN001437,Personal Loan,645063,15.92,120,2023-08-04,Approved,736.0,No
CUST02745,Rahul Yadav,62,Female,Chandigarh,Salaried,885977.0,LN002745,Business Loan,349555,9.49,240,2024-04-26,Approved,639.0,No
CUST02000,Karan Roy,22,Female,Kolkata,Government Employee,318435.0,LN002000,Personal Loan,540823,12.31,60,2024-08-25,Approved,721.0,No
CUST01011,Sneha Mehta,47,Male,Jaipur,Self-employed,458169.0,LN001011,Home Loan,5692580,16.68,84,2023-08-31,Approved,674.0,No
CUST00937,Neha Verma,60,Male,Hyderabad,Self-employed,310775.0,LN000937,Home Loan,1026406,7.19,240,2023-11-26,Approved,605.0,Yes
CUST02221,Simran Kumar,46,Male,Varanasi,Student,150949.0,LN002221,Personal Loan,280803,13.55,36,2024-09-20,Pending,608.0,No
CUST00429,Aarav Roy,51,Male,Patna,Government Employee,444454.0,LN000429,Personal Loan,391524,10.02,60,2025-12-16,Approved,762.0,No
CUST02599,Arjun Mishra,38,Female,Delhi,Self-employed,1992198.0,LN002599,Personal Loan,459893,17.86,120,2024-11-10,Approved,760.0,No
CUST02140,Simran Shah,23,Female,Hyderabad,Salaried,2156885.0,LN002140,Personal Loan,988528,18.09,180,2025-12-12,Approved,700.0,Yes
CUST01757,Vikram Yadav,24,Female,Bhopal,Salaried,2393658.0,LN001757,Auto Loan,634143,10.2,60,2025-12-03,Approved,809.0,No
CUST03316,Kavya Joshi,24,Male,Mumbai,Salaried,1584659.0,LN003316,Personal Loan,627301,17.24,360,2023-09-02,Approved,753.0,No
CUST00026,Aditya Shah,21,Female,Bengaluru,Self-employed,2454399.0,LN000026,Auto Loan,1182751,9.1,60,2025-06-15,Pending,753.0,Yes
CUST01375,Simran Yadav,44,Female,Lucknow,Government Employee,1041898.0,LN001375,Personal Loan,511118,7.7,120,2024-01-03,Under Review,664.0,No
CUST02868,Riya Shah,21,Male,Chandigarh,Self-employed,1894249.0,LN002868,Home Loan,2325264,18.08,240,2024-07-28,Approved,825.0,No
CUST01090,Kavya Mishra,37,Female,Ahmedabad,Salaried,663263.0,LN001090,Gold Loan,527258,11.55,36,2024-05-17,Pending,697.0,No
CUST02546,Priya Singh,41,Male,Indore,Salaried,1678527.0,LN002546,Auto Loan,372413,16.54,84,2025-12-24,Approved,609.0,No
CUST03123,Vivaan Jain,42,Female,Lucknow,Self-employed,891552.0,LN003123,Personal Loan,847094,12.2,84,2023-12-11,Rejected,606.0,No
CUST00092,Kavya Jain,60,Male,Ahmedabad,Self-employed,2012684.0,LN000092,Education Loan,1234807,16.17,180,2023-04-02,Rejected,706.0,No
CUST01017,Rahul Roy,55,Male,Delhi,Government Employee,439244.0,LN001017,Personal Loan,179774,13.94,180,2025-01-05,Rejected,640.0,No
CUST01343,Sneha Roy,43,Male,Patna,Business Owner,1760059.0,LN001343,Education Loan,1324117,13.65,84,2023-02-24,Approved,702.0,No
CUST02915,Karan Agarwal,35,Male,Jaipur,Salaried,2131152.0,LN002915,Personal Loan,805594,14.59,240,2023-06-06,Approved,828.0,No
CUST01874,Vivaan Shah,39,Male,Bengaluru,Student,195506.0,LN001874,Auto Loan,366653,,180,2025-11-13,Approved,651.0,No
CUST02914,Sneha Mishra,58,Male,Jaipur,Government Employee,715641.0,LN002914,Gold Loan,263836,15.94,12,2025-10-24,Approved,699.0,Yes
CUST01313,Isha Joshi,65,Female,Bhopal,Salaried,283376.0,LN001313,Personal Loan,959661,16.7,120,2024-03-19,Approved,554.0,No
CUST01124,Sneha Singh,34,Male,Varanasi,Salaried,1324818.0,LN001124,Business Loan,3279631,16.63,24,2025-09-11,Pending,583.0,No
CUST03211,Isha Kumar,55,Female,Patna,Government Employee,753702.0,LN003211,Personal Loan,386745,9.97,360,2023-10-28,Approved,671.0,Yes
CUST02987,Neha Patel,23,Female,Chennai,Government Employee,1083819.0,LN002987,Personal Loan,336362,8.88,60,2024-02-11,Rejected,850.0,No
CUST01083,Vikram Jain,21,Female,Lucknow,Student,424382.0,LN001083,Personal Loan,328930,16.85,60,2025-08-03,Approved,662.0,Yes
CUST02693,Nikhil Jain,63,Male,Bhopal,Self-employed,294358.0,LN002693,Home Loan,3897017,12.43,36,2025-10-12,Approved,793.0,Yes
CUST02383,Isha Agarwal,31,Male,Ahmedabad,Salaried,255956.0,LN002383,Personal Loan,657151,13.53,120,2023-05-04,Approved,679.0,No
CUST00598,Ananya Sharma,24,Male,Bengaluru,Self-employed,,LN000598,Home Loan,5757161,14.66,24,2023-05-09,Approved,746.0,Yes
CUST02733,Aarav Mehta,26,Male,Indore,Salaried,479016.0,LN002733,Personal Loan,569076,11.9,360,2023-02-21,Rejected,653.0,No
CUST03043,Meera Gupta,40,Female,Lucknow,Salaried,2130894.0,LN003043,Business Loan,3630556,14.15,240,2024-10-20,Approved,810.0,Yes
CUST02318,Kavya Yadav,22,Female,Varanasi,Salaried,1854809.0,LN002318,Home Loan,3810808,10.86,36,2023-08-27,Approved,655.0,No
CUST01452,Sneha Kumar,63,Female,Chennai,Salaried,2445712.0,LN001452,Personal Loan,62155,12.74,240,2024-05-02,Approved,738.0,No
CUST00656,Rahul Joshi,42,Male,Jaipur,Salaried,1774575.0,LN000656,Home Loan,2532329,11.63,360,2024-10-07,Approved,750.0,Yes
CUST00588,Pooja Gupta,45,Male,Delhi,Salaried,1032224.0,LN000588,Home Loan,2161968,14.51,24,2025-10-22,Rejected,729.0,No
CUST00667,Riya Gupta,54,Female,Jaipur,Salaried,2044968.0,LN000667,Home Loan,1978642,16.74,360,2023-09-12,Approved,757.0,No
CUST00419,Neha Yadav,54,Male,Chennai,Government Employee,620057.0,LN000419,Personal Loan,878457,9.47,240,2025-02-06,Rejected,835.0,No
CUST02672,Vivaan Jain,35,Female,Chennai,Salaried,1184240.0,LN002672,Personal Loan,580860,10.78,360,2025-06-23,Rejected,708.0,No
CUST02728,Vikram Joshi,40,Male,Pune,Government Employee,324232.0,LN002728,Auto Loan,936028,14.79,120,2023-01-10,Rejected,731.0,No
CUST03114,Pooja Patel,61,Female,Chandigarh,Self-employed,192708.0,LN003114,Personal Loan,593623,15.5,120,2023-07-04,Rejected,550.0,Yes
CUST01777,Aditya Verma,63,Male,Mumbai,Salaried,1502168.0,LN001777,Business Loan,718626,8.97,60,2023-01-08,Approved,850.0,No
CUST02217,Isha Mehta,35,Female,Patna,Self-employed,1196613.0,LN002217,Auto Loan,669135,16.74,60,2023-10-04,Pending,731.0,
CUST01590,Pooja Roy,35,Male,Jaipur,Salaried,2101919.0,LN001590,Home Loan,3849975,9.94,24,2023-09-20,Rejected,816.0,No
CUST03145,Aman Patel,34,Male,Hyderabad,Business Owner,2612444.0,LN003145,Home Loan,1813848,18.05,180,2024-11-04,Rejected,686.0,No
CUST00546,Nikhil Agarwal,41,Male,Mumbai,Government Employee,,LN000546,Home Loan,1417423,16.28,84,2024-03-01,Approved,629.0,No
CUST00606,Meera Jain,34,Male,Kolkata,Government Employee,1374401.0,LN000606,Auto Loan,1235847,16.73,24,2024-12-11,Approved,720.0,Yes
CUST03378,Aman Roy,32,Female,Chennai,Salaried,1824542.0,LN003378,Personal Loan,454881,8.89,360,2024-07-21,Approved,755.0,No
CUST01255,Rahul Singh,56,Male,Varanasi,,2652498.0,LN001255,Business Loan,2728950,11.78,12,2024-09-18,Pending,607.0,No
CUST00240,Isha Singh,32,Male,Hyderabad,Business Owner,2468671.0,LN000240,Personal Loan,679698,12.55,48,2025-05-13,Rejected,740.0,No
CUST02378,Neha Verma,40,Female,Jaipur,Salaried,1429297.0,LN002378,Home Loan,4360179,10.45,240,2025-11-09,Approved,773.0,No
CUST00157,Riya Joshi,39,Female,Delhi,Self-employed,623031.0,LN000157,Personal Loan,202889,12.95,48,2023-07-02,Rejected,761.0,No
CUST01498,Nikhil Verma,46,Female,Hyderabad,Salaried,1176173.0,LN001498,Auto Loan,900681,12.95,360,2024-12-13,Approved,491.0,No
CUST02479,Kavya Roy,59,Male,Kolkata,Salaried,1163330.0,LN002479,Home Loan,2311007,10.94,120,2024-03-31,Rejected,602.0,Yes
CUST02325,Neha Roy,25,Female,Kolkata,Self-employed,231111.0,LN002325,Home Loan,4555803,12.74,24,2023-04-29,Approved,750.0,No
CUST01344,Priya Verma,35,Female,Patna,Government Employee,376593.0,LN001344,Personal Loan,285114,9.27,48,2024-07-12,Approved,799.0,No
CUST01181,Vikram Mishra,49,Female,Chennai,Business Owner,2575640.0,LN001181,Auto Loan,415121,8.23,60,2023-10-12,Approved,850.0,No
CUST02150,Sneha Patel,39,Female,Mumbai,Government Employee,1241733.0,LN002150,Home Loan,1222933,9.15,84,2024-12-24,Approved,760.0,No
CUST02572,Neha Kumar,50,Male,Jaipur,Salaried,672659.0,LN002572,Gold Loan,552385,16.71,48,2024-07-25,Rejected,767.0,Yes
CUST00482,Vikram Shah,26,Female,Jaipur,Self-employed,196939.0,LN000482,Personal Loan,356604,14.73,180,2024-05-20,Under Review,654.0,No
CUST00646,Aditya Gupta,33,Female,Indore,Salaried,1536789.0,LN000646,Personal Loan,890903,12.44,84,2024-05-06,Under Review,624.0,No
CUST00457,Ananya Yadav,43,Male,Hyderabad,Business Owner,2580019.0,LN000457,Personal Loan,915404,14.11,24,2025-04-05,Rejected,714.0,
CUST01391,Nikhil Shah,23,Female,Pune,Salaried,802826.0,LN001391,Home Loan,4581217,13.32,180,2025-09-19,Rejected,795.0,No
CUST01319,Vikram Shah,47,Female,Chandigarh,Self-employed,1024032.0,LN001319,Auto Loan,1663480,12.23,180,2024-05-07,Rejected,731.0,No
CUST00597,Arjun Agarwal,65,Female,Chennai,Salaried,827122.0,LN000597,Personal Loan,878753,9.22,360,2025-04-11,Approved,658.0,Yes
CUST02637,Arjun Gupta,30,Female,Delhi,Salaried,439850.0,LN002637,Business Loan,739709,13.59,24,2025-12-19,Approved,734.0,No
CUST01438,Aarav Agarwal,42,Male,Chennai,Salaried,2494281.0,LN001438,Personal Loan,612505,13.76,180,2024-11-04,Approved,671.0,Yes
CUST00813,Karan Roy,36,Male,Lucknow,Salaried,1400531.0,LN000813,Personal Loan,428824,10.48,48,2025-04-28,Rejected,572.0,No
CUST00309,Vivaan Agarwal,28,Male,Chennai,Government Employee,1008092.0,LN000309,Personal Loan,649792,7.19,60,2025-09-08,Approved,624.0,No
CUST01007,Rohan Yadav,30,Female,Varanasi,Self-employed,1721789.0,LN001007,Home Loan,1221972,16.77,48,2024-08-18,Pending,702.0,No
CUST02007,Kavya Shah,63,Female,Patna,Salaried,301015.0,LN002007,Auto Loan,710507,15.51,120,2025-10-11,Pending,758.0,No
CUST03165,Arjun Mishra,30,Male,Hyderabad,Government Employee,681445.0,LN003165,Personal Loan,888333,12.53,240,2023-11-19,Rejected,541.0,No
CUST02184,Pooja Joshi,63,Male,Patna,Business Owner,1914413.0,LN002184,Auto Loan,1152643,7.8,12,2024-02-20,Rejected,533.0,No
CUST03247,Nikhil Jain,38,Male,Indore,,1611531.0,LN003247,Personal Loan,724433,12.54,360,2025-10-23,Approved,755.0,Yes
CUST01860,Sneha Kumar,54,Female,Bengaluru,Salaried,1127955.0,LN001860,Personal Loan,205702,10.04,120,2024-06-07,Approved,729.0,No
CUST02496,Ananya Joshi,57,Female,Ahmedabad,Government Employee,492349.0,LN002496,Personal Loan,343629,9.32,360,2023-11-26,Approved,841.0,No
CUST02687,Isha Patel,26,Female,Indore,Self-employed,2303308.0,LN002687,Gold Loan,709236,15.61,120,2024-11-23,Rejected,850.0,No
CUST01744,Aarav Das,35,,Kolkata,Business Owner,442928.0,LN001744,Gold Loan,437855,11.36,120,2025-02-10,Approved,732.0,No
CUST00443,Aditya Singh,44,,Chennai,Student,393958.0,LN000443,Home Loan,4664376,17.52,12,2025-12-16,Rejected,771.0,Yes
CUST00734,Kavya Sharma,26,Male,Jaipur,Salaried,950448.0,LN000734,Business Loan,1091877,9.56,120,2024-03-09,Approved,682.0,No
CUST02359,Arjun Agarwal,46,Male,Patna,Salaried,2401475.0,LN002359,Personal Loan,233172,13.91,360,2024-05-18,Rejected,709.0,No
CUST02307,Priya Kumar,26,Male,Chandigarh,Salaried,2247378.0,LN002307,Auto Loan,200465,9.05,120,2025-12-02,Pending,706.0,No
CUST02527,Aman Singh,25,Female,Bhopal,Self-employed,1032959.0,LN002527,Personal Loan,895305,11.84,24,2025-01-04,Approved,618.0,No
CUST02051,Priya Patel,51,Male,Jaipur,Self-employed,1295459.0,LN002051,Home Loan,2662796,17.75,180,2023-07-12,Approved,614.0,No
CUST01238,Isha Singh,59,Female,Pune,Student,171425.0,LN001238,Home Loan,2580139,7.79,48,2024-05-12,Approved,680.0,No
CUST01226,Aman Patel,54,Male,Chennai,Government Employee,371082.0,LN001226,Personal Loan,279561,8.0,12,2025-04-09,Approved,702.0,No
CUST03116,Karan Sharma,64,Male,Lucknow,Salaried,1571219.0,LN003116,Gold Loan,528920,7.65,84,2024-07-26,Rejected,606.0,No
CUST02502,Rahul Mishra,48,Male,Chandigarh,Government Employee,1278251.0,LN002502,Home Loan,1076608,12.37,24,2024-07-31,Approved,635.0,No
CUST02847,Aman Gupta,64,Female,Hyderabad,Salaried,1996851.0,LN002847,Personal Loan,625396,11.55,84,2025-10-28,Approved,683.0,No
CUST00337,Vikram Gupta,21,Male,Kolkata,Salaried,959091.0,LN000337,Auto Loan,1430028,15.49,60,2023-07-31,Rejected,616.0,No
CUST00920,Rohan Verma,38,Male,Bengaluru,Student,422912.0,LN000920,Personal Loan,935054,17.7,48,2023-02-06,Approved,670.0,No
CUST01619,Rohan Joshi,50,Female,Chennai,Self-employed,401692.0,LN001619,Personal Loan,100615,11.11,48,2023-06-18,Under Review,629.0,No
CUST00085,Nikhil Das,22,Male,Chandigarh,Salaried,639297.0,LN000085,Home Loan,5745169,12.52,240,2023-09-29,Pending,651.0,No
CUST01788,Sneha Sharma,38,Male,Indore,Self-employed,2426384.0,LN001788,Auto Loan,1523000,16.03,48,2025-10-08,Rejected,749.0,No
CUST03349,Arjun Sharma,29,Female,Pune,Self-employed,1600972.0,LN003349,Personal Loan,940317,17.84,84,2023-02-07,Rejected,800.0,No
CUST03409,Neha Mishra,54,Male,Chennai,Salaried,1658743.0,LN003409,Business Loan,1559148,13.97,60,2025-01-01,Approved,761.0,No
CUST00674,Nikhil Mehta,34,Male,Jaipur,Self-employed,1715410.0,LN000674,Home Loan,2539549,13.99,24,2023-04-09,Approved,708.0,No
CUST03000,Neha Patel,23,Female,Chennai,Salaried,504707.0,LN003000,Business Loan,1119958,14.65,12,2024-01-08,Under Review,541.0,Yes
CUST02749,Ananya Verma,28,Male,Chandigarh,Salaried,1029907.0,LN002749,Education Loan,1020968,15.97,36,2024-11-07,Under Review,656.0,No
CUST03180,Rohan Gupta,30,Female,Lucknow,Student,188176.0,LN003180,Personal Loan,425080,15.41,60,2025-02-27,Pending,698.0,No
CUST03422,Pooja Mishra,52,Female,Indore,Salaried,560569.0,LN003422,Business Loan,1403509,10.55,48,2025-12-22,Rejected,537.0,Yes
CUST02618,Rahul Roy,26,Male,Ahmedabad,Student,491579.0,LN002618,Personal Loan,465950,12.53,36,2023-08-06,Approved,581.0,No
CUST01203,Meera Yadav,63,Male,Delhi,Salaried,2298309.0,LN001203,Gold Loan,606645,12.75,48,2023-12-22,Approved,606.0,No
CUST00892,Pooja Patel,54,Male,Bhopal,Salaried,1879862.0,LN000892,Auto Loan,867804,15.53,36,2025-02-21,Approved,642.0,No
CUST02137,Vikram Mehta,31,Female,Chandigarh,Salaried,276537.0,LN002137,Personal Loan,654903,11.18,240,2025-12-27,Rejected,664.0,No
CUST01089,Ananya Mehta,61,Male,Pune,Salaried,619268.0,LN001089,Home Loan,5842028,11.56,240,2025-05-02,Rejected,661.0,Yes
CUST02907,Priya Shah,46,Male,Mumbai,Student,275910.0,LN002907,Home Loan,2919577,12.92,24,2024-01-11,Approved,650.0,No
CUST00620,Rohan Das,39,Male,Pune,Government Employee,347850.0,LN000620,Personal Loan,398249,17.32,12,2023-03-25,Rejected,687.0,Yes
CUST02450,Aditya Roy,55,Male,Hyderabad,Government Employee,995613.0,LN002450,Personal Loan,470947,12.09,180,2025-11-09,Approved,601.0,Yes
CUST00081,Isha Mishra,54,Male,Kolkata,Salaried,796036.0,LN000081,Home Loan,5787696,13.23,180,2023-12-05,Pending,591.0,Yes
CUST01215,Meera Shah,33,Male,Chandigarh,Business Owner,1753838.0,LN001215,Personal Loan,302409,7.4,24,2023-06-18,Under Review,610.0,No
CUST02680,Priya Das,38,Male,Varanasi,Salaried,1315542.0,LN002680,Personal Loan,279666,9.01,12,2023-02-11,Approved,611.0,No
CUST02382,Karan Das,36,Female,Patna,Salaried,1396094.0,LN002382,Auto Loan,1735535,17.16,120,2025-11-07,Approved,725.0,No
CUST01217,Kavya Kumar,39,Male,Pune,Self-employed,1166354.0,LN001217,Home Loan,5668259,16.26,360,2025-01-28,Approved,795.0,No
CUST00018,Meera Yadav,27,Female,Ahmedabad,Business Owner,2305279.0,LN000018,Auto Loan,257450,11.23,120,2025-11-11,Approved,544.0,Yes
CUST00784,Pooja Joshi,63,Male,Indore,Salaried,1271838.0,LN000784,Personal Loan,652878,7.11,48,2023-08-05,Pending,650.0,No
CUST01890,Isha Singh,35,Female,Chennai,Business Owner,2255606.0,LN001890,Education Loan,1034467,7.92,12,2023-07-15,Approved,642.0,No
CUST02106,Priya Yadav,37,Male,Pune,Salaried,1844373.0,LN002106,Gold Loan,247559,16.77,84,2023-05-27,Rejected,738.0,No
CUST02608,Ananya Yadav,62,Male,Jaipur,Self-employed,376215.0,LN002608,Business Loan,2200301,16.39,84,2024-05-15,Approved,721.0,No
CUST01801,Pooja Kumar,39,Male,Chennai,Self-employed,2449010.0,LN001801,Personal Loan,166032,7.54,180,2023-02-28,Approved,612.0,Yes
CUST01580,Pooja Roy,55,Female,Chennai,Self-employed,900203.0,LN001580,Personal Loan,916922,11.16,360,2025-05-15,Approved,727.0,No
CUST03029,Pooja Sharma,37,Male,Bengaluru,Self-employed,311896.0,LN003029,Personal Loan,719827,13.71,84,2025-04-14,Approved,708.0,No
CUST02795,Arjun Mishra,34,Female,Pune,Government Employee,346963.0,LN002795,Business Loan,838431,15.47,360,2023-09-08,Under Review,580.0,Yes
CUST03197,Aditya Gupta,45,Female,Bhopal,Government Employee,558478.0,LN003197,Home Loan,5036398,11.3,24,2024-06-27,Rejected,656.0,No
CUST03472,Rahul Sharma,53,Female,Indore,Salaried,660649.0,LN003472,Business Loan,3463626,8.68,120,2023-04-14,Approved,720.0,No
CUST01356,Riya Verma,51,Male,Delhi,Government Employee,389299.0,LN001356,Auto Loan,494417,11.16,84,2024-05-23,Approved,759.0,Yes
CUST02333,Vikram Agarwal,39,Female,Pune,Salaried,777797.0,LN002333,Personal Loan,92392,15.51,240,2025-08-04,Approved,615.0,No
CUST03260,Simran Das,27,Male,Bengaluru,Salaried,1472295.0,LN003260,Business Loan,799069,13.07,240,2023-02-03,Rejected,653.0,No
CUST01222,Neha Joshi,28,Female,Pune,Self-employed,2368520.0,LN001222,Business Loan,1628143,,36,2025-09-20,Pending,654.0,No
CUST00625,Vikram Sharma,58,Female,Kolkata,Salaried,1590364.0,LN000625,Auto Loan,1737644,7.17,180,2025-03-21,Approved,780.0,
CUST01851,Isha Patel,51,Male,Lucknow,Government Employee,1360174.0,LN001851,Home Loan,2868762,9.54,360,2023-08-06,Rejected,661.0,No
CUST01366,Rahul Yadav,30,Male,Jaipur,Business Owner,861989.0,LN001366,Home Loan,3042423,17.01,84,2025-02-23,Pending,610.0,No
CUST00847,Aditya Singh,25,Female,Varanasi,Business Owner,1493867.0,LN000847,Business Loan,1474188,14.81,84,2023-03-26,Approved,712.0,No
CUST03243,Arjun Kumar,58,Female,Kolkata,Salaried,1350790.0,LN003243,Auto Loan,916771,15.48,84,2023-07-23,Under Review,656.0,No
CUST01312,Riya Sharma,61,Male,Mumbai,Self-employed,1979235.0,LN001312,Personal Loan,372191,15.8,180,2023-11-17,Approved,799.0,No
CUST00173,Priya Verma,24,Male,Varanasi,Business Owner,3018273.0,LN000173,Home Loan,1319165,16.87,48,2024-10-07,Rejected,629.0,No
CUST03159,Rohan Das,62,Male,Mumbai,Student,282433.0,LN003159,Education Loan,723103,7.58,120,2023-08-09,Pending,683.0,No
CUST02928,Neha Shah,49,Male,Mumbai,Salaried,,LN002928,Personal Loan,724049,15.06,84,2024-09-15,Approved,662.0,No
CUST02726,Priya Gupta,52,Male,Patna,Salaried,985903.0,LN002726,Education Loan,1446738,7.77,24,2025-09-26,Pending,722.0,Yes
CUST01435,Simran Verma,44,Female,Indore,Student,192941.0,LN001435,Home Loan,4691032,17.84,360,2025-01-18,Approved,775.0,No
CUST02421,Rohan Agarwal,41,Male,Lucknow,Student,186196.0,LN002421,Personal Loan,640201,8.95,60,2023-12-18,Pending,698.0,Yes
CUST03235,Ananya Shah,39,Female,Jaipur,Self-employed,376274.0,LN003235,Business Loan,1723162,9.88,12,2025-04-03,Rejected,671.0,Yes
CUST02630,Nikhil Shah,42,Female,Kolkata,Salaried,1628714.0,LN002630,Home Loan,4072684,9.73,24,2025-09-17,Approved,766.0,No
CUST03356,Sneha Joshi,39,Female,Chennai,Salaried,729813.0,LN003356,Business Loan,2222165,8.37,60,2023-06-19,Pending,611.0,Yes
CUST02833,Rahul Verma,31,Male,Bhopal,Salaried,1951426.0,LN002833,Business Loan,3829953,11.2,60,2024-02-19,Approved,721.0,No
CUST02889,Riya Mishra,36,Male,Chennai,Self-employed,682875.0,LN002889,Auto Loan,241258,7.52,120,2025-03-01,Pending,665.0,No
CUST01935,Riya Mehta,24,Female,Delhi,Salaried,1798283.0,LN001935,Home Loan,1673922,11.91,24,2024-08-19,Pending,734.0,No
CUST01268,Ananya Kumar,37,Female,Indore,Salaried,1762997.0,LN001268,Home Loan,2586346,12.0,120,2023-01-12,Pending,650.0,No
CUST02460,Karan Agarwal,37,Female,Jaipur,Government Employee,971763.0,LN002460,Auto Loan,262251,12.89,24,2023-01-18,Pending,719.0,Yes
CUST02966,Rahul Mehta,40,Female,Jaipur,Salaried,298781.0,LN002966,Personal Loan,566686,8.15,24,2024-12-27,Rejected,646.0,No
CUST00459,Isha Singh,31,Female,Chandigarh,Salaried,750303.0,LN000459,Personal Loan,221929,17.59,180,2024-06-23,Approved,664.0,No
CUST01168,Nikhil Joshi,44,Male,Patna,Self-employed,568831.0,LN001168,Home Loan,5274988,14.55,360,2023-02-13,Rejected,564.0,No
CUST00009,Rahul Shah,52,Female,Varanasi,Business Owner,3232868.0,LN000009,Personal Loan,248286,7.89,36,2024-07-31,Rejected,630.0,No
CUST01442,Simran Shah,37,Male,Mumbai,Student,225985.0,LN001442,Gold Loan,580796,13.11,24,2023-02-26,Rejected,711.0,Yes
CUST02712,Aditya Singh,53,Male,Hyderabad,Self-employed,1081498.0,LN002712,Home Loan,2657450,7.0,24,2025-01-25,Rejected,740.0,No
CUST02953,Sneha Das,55,Male,Hyderabad,Salaried,247933.0,LN002953,Auto Loan,655296,12.13,84,2025-02-25,Approved,667.0,No
CUST02837,Karan Singh,30,Female,Varanasi,Self-employed,1262536.0,LN002837,Personal Loan,972891,17.98,12,2024-05-17,Approved,774.0,Yes
CUST03124,Arjun Patel,34,Male,Hyderabad,Salaried,2405939.0,LN003124,Personal Loan,993056,16.44,360,2023-09-11,Approved,784.0,No
CUST03347,Vivaan Verma,42,Female,Mumbai,Self-employed,1681917.0,LN003347,Personal Loan,540849,9.68,240,2024-04-07,Approved,636.0,Yes
CUST00464,Simran Verma,29,Male,Lucknow,Self-employed,2457476.0,LN000464,Home Loan,5014959,14.75,12,2025-05-20,Approved,622.0,No
CUST00924,Simran Roy,27,Female,Chennai,Government Employee,408269.0,LN000924,Home Loan,5905719,8.9,36,2023-11-04,Approved,663.0,Yes
CUST02908,Riya Verma,38,Male,Bhopal,Salaried,1057896.0,LN002908,Home Loan,1241863,12.64,48,2025-11-28,Rejected,646.0,No
CUST01542,Neha Kumar,52,Female,Delhi,Salaried,1451865.0,LN001542,Personal Loan,581373,18.48,60,2024-12-12,Rejected,,No
CUST00383,Vivaan Agarwal,33,Female,Bengaluru,Salaried,412117.0,LN000383,Personal Loan,443444,17.09,24,2025-07-07,Approved,762.0,No
CUST01702,Vivaan Das,37,Female,Mumbai,Student,439925.0,LN001702,Personal Loan,246571,7.9,60,2023-05-01,Rejected,580.0,Yes
CUST02660,Riya Roy,54,Female,Patna,Salaried,184726.0,LN002660,Personal Loan,840565,17.23,60,2023-03-23,Pending,641.0,Yes
CUST00716,Neha Gupta,34,Female,Hyderabad,Self-employed,2461833.0,LN000716,Gold Loan,453552,10.68,360,2024-01-11,Approved,788.0,No
CUST00444,Vivaan Yadav,46,Male,Chandigarh,,1591910.0,LN000444,Home Loan,826505,14.26,24,2024-06-26,Approved,810.0,Yes
CUST01448,Rahul Mehta,31,Male,Bhopal,Salaried,1855194.0,LN001448,Home Loan,2455890,10.14,60,2024-06-14,Rejected,850.0,Yes
CUST02979,Isha Gupta,52,Female,Pune,Salaried,1686113.0,LN002979,Personal Loan,131774,18.36,360,2023-01-17,Approved,629.0,No
CUST02195,Neha Agarwal,30,Male,Chandigarh,Government Employee,1072904.0,LN002195,Home Loan,4813199,15.05,48,2023-09-04,Pending,618.0,No
CUST01915,Aman Patel,22,Male,Mumbai,Government Employee,1184754.0,LN001915,Personal Loan,569896,16.06,84,2023-06-12,Approved,788.0,No
CUST00011,Aditya Sharma,59,Male,Delhi,Salaried,1978792.0,LN000011,Personal Loan,278576,17.84,84,2024-03-17,Under Review,664.0,No
CUST00015,Rohan Kumar,45,Female,Ahmedabad,Salaried,2036926.0,LN000015,Business Loan,854594,18.29,48,2025-05-30,Approved,643.0,No
CUST00192,Karan Mehta,63,Female,Patna,,674178.0,LN000192,Home Loan,2579685,16.07,24,2023-07-14,Pending,682.0,No
CUST00049,Neha Patel,42,Female,Ahmedabad,Salaried,2407712.0,LN000049,Auto Loan,297979,12.79,240,2025-03-04,Pending,648.0,No
CUST00425,Riya Das,24,Female,Hyderabad,Government Employee,340633.0,LN000425,Business Loan,607124,12.78,60,2023-11-29,Rejected,625.0,Yes
CUST01073,Kavya Yadav,37,Female,Jaipur,Salaried,274328.0,LN001073,Auto Loan,1436916,11.39,24,2023-01-02,Approved,612.0,Yes
CUST01644,Karan Mehta,39,Female,Jaipur,Salaried,460301.0,LN001644,Business Loan,930004,11.98,24,2023-07-08,Approved,737.0,No
CUST02760,Riya Mishra,30,Female,Lucknow,Self-employed,1050358.0,LN002760,Home Loan,4203121,8.92,240,2025-08-02,Approved,850.0,No
CUST01390,Riya Shah,55,Male,Bengaluru,Government Employee,1027498.0,LN001390,Business Loan,2557093,13.72,120,2024-06-02,Approved,705.0,No
CUST03443,Nikhil Das,49,Male,Hyderabad,Salaried,644345.0,LN003443,Home Loan,1785716,8.74,60,2025-10-29,Approved,713.0,No
CUST01681,Aditya Mehta,65,Female,Bengaluru,Self-employed,1126950.0,LN001681,Home Loan,4206936,16.07,240,2025-03-08,Approved,659.0,No
CUST02480,Ananya Agarwal,30,Male,Hyderabad,Salaried,2188007.0,LN002480,Education Loan,637344,9.75,36,2024-07-01,Approved,775.0,No
CUST00380,Aman Kumar,22,,Lucknow,Student,257126.0,LN000380,Personal Loan,491733,10.58,240,2023-11-21,Approved,,No
CUST00788,Vivaan Roy,48,Male,Bhopal,Salaried,1637571.0,LN000788,Auto Loan,1598903,12.77,12,2025-10-13,Approved,535.0,Yes
CUST00581,Priya Kumar,51,Male,Delhi,Salaried,1691710.0,LN000581,Personal Loan,882230,10.07,180,2023-01-06,Approved,594.0,No
CUST01351,Rohan Joshi,48,Female,Lucknow,Salaried,1338195.0,LN001351,Home Loan,2518478,16.64,48,2023-07-20,Rejected,695.0,No
CUST01491,Arjun Das,27,Female,Lucknow,Business Owner,1535189.0,LN001491,Business Loan,1864046,15.4,84,2023-03-08,Under Review,645.0,No
CUST00152,Ananya Kumar,23,Male,Delhi,Salaried,1048374.0,LN000152,Auto Loan,1335574,13.64,240,2023-05-16,Approved,641.0,No
CUST02243,Pooja Shah,31,Female,Pune,Salaried,1324438.0,LN002243,Personal Loan,458551,10.47,12,2025-11-28,Approved,772.0,No
CUST02113,Karan Yadav,32,Male,Ahmedabad,Self-employed,2474708.0,LN002113,Personal Loan,74193,14.77,360,2024-07-20,Pending,570.0,No
CUST01601,Riya Mishra,56,Male,Hyderabad,Government Employee,1155832.0,LN001601,Business Loan,2632966,17.55,36,2024-09-21,Approved,748.0,No
CUST02331,Kavya Singh,23,Female,Delhi,Salaried,1458549.0,LN002331,Auto Loan,554624,14.9,84,2025-10-21,Rejected,698.0,No
CUST02167,Pooja Patel,60,Male,Mumbai,Salaried,205394.0,LN002167,Home Loan,5709123,16.89,12,2024-07-21,Rejected,681.0,
CUST00040,Rohan Jain,58,Female,Ahmedabad,Self-employed,246203.0,LN000040,Personal Loan,59337,9.16,360,2024-11-28,Approved,706.0,No
CUST01533,Ananya Sharma,24,Male,Varanasi,Business Owner,1530785.0,LN001533,Personal Loan,650867,12.38,12,2023-02-28,Pending,541.0,No
CUST02558,Karan Roy,63,Male,Chennai,Student,184481.0,LN002558,Home Loan,5059144,16.83,12,2024-01-04,Approved,675.0,Yes
CUST00384,Pooja Jain,27,Male,Chandigarh,Self-employed,817509.0,LN000384,Personal Loan,328720,17.19,12,2023-02-21,Rejected,732.0,Yes
CUST00059,Pooja Agarwal,29,Female,Hyderabad,Salaried,1564418.0,LN000059,Home Loan,4606503,15.63,36,2024-12-25,Approved,733.0,No
CUST00523,Isha Gupta,39,Male,Chennai,Student,468943.0,LN000523,Personal Loan,325345,8.88,12,2024-01-31,Approved,784.0,No
CUST00938,Pooja Roy,49,Female,Patna,Student,265780.0,LN000938,Business Loan,3790619,16.87,60,2025-04-07,Pending,562.0,No
CUST00414,Ananya Verma,28,Male,Varanasi,Salaried,2111375.0,LN000414,Auto Loan,237453,7.73,36,2023-03-31,Rejected,583.0,No
CUST00456,Aman Kumar,48,Male,Delhi,Business Owner,2195292.0,LN000456,Auto Loan,1505398,14.93,240,2023-10-10,Rejected,645.0,No
CUST02799,Meera Gupta,60,Female,Lucknow,Government Employee,560274.0,LN002799,Education Loan,422634,12.94,120,2023-02-10,Rejected,701.0,No
CUST02801,Aditya Yadav,65,Female,Hyderabad,Salaried,204836.0,LN002801,Personal Loan,846900,15.27,36,2023-01-06,Pending,630.0,Yes
CUST00123,Vikram Joshi,47,Female,Patna,Student,264539.0,LN000123,Auto Loan,1320575,11.6,48,2023-03-31,Approved,709.0,No
CUST01002,Arjun Gupta,24,Female,Bengaluru,Salaried,838554.0,LN001002,Personal Loan,528911,12.23,24,2024-06-17,Approved,770.0,No
CUST01374,Rahul Gupta,63,Male,Hyderabad,Business Owner,2382057.0,LN001374,Home Loan,3848601,13.25,36,2025-04-14,Approved,686.0,Yes
CUST00917,Simran Agarwal,40,Female,Patna,Self-employed,1556807.0,LN000917,Home Loan,3995335,16.66,60,2023-08-19,Rejected,674.0,No
CUST00827,Simran Sharma,55,Female,Chennai,Student,370468.0,LN000827,Personal Loan,430665,14.03,36,2024-03-17,Approved,,No
CUST00527,Aarav Joshi,59,Male,Bengaluru,Government Employee,1036618.0,LN000527,Business Loan,3285665,16.26,60,2025-03-08,Rejected,598.0,No
CUST02587,Simran Patel,50,Female,Bengaluru,Government Employee,942147.0,LN002587,Gold Loan,511552,15.76,240,2023-05-06,Approved,672.0,Yes
CUST01547,Pooja Agarwal,59,Female,Varanasi,Government Employee,879443.0,LN001547,Home Loan,3499053,9.54,180,2024-07-23,Approved,752.0,No
CUST02393,Aditya Shah,58,Female,Bhopal,Business Owner,2499802.0,LN002393,Auto Loan,1710663,,60,2024-10-01,Approved,791.0,No
CUST00897,Aditya Agarwal,42,Female,Kolkata,Government Employee,858867.0,LN000897,Education Loan,674065,9.05,24,2024-12-08,Rejected,737.0,No
CUST03430,Aditya Yadav,22,Male,Varanasi,Student,418910.0,LN003430,Home Loan,1219631,14.76,60,2025-09-09,Approved,591.0,No
CUST01137,Meera Patel,26,Female,Lucknow,Self-employed,2305786.0,LN001137,Personal Loan,398965,10.32,360,2024-07-21,Approved,796.0,No
CUST01872,Isha Sharma,39,Female,Hyderabad,Salaried,682080.0,LN001872,Education Loan,1009102,17.04,48,2025-05-26,Approved,624.0,No
CUST02102,Rohan Jain,53,Male,Pune,Self-employed,2347094.0,LN002102,Home Loan,2972279,16.15,36,2025-10-23,Pending,611.0,No
CUST02356,Ananya Jain,47,Female,Jaipur,Self-employed,1762459.0,LN002356,Home Loan,1862494,14.64,12,2024-01-06,Approved,823.0,Yes
CUST01778,Aman Gupta,46,Male,Hyderabad,Salaried,2348272.0,LN001778,Business Loan,1423201,15.89,84,2025-08-22,Approved,713.0,No
CUST00279,Rohan Mishra,62,Male,Ahmedabad,Business Owner,2052632.0,LN000279,Personal Loan,799450,16.93,180,2024-04-15,Pending,657.0,No
CUST02426,Aarav Patel,58,Male,Ahmedabad,Government Employee,486683.0,LN002426,Auto Loan,655917,17.31,180,2023-03-19,Approved,813.0,No
CUST00883,Priya Singh,62,Male,Jaipur,Self-employed,1971203.0,LN000883,Auto Loan,1250620,11.07,360,2024-11-25,Pending,555.0,No
CUST00738,Aditya Roy,64,Female,Delhi,Salaried,302537.0,LN000738,Home Loan,2021793,17.45,24,2023-10-02,Approved,691.0,No
CUST00879,Sneha Das,35,Female,Jaipur,Self-employed,939987.0,LN000879,Auto Loan,1695701,14.45,60,2023-12-23,Approved,626.0,No
CUST01567,Priya Joshi,57,Male,Bengaluru,Salaried,2277470.0,LN001567,Home Loan,5275235,16.21,24,2024-07-14,Approved,822.0,No
CUST01507,Simran Gupta,40,Male,Lucknow,Government Employee,827956.0,LN001507,Auto Loan,235058,12.35,360,2023-10-27,Approved,832.0,No
CUST03238,Arjun Das,27,Male,Jaipur,Salaried,765277.0,LN003238,Personal Loan,953497,15.09,120,2023-04-02,Approved,694.0,No
CUST03453,Aarav Das,60,Female,Mumbai,Self-employed,727043.0,LN003453,Personal Loan,296203,15.89,360,2025-04-21,Approved,576.0,Yes
CUST00295,Vivaan Jain,29,Female,Chandigarh,Self-employed,674955.0,LN000295,Personal Loan,884006,16.81,240,2025-10-21,Pending,583.0,No
CUST00505,Aditya Kumar,64,Male,Mumbai,Self-employed,1346374.0,LN000505,Home Loan,2960231,7.43,60,2025-07-17,Pending,670.0,No
CUST01660,Ananya Jain,43,Male,Indore,Government Employee,540763.0,LN001660,Auto Loan,1238281,17.73,12,2023-11-20,Pending,690.0,No
CUST02906,Simran Patel,42,Female,Chennai,Student,347276.0,LN002906,Gold Loan,384898,9.2,36,2023-01-17,Pending,668.0,No
CUST01718,Aditya Patel,33,Male,Mumbai,Government Employee,474311.0,LN001718,Personal Loan,405487,8.72,60,2024-07-26,Approved,682.0,No
CUST02131,Kavya Yadav,37,Female,Mumbai,Salaried,2372397.0,LN002131,Home Loan,1655377,12.54,84,2023-11-05,Rejected,674.0,No
CUST02135,Aman Verma,22,Male,Chennai,Salaried,501631.0,LN002135,Personal Loan,798924,16.07,24,2025-06-02,Approved,741.0,Yes
CUST03292,Pooja Gupta,38,Female,Lucknow,Salaried,849744.0,LN003292,Gold Loan,600636,14.76,360,2023-02-26,Approved,645.0,Yes
CUST01154,Meera Mehta,52,Male,Hyderabad,Government Employee,992859.0,LN001154,Personal Loan,267759,17.06,180,2024-11-28,Rejected,749.0,No
CUST00689,Kavya Joshi,63,Female,Chandigarh,Self-employed,1760835.0,LN000689,Personal Loan,337795,8.33,12,2023-09-28,Approved,722.0,No
CUST00548,Nikhil Singh,25,Male,Ahmedabad,Self-employed,1998352.0,LN000548,Personal Loan,686438,10.6,12,2025-06-27,Rejected,,No
CUST00709,Ananya Patel,55,Female,Varanasi,Business Owner,1706884.0,LN000709,Gold Loan,171701,10.72,180,2023-02-27,Rejected,580.0,No
CUST00004,Pooja Joshi,60,Female,Chandigarh,Government Employee,508261.0,LN000004,Home Loan,1071836,18.15,360,2023-06-11,Approved,668.0,No
CUST00979,Vikram Jain,21,Female,Kolkata,Salaried,969106.0,LN000979,Auto Loan,1745684,15.08,12,2024-11-22,Approved,704.0,Yes
CUST01144,Kavya Yadav,22,Female,Lucknow,Salaried,2447784.0,LN001144,Gold Loan,550223,8.72,180,2024-01-26,Approved,715.0,No
CUST00389,Rahul Singh,65,Female,Kolkata,Salaried,783151.0,LN000389,Home Loan,4726449,16.16,240,2023-05-09,Approved,692.0,Yes
CUST02467,Vivaan Mishra,33,Male,Bengaluru,Government Employee,627983.0,LN002467,Gold Loan,273019,16.04,180,2024-03-02,Approved,738.0,No
CUST01574,Neha Gupta,63,Female,Ahmedabad,Student,434689.0,LN001574,Personal Loan,65009,17.24,60,2025-08-01,Approved,648.0,No
CUST03480,Sneha Sharma,53,Female,Lucknow,Salaried,1774666.0,LN003480,Education Loan,1062488,11.45,240,2025-11-08,Approved,676.0,No
CUST00561,Sneha Das,36,Male,Pune,Business Owner,2799290.0,LN000561,Auto Loan,576941,11.6,24,2024-08-26,Approved,693.0,No
CUST00359,Isha Kumar,63,Female,Bengaluru,Student,438903.0,LN000359,Business Loan,1194801,15.41,12,2025-07-03,Rejected,644.0,No
CUST01605,Kavya Mishra,62,Male,Ahmedabad,Self-employed,980531.0,LN001605,Gold Loan,263423,10.21,48,2025-07-23,Rejected,792.0,No
CUST00836,Neha Singh,34,Female,Bhopal,Salaried,2499474.0,LN000836,Education Loan,132400,16.83,360,2025-05-29,Approved,804.0,No
CUST03429,Vivaan Jain,45,,Ahmedabad,Student,163437.0,LN003429,Personal Loan,776133,14.47,180,2025-12-15,Under Review,666.0,No
CUST01099,Vivaan Singh,27,Male,Mumbai,Salaried,789026.0,LN001099,Gold Loan,514369,11.29,240,2024-10-27,Approved,694.0,No
CUST01207,Meera Shah,31,Male,Bengaluru,Business Owner,931369.0,LN001207,Auto Loan,923205,12.39,120,2024-01-10,Approved,657.0,No
CUST01463,Isha Singh,32,Female,Lucknow,Salaried,1547089.0,LN001463,Auto Loan,1184961,10.75,240,2023-11-23,Approved,822.0,No
CUST03274,Karan Jain,30,Female,Delhi,Self-employed,1384609.0,LN003274,Gold Loan,623967,18.43,84,2024-01-25,Approved,635.0,No
CUST01067,Aarav Yadav,33,Female,Mumbai,Student,,LN001067,Education Loan,1012332,16.09,180,2024-02-01,Approved,623.0,No
CUST03005,Isha Yadav,48,Female,Bhopal,Government Employee,1155333.0,LN003005,Personal Loan,232851,17.96,48,2025-01-05,Approved,736.0,No
CUST01367,Aman Agarwal,56,Male,Pune,Self-employed,593742.0,LN001367,Personal Loan,923081,16.58,12,2023-11-06,Approved,651.0,No
CUST00198,Priya Gupta,41,Male,Indore,Salaried,573574.0,LN000198,Auto Loan,1021808,13.68,180,2024-04-27,Approved,719.0,No
CUST00612,Neha Verma,38,Male,Lucknow,Government Employee,562530.0,LN000612,Personal Loan,342164,10.5,36,2024-11-20,Approved,719.0,No
CUST01172,Vivaan Shah,51,Female,Varanasi,Salaried,1142334.0,LN001172,Business Loan,2758159,9.09,120,2024-01-03,Approved,850.0,No
CUST00477,Vivaan Singh,42,Female,Bengaluru,Government Employee,395335.0,LN000477,Home Loan,3554036,12.39,240,2025-02-19,Pending,671.0,No
CUST00032,Isha Sharma,55,Female,Hyderabad,Salaried,250640.0,LN000032,Education Loan,500573,13.46,12,2023-10-06,Rejected,713.0,No
CUST01960,Kavya Das,25,Female,Ahmedabad,Business Owner,1548732.0,LN001960,Education Loan,1143985,17.23,60,2024-02-03,Pending,674.0,Yes
CUST01803,Nikhil Das,39,Female,Patna,Business Owner,878403.0,LN001803,Home Loan,1731482,18.4,240,2025-04-11,Rejected,663.0,No
CUST01141,Pooja Shah,56,Female,Hyderabad,Government Employee,816066.0,LN001141,Home Loan,2191819,15.33,180,2024-06-12,Approved,723.0,No
CUST01022,Riya Sharma,49,Female,Patna,Government Employee,1208312.0,LN001022,Auto Loan,518708,17.39,240,2025-11-20,Under Review,649.0,No
CUST01661,Aman Patel,57,Female,Bengaluru,Business Owner,1993800.0,LN001661,Auto Loan,546314,10.48,48,2025-04-24,Approved,614.0,Yes
CUST00428,Arjun Agarwal,63,Female,Patna,Salaried,1461507.0,LN000428,Auto Loan,657532,15.76,12,2024-03-21,Approved,763.0,No
CUST01914,Kavya Kumar,50,Female,Delhi,Self-employed,1250372.0,LN001914,Auto Loan,663151,11.8,360,2024-07-26,Approved,631.0,No
CUST02735,Kavya Mishra,63,Male,Pune,Salaried,840876.0,LN002735,Home Loan,1594666,17.45,180,2023-08-26,Approved,701.0,No
CUST00392,Isha Sharma,21,Female,Bengaluru,Self-employed,2360275.0,LN000392,Auto Loan,153174,14.12,360,2023-08-14,Rejected,680.0,Yes
CUST01819,Nikhil Roy,32,Female,Delhi,Business Owner,2490982.0,LN001819,Home Loan,1491298,16.17,120,2024-01-14,Approved,688.0,Yes
CUST02174,Aarav Sharma,45,Female,Jaipur,Salaried,582791.0,LN002174,Business Loan,3668092,17.63,60,2024-09-30,Approved,732.0,No
CUST02955,Pooja Agarwal,36,Female,Lucknow,Student,376080.0,LN002955,Personal Loan,180041,13.84,24,2023-08-02,Approved,749.0,Yes
CUST00896,Isha Verma,41,Male,Varanasi,Salaried,2291577.0,LN000896,Auto Loan,727545,16.04,84,2025-09-14,Approved,710.0,Yes
CUST03433,Kavya Sharma,51,Male,Kolkata,Salaried,2328094.0,LN003433,Home Loan,1858970,11.51,180,2024-01-14,Rejected,754.0,Yes
CUST02120,Aarav Das,41,Male,Chennai,Student,288925.0,LN002120,Home Loan,5225944,13.49,120,2025-12-19,Under Review,583.0,No
CUST00230,Riya Gupta,40,Male,Mumbai,Government Employee,668226.0,LN000230,Gold Loan,725673,11.11,24,2024-11-15,Approved,641.0,No
CUST00490,Meera Mehta,59,Female,Bengaluru,Salaried,515510.0,LN000490,Personal Loan,106096,16.57,24,2025-07-17,Pending,691.0,No
CUST02199,Priya Sharma,62,Female,Ahmedabad,Salaried,1738520.0,LN002199,Personal Loan,963333,11.21,60,2023-09-02,Approved,637.0,Yes
CUST02964,Arjun Kumar,61,Female,Chennai,Student,145809.0,LN002964,Personal Loan,249204,8.86,60,2024-01-04,Approved,611.0,No
CUST03373,Pooja Agarwal,58,Female,Kolkata,Self-employed,273011.0,LN003373,Home Loan,4240434,15.32,12,2025-04-16,Approved,621.0,No
CUST00063,Simran Mehta,35,Female,Patna,Government Employee,364772.0,LN000063,Personal Loan,134291,14.37,36,2025-03-04,Approved,762.0,Yes
CUST01979,Ananya Agarwal,63,Male,Chennai,Business Owner,1856548.0,LN001979,Education Loan,848759,11.57,48,2024-01-09,Rejected,680.0,Yes
CUST03467,Riya Agarwal,39,Female,Varanasi,Student,122777.0,LN003467,Auto Loan,1031058,14.49,84,2023-03-21,Rejected,754.0,No
CUST00714,Karan Das,37,Female,Varanasi,Business Owner,2083371.0,LN000714,Personal Loan,798935,9.46,36,2025-01-14,Approved,699.0,No
CUST00753,Aman Shah,63,Male,Varanasi,Business Owner,2507356.0,LN000753,Business Loan,2177128,16.85,360,2024-09-07,Rejected,718.0,No
CUST01223,Neha Mehta,25,Female,Lucknow,Government Employee,681785.0,LN001223,Gold Loan,731066,15.72,60,2023-06-23,Under Review,584.0,No
CUST02239,Priya Verma,31,Male,Kolkata,Salaried,762149.0,LN002239,Auto Loan,676765,11.79,24,2024-02-08,Approved,609.0,No
CUST00809,Simran Patel,46,Female,Mumbai,Business Owner,2718890.0,LN000809,Auto Loan,1010359,14.39,240,2024-04-12,Rejected,672.0,Yes
CUST00058,Pooja Kumar,29,Female,Ahmedabad,Government Employee,393070.0,LN000058,Personal Loan,994118,16.13,12,2023-11-14,Pending,529.0,No
CUST01703,Arjun Das,29,Female,Lucknow,Government Employee,1214065.0,LN001703,Education Loan,1354305,18.37,48,2024-05-28,Rejected,687.0,Yes
CUST01408,Meera Jain,51,Male,Lucknow,Self-employed,1952200.0,LN001408,Personal Loan,737984,14.29,48,2025-03-03,Approved,696.0,No
CUST01885,Kavya Jain,60,Female,Patna,Business Owner,2980797.0,LN001885,Education Loan,386441,8.53,12,2025-12-15,Approved,822.0,No
CUST02253,Aditya Joshi,46,Male,Kolkata,Government Employee,716893.0,LN002253,Business Loan,1244670,12.23,48,2024-07-17,Under Review,663.0,No
CUST01928,Nikhil Joshi,58,Male,Jaipur,Salaried,2039572.0,LN001928,Auto Loan,681399,12.43,120,2024-06-04,Approved,738.0,No
CUST01189,Rohan Sharma,24,Male,Mumbai,Salaried,1654491.0,LN001189,Business Loan,1740564,8.52,180,2024-01-11,Rejected,635.0,No
CUST01082,Riya Yadav,59,Female,Bengaluru,,1912604.0,LN001082,Home Loan,2442147,13.58,24,2025-12-26,Pending,644.0,No
CUST01971,Neha Verma,38,Female,Ahmedabad,Salaried,1214738.0,LN001971,Personal Loan,503207,15.32,60,2025-11-21,Approved,680.0,No
CUST03177,Riya Agarwal,48,Female,Hyderabad,Government Employee,1162351.0,LN003177,Home Loan,1356523,10.05,60,2023-07-14,Approved,733.0,No
CUST03391,Riya Singh,64,Male,Hyderabad,Salaried,372503.0,LN003391,Personal Loan,324982,15.21,180,2025-02-25,Rejected,838.0,No
CUST01447,Vikram Sharma,25,Female,Kolkata,Student,208393.0,LN001447,Personal Loan,569357,13.17,48,2023-04-04,Pending,696.0,No
CUST03338,Ananya Verma,24,Male,Pune,Salaried,667081.0,LN003338,Gold Loan,661202,17.36,12,2025-01-20,Approved,850.0,Yes
CUST00717,Arjun Gupta,50,Female,Bengaluru,Government Employee,308798.0,LN000717,Business Loan,1774539,7.86,120,2024-08-10,Approved,748.0,Yes
CUST01883,Aman Singh,56,Male,Chandigarh,Salaried,2094225.0,LN001883,Home Loan,1355872,8.93,36,2023-09-16,Pending,679.0,Yes
CUST01300,Neha Agarwal,53,Female,Indore,Business Owner,2742891.0,LN001300,Home Loan,5044397,15.79,120,2025-04-13,Approved,620.0,No
CUST01676,Simran Yadav,30,Female,Bhopal,Salaried,1312628.0,LN001676,Personal Loan,735601,13.72,24,2024-08-10,Under Review,569.0,No
CUST00987,Isha Mehta,27,Female,Patna,Self-employed,2296310.0,LN000987,Auto Loan,858481,15.8,360,2023-06-07,Approved,564.0,No
CUST00629,Vivaan Sharma,32,,Indore,Salaried,2233790.0,LN000629,Education Loan,428477,9.75,120,2023-08-13,Approved,781.0,Yes
CUST00141,Nikhil Mishra,55,Female,Jaipur,Salaried,468859.0,LN000141,Personal Loan,605462,7.13,24,2024-02-09,Approved,755.0,Yes
CUST02202,Aarav Mehta,47,Male,Varanasi,Government Employee,318318.0,LN002202,Home Loan,5352976,8.39,240,2024-09-07,Approved,693.0,No
CUST01924,Meera Jain,62,Female,Chennai,Business Owner,3152193.0,LN001924,Gold Loan,520650,10.3,360,2024-06-24,Under Review,631.0,Yes
CUST01442,Simran Shah,37,Male,Mumbai,Student,225985.0,LN001442,Gold Loan,580796,13.11,24,2023-02-26,Rejected,711.0,Yes
CUST02444,Aman Patel,59,Male,Delhi,Self-employed,658110.0,LN002444,Business Loan,2670818,16.19,36,2023-04-17,Rejected,636.0,No
CUST03207,Riya Agarwal,55,Male,Chennai,Salaried,996362.0,LN003207,Business Loan,2334251,8.12,48,2023-01-06,Rejected,774.0,No
CUST01112,Karan Kumar,44,Female,Bengaluru,Business Owner,1281979.0,LN001112,Gold Loan,766878,10.21,120,2025-12-30,Approved,634.0,No
CUST00378,Rahul Das,52,Female,Ahmedabad,Student,187443.0,LN000378,Auto Loan,978416,7.65,240,2024-05-16,Approved,798.0,Yes
CUST01800,Neha Kumar,31,Female,Varanasi,Student,135930.0,LN001800,Gold Loan,412665,9.27,12,2025-03-06,Approved,616.0,No
CUST00719,Priya Shah,45,Male,Hyderabad,Student,369072.0,LN000719,Education Loan,667211,14.07,240,2025-07-27,Rejected,648.0,No
CUST01637,Aman Das,29,Female,Jaipur,Salaried,2437694.0,LN001637,Home Loan,4140470,12.42,24,2024-10-04,Approved,754.0,No
CUST03210,Neha Agarwal,27,Male,Bengaluru,Government Employee,1012959.0,LN003210,Home Loan,3460079,10.58,240,2024-02-05,Approved,627.0,Yes
CUST01933,Karan Verma,24,Female,Chennai,Salaried,1439551.0,LN001933,Business Loan,3532219,8.03,36,2024-01-23,Approved,739.0,No
CUST03232,Riya Yadav,61,Male,Varanasi,Student,235857.0,LN003232,Personal Loan,434444,14.55,48,2023-10-04,Approved,662.0,No
CUST01247,Meera Joshi,40,Male,Patna,Government Employee,1456480.0,LN001247,Auto Loan,489720,9.79,360,2023-11-22,Approved,766.0,No
CUST00500,Riya Shah,44,Female,Lucknow,Salaried,698993.0,LN000500,Home Loan,1781271,9.29,180,2025-12-06,Approved,748.0,No
CUST00019,Ananya Shah,47,Female,Indore,Government Employee,1140477.0,LN000019,Auto Loan,1568175,12.74,48,2024-06-30,Rejected,662.0,No
CUST01767,Isha Singh,23,Male,Patna,Self-employed,1855042.0,LN001767,Home Loan,3491750,9.96,60,2024-07-25,Approved,850.0,Yes
CUST02256,Rahul Agarwal,34,Male,Hyderabad,Salaried,2370198.0,LN002256,Education Loan,1360706,16.37,180,2025-12-14,Approved,654.0,No
CUST01808,Arjun Das,42,Female,Varanasi,Government Employee,922317.0,LN001808,Personal Loan,443419,11.88,120,2025-07-28,Rejected,674.0,No
CUST01280,Karan Verma,33,Female,Mumbai,Government Employee,310086.0,LN001280,Home Loan,4358795,10.85,12,2025-07-12,Approved,784.0,No
CUST00145,Priya Sharma,28,Male,Bengaluru,Salaried,1235675.0,LN000145,Personal Loan,630780,12.89,60,2025-10-28,Approved,724.0,No
CUST01384,Aditya Verma,36,Female,Bengaluru,Business Owner,2668963.0,LN001384,Education Loan,1397009,13.05,240,2025-10-02,Approved,713.0,No
CUST03053,Kavya Verma,34,Male,Bengaluru,Salaried,2117574.0,LN003053,Personal Loan,336266,13.76,240,2024-02-07,Approved,639.0,No
CUST01035,Aman Verma,64,Male,Patna,Self-employed,1084640.0,LN001035,Gold Loan,365792,15.68,24,2024-01-01,Rejected,583.0,No
CUST03325,Vikram Agarwal,25,Female,Mumbai,Business Owner,543271.0,LN003325,Personal Loan,778348,18.14,48,2023-04-02,Approved,772.0,No
CUST00367,Simran Kumar,62,Male,Chennai,Government Employee,539608.0,LN000367,Home Loan,1149115,16.93,240,2023-06-03,Under Review,570.0,No
CUST02610,Arjun Kumar,53,Male,Bhopal,Government Employee,328957.0,LN002610,Auto Loan,653344,7.84,12,2024-11-01,Under Review,560.0,No
CUST03496,Karan Mehta,33,Female,Mumbai,Government Employee,459670.0,LN003496,Home Loan,4293872,14.31,12,2023-04-15,Approved,596.0,No
CUST01675,Rohan Verma,56,Male,Delhi,Government Employee,851130.0,LN001675,Business Loan,2314665,18.42,12,2023-12-05,Approved,739.0,No
CUST03454,Karan Shah,55,Female,Patna,Salaried,401350.0,LN003454,Personal Loan,105362,13.73,36,2024-08-09,Approved,665.0,No
CUST03444,Vivaan Yadav,41,Male,Bengaluru,Government Employee,1241216.0,LN003444,Home Loan,1002485,9.32,48,2025-05-01,Approved,582.0,No
CUST03424,Pooja Mishra,46,Female,Hyderabad,,1319320.0,LN003424,Personal Loan,507478,14.39,12,2024-07-03,Approved,675.0,No
CUST03371,Sneha Kumar,48,Female,Chennai,Salaried,1572932.0,LN003371,Business Loan,1234247,15.89,84,2024-09-09,Rejected,699.0,No
CUST00178,Meera Das,26,,Bhopal,Business Owner,983098.0,LN000178,Home Loan,3362605,12.29,48,2024-05-15,Approved,703.0,No
CUST01224,Pooja Yadav,46,Male,Varanasi,Business Owner,427182.0,LN001224,Personal Loan,359203,13.6,360,2023-12-02,Rejected,695.0,
CUST03151,Ananya Yadav,41,Male,Hyderabad,Salaried,2371525.0,LN003151,Personal Loan,591094,10.35,48,2024-07-08,Rejected,716.0,No
CUST03234,Rohan Yadav,30,Male,Indore,Government Employee,1295068.0,LN003234,Auto Loan,213275,12.93,48,2024-10-09,Approved,726.0,No
CUST00238,Vivaan Patel,42,Male,Pune,Salaried,1569678.0,LN000238,Education Loan,1028660,13.44,12,2024-07-16,Approved,612.0,No
CUST00686,Riya Singh,42,Female,Chandigarh,Student,457232.0,LN000686,Home Loan,4736906,15.19,360,2025-11-28,Approved,620.0,Yes
CUST00677,Arjun Singh,62,Female,Chandigarh,Government Employee,712028.0,LN000677,Auto Loan,1787094,11.88,24,2024-05-06,Approved,710.0,No
CUST00286,Priya Shah,30,Female,Bhopal,Salaried,957635.0,LN000286,Auto Loan,428495,18.22,360,2023-06-15,Under Review,499.0,No
CUST01019,Pooja Joshi,28,Female,Varanasi,Government Employee,1252057.0,LN001019,Personal Loan,588786,9.42,12,2025-11-21,Rejected,644.0,No
CUST02935,Simran Gupta,60,Male,Hyderabad,Government Employee,1062979.0,LN002935,Business Loan,775519,10.96,12,2025-07-02,Approved,767.0,Yes
CUST03396,Arjun Yadav,43,Male,Mumbai,Salaried,1573019.0,LN003396,Auto Loan,492440,15.93,360,2025-03-05,Rejected,730.0,No
CUST01146,Sneha Roy,43,Female,Pune,Student,295225.0,LN001146,Business Loan,1135887,9.59,120,2024-12-31,Rejected,505.0,No
CUST02704,Vivaan Patel,30,Female,Jaipur,Salaried,1395705.0,LN002704,Business Loan,3169398,8.61,120,2023-03-15,Under Review,587.0,No
CUST00306,Vikram Joshi,50,Female,Chennai,Government Employee,1320747.0,LN000306,Business Loan,2145964,13.53,84,2025-01-01,Rejected,850.0,No
CUST02579,Neha Verma,56,Male,Jaipur,Self-employed,1442296.0,LN002579,Auto Loan,1690466,14.31,24,2024-05-13,Approved,674.0,No
CUST01454,Vivaan Singh,56,Female,Bhopal,Salaried,332721.0,LN001454,Auto Loan,250497,12.82,12,2023-03-28,Approved,850.0,Yes
CUST03226,Kavya Kumar,49,Female,Mumbai,Salaried,812091.0,LN003226,Personal Loan,445811,17.66,36,2024-04-28,Rejected,591.0,No
CUST01496,Kavya Gupta,25,Male,Pune,Self-employed,1100374.0,LN001496,Home Loan,5892078,13.75,36,2024-01-18,Rejected,639.0,No
CUST00890,Isha Kumar,27,Female,Varanasi,Salaried,1038468.0,LN000890,Auto Loan,1088481,7.56,60,2024-05-17,Approved,751.0,No
CUST02848,Vikram Joshi,44,Male,Kolkata,Business Owner,3322889.0,LN002848,Auto Loan,1772213,12.88,48,2023-04-04,Rejected,591.0,Yes
CUST01481,Karan Mishra,41,Male,Bhopal,Salaried,1357416.0,LN001481,Personal Loan,82827,7.11,240,2023-10-12,Approved,748.0,No
CUST03384,Meera Yadav,42,Female,Mumbai,Salaried,971975.0,LN003384,Personal Loan,457350,11.76,48,2024-04-11,Approved,656.0,Yes
CUST01514,Pooja Roy,23,Male,Indore,Business Owner,725396.0,LN001514,Auto Loan,1764336,9.97,120,2024-02-03,Approved,680.0,No
CUST00654,Arjun Jain,24,Male,Bhopal,Salaried,1299816.0,LN000654,Personal Loan,389855,13.84,24,2024-08-19,Approved,728.0,No
CUST01501,Vikram Roy,39,Male,Chennai,Government Employee,581080.0,LN001501,Gold Loan,719515,15.77,36,2024-02-01,Pending,595.0,No
CUST00631,Sneha Singh,52,Male,Mumbai,Salaried,777726.0,LN000631,Home Loan,4591860,13.97,12,2024-01-17,Pending,678.0,No
CUST01235,Sneha Singh,42,Female,Ahmedabad,Self-employed,1769732.0,LN001235,Auto Loan,1343424,16.3,48,2025-07-11,Approved,649.0,No
CUST03152,Simran Jain,33,Male,Patna,Business Owner,2373543.0,LN003152,Home Loan,4281917,16.76,36,2024-05-15,Approved,646.0,Yes
CUST01579,Vikram Yadav,25,Male,Pune,Government Employee,541832.0,LN001579,Home Loan,2246453,10.33,180,2024-01-15,Under Review,652.0,Yes
CUST01804,Aarav Shah,29,Male,Chandigarh,Salaried,1239755.0,LN001804,Home Loan,3436200,9.32,24,2023-05-28,Rejected,583.0,No
CUST02933,Vivaan Yadav,50,Female,Bhopal,Salaried,1649265.0,LN002933,Auto Loan,159877,17.25,36,2023-07-14,Approved,569.0,No
CUST02205,Rohan Kumar,28,Female,Pune,Salaried,1577111.0,LN002205,Auto Loan,936220,16.01,24,2024-12-01,Rejected,728.0,No
CUST01104,Ananya Roy,50,Female,Varanasi,Salaried,548406.0,LN001104,Home Loan,3258020,14.82,120,2023-09-20,Approved,605.0,No
CUST00567,Simran Jain,24,Female,Chennai,Salaried,1035656.0,LN000567,Personal Loan,414691,16.93,24,2024-08-28,Approved,636.0,Yes
CUST01662,Rahul Kumar,58,Female,Indore,Salaried,1728838.0,LN001662,Personal Loan,759685,15.39,240,2024-07-17,Pending,622.0,No
CUST02449,Pooja Das,55,Female,Indore,Salaried,2455267.0,LN002449,Personal Loan,798655,15.2,180,2025-07-24,Approved,850.0,No
CUST02659,Isha Gupta,29,Female,Jaipur,Salaried,569232.0,LN002659,Business Loan,783501,14.16,12,2023-07-14,Approved,693.0,No
CUST01612,Aarav Roy,58,Female,Mumbai,Business Owner,1270376.0,LN001612,Home Loan,1788033,15.19,36,2024-06-11,Rejected,755.0,No
CUST02934,Riya Joshi,38,Male,Ahmedabad,Government Employee,502337.0,LN002934,Home Loan,2046949,8.38,24,2024-11-13,Approved,601.0,No
CUST00569,Neha Mishra,25,Male,Bengaluru,Self-employed,965890.0,LN000569,Personal Loan,431448,16.23,12,2025-05-07,Approved,611.0,Yes
CUST02038,Aman Singh,23,Male,Lucknow,Self-employed,527240.0,LN002038,Gold Loan,120223,9.83,36,2025-08-12,Approved,596.0,No
CUST01570,Kavya Yadav,44,Female,Chennai,,2341854.0,LN001570,Gold Loan,192184,8.37,84,2025-09-16,Approved,697.0,No
CUST00826,Aarav Mehta,22,Female,Hyderabad,Salaried,1983541.0,LN000826,Home Loan,1529846,7.97,48,2025-04-18,Approved,650.0,Yes
CUST01160,Rahul Mehta,62,Male,Chandigarh,Salaried,628834.0,LN001160,Business Loan,2576583,18.43,36,2023-02-01,Rejected,623.0,No
CUST03146,Aditya Joshi,47,Female,Jaipur,Salaried,500472.0,LN003146,Business Loan,1830270,16.3,12,2024-06-11,Rejected,770.0,
CUST01352,Aditya Sharma,22,Male,Patna,Government Employee,311721.0,LN001352,Education Loan,663725,7.93,180,2024-05-24,Rejected,,No
CUST00223,Isha Verma,24,Male,Hyderabad,Salaried,1477819.0,LN000223,Auto Loan,1394992,10.34,240,2024-07-12,Approved,737.0,No
CUST01797,Pooja Agarwal,41,Male,Lucknow,Salaried,2211692.0,LN001797,Home Loan,3015344,8.23,84,2023-03-23,Approved,,No
CUST01143,Aman Joshi,37,Male,Chennai,Salaried,1900442.0,LN001143,Personal Loan,559090,13.89,24,2023-04-23,Approved,755.0,No
CUST02090,Nikhil Verma,31,Female,Hyderabad,Salaried,2024494.0,LN002090,Business Loan,3698388,7.55,84,2025-11-02,Approved,668.0,No
CUST02623,Ananya Das,35,Male,Hyderabad,Salaried,1301929.0,LN002623,Auto Loan,1458499,7.34,120,2025-09-30,Approved,850.0,No
CUST03281,Arjun Yadav,21,Female,Indore,Self-employed,2304932.0,LN003281,Business Loan,3397296,15.71,120,2023-08-30,Approved,717.0,No
CUST00900,Priya Kumar,29,Female,Jaipur,Government Employee,886347.0,LN000900,Personal Loan,615379,14.15,12,2025-09-14,Approved,644.0,No
CUST00250,Nikhil Verma,27,Male,Kolkata,Salaried,433091.0,LN000250,Gold Loan,156121,11.59,360,2025-07-16,Rejected,710.0,No
CUST01805,Neha Das,21,Male,Hyderabad,Government Employee,936421.0,LN001805,Home Loan,4705892,15.88,360,2024-12-27,Under Review,592.0,No
CUST00462,Priya Roy,55,Female,Chennai,Salaried,1227861.0,LN000462,Personal Loan,562438,8.2,360,2024-08-17,Rejected,709.0,No
CUST02877,Kavya Das,38,Female,Kolkata,Salaried,487162.0,LN002877,Education Loan,1146693,14.54,180,2024-11-27,Rejected,748.0,No
CUST01964,Nikhil Mehta,29,,Kolkata,Salaried,2429704.0,LN001964,Auto Loan,806350,18.3,60,2025-06-20,Rejected,705.0,No
CUST00889,Vivaan Patel,64,Male,Chandigarh,Self-employed,1396373.0,LN000889,Personal Loan,437335,13.2,60,2024-11-06,Approved,747.0,Yes
CUST00712,Karan Das,26,Male,Delhi,Government Employee,1462111.0,LN000712,Home Loan,5605303,15.28,24,2023-12-31,Approved,771.0,Yes
CUST00492,Rahul Singh,55,Female,Kolkata,Self-employed,1878019.0,LN000492,Personal Loan,518255,9.8,180,2024-02-08,Rejected,666.0,No
CUST00124,Vikram Yadav,59,Male,Varanasi,Self-employed,445798.0,LN000124,Personal Loan,884800,13.52,360,2025-08-09,Under Review,654.0,No
CUST00618,Nikhil Joshi,22,Male,Indore,Government Employee,834820.0,LN000618,Personal Loan,266351,13.46,180,2024-03-02,Pending,698.0,No
CUST01562,Rohan Shah,24,Male,Hyderabad,Self-employed,378250.0,LN001562,Gold Loan,508760,9.12,12,2025-11-01,Rejected,485.0,No
CUST03063,Vivaan Patel,51,Female,Ahmedabad,Salaried,294049.0,LN003063,Personal Loan,676528,9.74,36,2025-09-09,Approved,796.0,No
CUST02686,Rahul Mishra,42,Female,Indore,Student,298608.0,LN002686,Home Loan,4026690,12.79,180,2024-02-19,Approved,841.0,No
CUST01977,Pooja Gupta,23,Female,Hyderabad,Salaried,810904.0,LN001977,Education Loan,551464,10.37,24,2025-10-25,Pending,711.0,No
CUST00562,Simran Yadav,35,Female,Lucknow,Salaried,713037.0,LN000562,Auto Loan,363933,11.75,84,2025-07-28,Approved,734.0,No
CUST01698,Riya Mishra,52,Female,Bengaluru,Business Owner,2153380.0,LN001698,Gold Loan,242259,8.73,48,2024-10-28,Rejected,564.0,No
CUST00765,Priya Roy,22,Female,Chandigarh,Salaried,1801671.0,LN000765,Personal Loan,812449,9.06,24,2024-09-05,Approved,737.0,No
CUST00696,Sneha Kumar,62,Female,Indore,Salaried,480159.0,LN000696,Gold Loan,650682,13.39,36,2024-04-19,Rejected,690.0,No
CUST01267,Isha Kumar,55,,Indore,Student,244679.0,LN001267,Auto Loan,150184,8.81,36,2025-06-22,Approved,731.0,No
CUST01951,Arjun Verma,47,Male,Chennai,Government Employee,819069.0,LN001951,Auto Loan,314251,12.82,24,2024-08-07,Approved,557.0,No
CUST02187,Kavya Yadav,54,Male,Indore,Self-employed,990584.0,LN002187,Home Loan,1484360,13.8,36,2024-03-13,Approved,713.0,No
CUST02607,Arjun Das,27,Male,Chandigarh,Self-employed,1286189.0,LN002607,Business Loan,1902418,12.12,240,2025-06-16,Pending,678.0,No
CUST02020,Aditya Roy,55,Female,Jaipur,Self-employed,1070434.0,LN002020,Home Loan,1366961,17.24,360,2025-12-26,Under Review,594.0,Yes
CUST02514,Rahul Jain,47,Female,Bengaluru,Salaried,1537178.0,LN002514,Home Loan,1066324,11.4,24,2023-12-28,Pending,558.0,No
CUST00358,Ananya Patel,32,Male,Delhi,Salaried,1586065.0,LN000358,Auto Loan,1005754,16.7,120,2024-06-21,Pending,687.0,Yes
CUST02758,Kavya Yadav,43,Male,Delhi,,289240.0,LN002758,Personal Loan,189322,11.01,84,2024-08-08,Approved,711.0,No
CUST02365,Ananya Verma,64,Female,Hyderabad,Government Employee,751346.0,LN002365,Personal Loan,373356,13.22,12,2024-08-30,Pending,676.0,No
CUST02397,Aman Yadav,62,Female,Ahmedabad,Business Owner,1693869.0,LN002397,Personal Loan,718848,14.66,48,2025-04-02,Approved,574.0,No
CUST00311,Arjun Roy,64,Female,Patna,Business Owner,1147410.0,LN000311,Personal Loan,911858,16.37,12,2023-12-29,Rejected,776.0,No
CUST02791,Aman Sharma,24,Male,Bengaluru,Government Employee,846656.0,LN002791,Home Loan,2075890,14.98,84,2024-03-17,Approved,673.0,Yes
CUST01308,Aman Verma,26,Male,Bengaluru,Salaried,2204249.0,LN001308,Education Loan,439771,9.66,12,2023-02-02,Rejected,792.0,No
CUST00128,Rahul Agarwal,38,Female,Pune,Salaried,2178197.0,LN000128,Personal Loan,701176,14.96,120,2024-11-30,Rejected,811.0,No
CUST01831,Aarav Das,48,Male,Mumbai,Self-employed,261736.0,LN001831,Personal Loan,88921,11.06,360,2024-06-11,Approved,505.0,Yes
CUST03156,Sneha Mehta,23,Female,Indore,Government Employee,1204884.0,LN003156,Personal Loan,478846,12.0,48,2024-12-25,Pending,571.0,No
CUST00660,Rahul Mehta,37,Male,Delhi,Business Owner,974673.0,LN000660,Home Loan,4423664,11.03,180,2024-12-28,Rejected,602.0,No
CUST02321,Aman Joshi,59,Female,Patna,Self-employed,627974.0,LN002321,Auto Loan,715212,15.7,48,2024-10-05,Approved,760.0,Yes
CUST01674,Aditya Agarwal,26,Female,Chandigarh,Salaried,2182131.0,LN001674,Personal Loan,267409,14.93,360,2023-03-25,Approved,734.0,Yes
CUST02161,Sneha Roy,25,Male,Lucknow,Business Owner,3253922.0,LN002161,Education Loan,1126573,7.77,60,2025-07-02,Rejected,620.0,No
CUST01531,Riya Das,62,Female,Indore,Government Employee,548562.0,LN001531,Personal Loan,479355,9.32,60,2025-01-10,Approved,605.0,Yes
CUST02857,Aman Kumar,41,Male,Chandigarh,Business Owner,2206542.0,LN002857,Home Loan,4231075,12.83,360,2025-02-05,Approved,725.0,No
CUST00044,Riya Shah,65,Male,Kolkata,Self-employed,726237.0,LN000044,Business Loan,1000903,14.11,180,2023-06-03,Approved,693.0,No
CUST02930,Simran Kumar,63,Male,Bengaluru,Salaried,256720.0,LN002930,Auto Loan,669072,7.34,240,2024-01-11,Under Review,688.0,No
CUST02697,Vivaan Yadav,62,Female,Chandigarh,Salaried,1403352.0,LN002697,Auto Loan,1533621,12.8,84,2024-05-18,Approved,584.0,No
CUST03188,Meera Verma,52,Male,Delhi,Business Owner,2465506.0,LN003188,Personal Loan,560500,9.78,360,2025-07-28,Approved,689.0,No
CUST01793,Neha Kumar,34,Male,Chennai,Government Employee,456226.0,LN001793,Personal Loan,766747,16.68,360,2025-04-12,Under Review,574.0,No
CUST01741,Meera Sharma,57,Male,Pune,Salaried,2372163.0,LN001741,Auto Loan,1761546,14.44,12,2024-01-23,Rejected,708.0,No
CUST03126,Ananya Sharma,30,Male,Mumbai,Salaried,2192333.0,LN003126,Home Loan,3983359,9.08,12,2024-12-05,Approved,718.0,No
CUST01419,Isha Joshi,60,Male,Delhi,Salaried,1943544.0,LN001419,Gold Loan,185886,17.1,240,2025-06-14,Approved,698.0,Yes
CUST01546,Rahul Roy,39,Female,Pune,Salaried,675019.0,LN001546,Home Loan,4226078,15.68,12,2024-03-17,Under Review,579.0,No
CUST03009,Aditya Sharma,34,Female,Mumbai,Business Owner,2819411.0,LN003009,Auto Loan,247139,9.15,48,2023-12-07,Under Review,570.0,No
CUST01004,Rahul Roy,34,Female,Bengaluru,Government Employee,1302475.0,LN001004,Education Loan,1321743,14.68,24,2025-08-07,Under Review,537.0,No
CUST03132,Simran Sharma,61,Male,Hyderabad,Salaried,2447508.0,LN003132,Personal Loan,322274,7.13,120,2024-06-19,Approved,760.0,No
CUST01843,Nikhil Shah,65,Female,Kolkata,Student,494565.0,LN001843,Home Loan,5417521,10.68,60,2023-09-06,Rejected,675.0,No
CUST03011,Ananya Agarwal,34,Male,Bengaluru,Salaried,521165.0,LN003011,Personal Loan,845977,15.57,48,2024-06-08,Pending,672.0,Yes
CUST02042,Aarav Joshi,35,Female,Pune,Self-employed,1219375.0,LN002042,Personal Loan,88022,18.33,24,2025-12-19,Pending,692.0,No
CUST01184,Pooja Jain,47,Female,Chandigarh,Salaried,2096388.0,LN001184,Gold Loan,143005,18.29,24,2023-04-20,Approved,800.0,Yes
CUST00366,Kavya Mehta,53,Male,Chandigarh,Salaried,1908235.0,LN000366,Business Loan,3527169,12.01,84,2023-01-21,Approved,757.0,
CUST01921,Riya Mehta,38,Female,Pune,Student,274524.0,LN001921,Home Loan,1643542,7.19,36,2024-05-27,Rejected,651.0,No
CUST03199,Neha Kumar,60,Male,Delhi,Business Owner,1742703.0,LN003199,Home Loan,1385641,14.47,240,2024-12-04,Approved,710.0,No
CUST02298,Isha Roy,65,Female,Hyderabad,Government Employee,928273.0,LN002298,Auto Loan,880270,8.28,180,2023-09-13,Pending,656.0,Yes
CUST00984,Aarav Sharma,61,Male,Chennai,Salaried,807838.0,LN000984,Personal Loan,127952,8.2,12,2023-08-20,Rejected,796.0,No
CUST01839,Simran Singh,64,Male,Delhi,Salaried,448988.0,LN001839,Personal Loan,886296,18.43,240,2023-10-01,Approved,771.0,No
CUST01917,Isha Verma,55,Female,Pune,Salaried,948901.0,LN001917,Personal Loan,543691,13.79,120,2025-02-25,Pending,626.0,Yes
CUST01495,Pooja Das,27,Female,Delhi,Self-employed,308798.0,LN001495,Gold Loan,203816,10.21,120,2024-04-13,Approved,739.0,No
CUST03479,Nikhil Gupta,63,Female,Indore,Self-employed,745936.0,LN003479,Business Loan,1999967,17.14,60,2024-09-02,Approved,850.0,No
CUST01151,Aarav Joshi,49,Male,Kolkata,Self-employed,2450429.0,LN001151,Business Loan,3250319,13.82,360,2025-05-08,Rejected,655.0,No
CUST02198,Kavya Das,40,Male,Hyderabad,Salaried,769059.0,LN002198,Personal Loan,439139,11.78,36,2025-07-29,Approved,735.0,No
CUST01285,Karan Patel,42,Female,Lucknow,Salaried,2428541.0,LN001285,Home Loan,5695789,12.26,12,2024-07-31,Pending,599.0,No
CUST01599,Priya Jain,25,Male,Bengaluru,Salaried,237450.0,LN001599,Auto Loan,967766,11.99,12,2023-03-07,Rejected,672.0,No
CUST01314,Aarav Das,63,Male,Patna,Salaried,1148032.0,LN001314,Business Loan,1011759,11.97,48,2023-06-10,Approved,765.0,No
CUST01959,Karan Shah,63,Male,Jaipur,Self-employed,1436616.0,LN001959,Business Loan,2138809,13.76,48,2024-05-09,Approved,683.0,No
CUST00483,Meera Shah,42,Female,Chandigarh,Student,228612.0,LN000483,Personal Loan,529498,11.34,12,2024-02-27,Rejected,710.0,Yes
CUST02128,Rohan Gupta,49,Female,Chennai,Student,120188.0,LN002128,Home Loan,2083173,14.63,120,2024-05-31,Approved,796.0,No
CUST03164,Vikram Singh,25,Male,Pune,Salaried,2023904.0,LN003164,Home Loan,4064187,18.44,60,2024-07-11,Pending,700.0,No
CUST01955,Pooja Agarwal,49,Male,Pune,Salaried,631251.0,LN001955,Personal Loan,160613,12.59,240,2024-07-29,Approved,788.0,No
CUST00903,Riya Singh,65,Female,Bengaluru,Government Employee,771653.0,LN000903,Personal Loan,921022,14.56,36,2023-11-03,Rejected,572.0,No
CUST03362,Arjun Mishra,44,Female,Kolkata,Business Owner,3085596.0,LN003362,Personal Loan,204812,13.29,36,2024-12-27,Under Review,480.0,No
CUST02334,Vivaan Shah,57,Male,Chandigarh,Self-employed,217339.0,LN002334,Business Loan,3059106,13.12,240,2024-08-12,Rejected,525.0,No
CUST01779,Vivaan Agarwal,35,Male,Pune,Self-employed,1885463.0,LN001779,Personal Loan,420553,11.32,36,2025-12-09,Approved,677.0,No
CUST00832,Simran Mishra,50,Female,Bhopal,Self-employed,1413548.0,LN000832,Home Loan,3517569,7.44,240,2023-02-19,Pending,748.0,No
CUST01364,Kavya Gupta,65,Female,Chandigarh,Government Employee,847526.0,LN001364,Business Loan,1913747,13.31,60,2023-06-05,Rejected,735.0,No
CUST03024,Meera Patel,52,Female,Ahmedabad,Self-employed,364939.0,LN003024,Auto Loan,912275,17.99,240,2023-06-25,Pending,690.0,No
CUST00650,Vivaan Mehta,24,Female,Delhi,Student,466874.0,LN000650,Gold Loan,301831,7.17,120,2023-02-18,Rejected,695.0,No
CUST00328,Aditya Shah,48,Male,Patna,Government Employee,715105.0,LN000328,Auto Loan,1453659,7.7,180,2025-03-28,Rejected,730.0,Yes
CUST03272,Sneha Patel,54,Female,Ahmedabad,Salaried,2070361.0,LN003272,Home Loan,2872030,14.67,120,2024-06-07,Approved,753.0,No
CUST02688,Arjun Roy,40,Female,Patna,Government Employee,565732.0,LN002688,Gold Loan,399801,14.93,36,2024-10-11,Rejected,649.0,No
CUST01126,Aarav Roy,60,Female,Lucknow,Government Employee,1396141.0,LN001126,Home Loan,2334038,13.86,240,2024-10-22,Under Review,656.0,No
CUST01509,Karan Kumar,45,Male,Hyderabad,Business Owner,2448862.0,LN001509,Home Loan,3835360,15.61,48,2025-10-17,Approved,791.0,No
CUST00301,Kavya Sharma,54,Male,Bengaluru,Salaried,797367.0,LN000301,Personal Loan,257849,10.14,36,2023-06-01,Rejected,709.0,No
CUST01048,Aditya Yadav,25,Female,Patna,Student,268608.0,LN001048,Home Loan,4491689,14.58,60,2025-11-15,Rejected,808.0,No
CUST00261,Neha Das,53,Female,Jaipur,Salaried,774557.0,LN000261,Home Loan,1790121,8.36,360,2025-10-31,Approved,773.0,No
CUST01909,Priya Das,23,Female,Chennai,Salaried,1999746.0,LN001909,Home Loan,4276366,15.19,120,2024-03-26,Rejected,713.0,No
CUST01080,Karan Patel,64,Male,Bengaluru,Government Employee,1486811.0,LN001080,Business Loan,709759,14.11,24,2024-11-02,Approved,704.0,No
CUST00480,Rahul Joshi,49,Male,Jaipur,Salaried,328469.0,LN000480,Home Loan,1316394,11.21,12,2023-03-05,Approved,675.0,No
CUST02294,Vivaan Das,64,Male,Jaipur,Salaried,1537220.0,LN002294,Personal Loan,243978,11.55,120,2025-03-10,Pending,728.0,No
CUST01340,Karan Mehta,27,Female,Kolkata,Government Employee,803166.0,LN001340,Personal Loan,678842,13.64,12,2025-08-29,Rejected,795.0,No
CUST00513,Sneha Joshi,62,Male,Mumbai,Self-employed,1187705.0,LN000513,Auto Loan,996056,9.4,240,2024-10-25,Pending,672.0,No
CUST00871,Vivaan Gupta,23,Female,Bengaluru,Self-employed,1432002.0,LN000871,Business Loan,2626485,8.79,60,2025-08-25,Rejected,700.0,No
CUST02866,Nikhil Verma,50,Female,Pune,Salaried,788700.0,LN002866,Auto Loan,339147,12.61,48,2025-02-07,Approved,698.0,No
CUST01900,Neha Singh,28,Male,Bhopal,Student,371477.0,LN001900,Business Loan,2530783,12.21,60,2025-06-18,Rejected,634.0,No
CUST03401,Simran Singh,48,Female,Bengaluru,Salaried,1792284.0,LN003401,Auto Loan,1345899,17.83,240,2024-05-23,Approved,612.0,Yes
CUST01062,Aman Shah,54,Female,Bengaluru,Salaried,344818.0,LN001062,Gold Loan,337502,11.14,60,2025-10-30,Pending,601.0,No
CUST02750,Vikram Mehta,39,Female,Hyderabad,Salaried,1654403.0,LN002750,Personal Loan,598522,11.91,360,2024-03-17,Pending,660.0,No
CUST01134,Arjun Patel,23,Female,Kolkata,Business Owner,700374.0,LN001134,Auto Loan,1562482,14.38,36,2023-09-27,Approved,726.0,No
CUST00802,Sneha Verma,43,Male,Mumbai,Business Owner,3104691.0,LN000802,Gold Loan,246945,13.56,84,2025-12-25,Approved,608.0,No
CUST02178,Priya Mehta,23,Female,Hyderabad,Business Owner,2518197.0,LN002178,Business Loan,509746,17.63,240,2024-01-06,Rejected,511.0,No
CUST01815,Aditya Das,23,Male,Kolkata,Salaried,2299618.0,LN001815,Business Loan,335394,15.84,48,2023-05-05,Approved,850.0,No
CUST00510,Aman Sharma,49,Male,Bengaluru,Self-employed,656857.0,LN000510,Auto Loan,161017,14.88,36,2023-03-06,Approved,690.0,No
CUST02835,Aman Mishra,25,Female,Kolkata,Salaried,1445541.0,LN002835,Home Loan,1650547,7.18,120,2025-06-03,Approved,764.0,No
CUST00725,Kavya Sharma,24,Male,Hyderabad,Self-employed,897583.0,LN000725,Home Loan,3349684,15.34,240,2024-12-19,Rejected,693.0,No
CUST01856,Ananya Singh,53,Female,Chandigarh,Self-employed,746519.0,LN001856,Business Loan,1342576,13.98,60,2024-05-23,Rejected,697.0,Yes
CUST03369,Riya Shah,64,Female,Hyderabad,Salaried,1957683.0,LN003369,Auto Loan,618267,14.62,60,2023-04-22,Approved,638.0,No
CUST01745,Pooja Jain,38,Male,Bhopal,Salaried,2370847.0,LN001745,Gold Loan,762284,12.56,180,2024-06-30,Pending,633.0,No
CUST03294,Arjun Yadav,56,Female,Indore,Salaried,812055.0,LN003294,Personal Loan,567720,12.84,240,2025-05-17,Pending,761.0,No
CUST03385,Rahul Roy,23,Male,Kolkata,Student,333123.0,LN003385,Personal Loan,535980,14.57,60,2025-11-17,Approved,635.0,No
CUST01397,Aditya Jain,42,Female,Varanasi,Salaried,1336455.0,LN001397,Home Loan,4497624,14.9,36,2024-11-12,Rejected,686.0,Yes
CUST01622,Kavya Patel,45,Female,Bhopal,Salaried,452930.0,LN001622,Personal Loan,946429,16.92,84,2025-05-02,Rejected,684.0,No
CUST00611,Rohan Mehta,39,Female,Mumbai,Salaried,1502248.0,LN000611,Auto Loan,549130,11.8,24,2025-11-22,Approved,839.0,No
CUST00679,Pooja Roy,26,Male,Hyderabad,Salaried,2357028.0,LN000679,Home Loan,2575823,13.76,180,2025-07-24,Approved,669.0,No
CUST00373,Pooja Patel,37,Male,Patna,Salaried,1467116.0,LN000373,Business Loan,310785,8.12,84,2023-10-12,Approved,722.0,No
CUST02159,Nikhil Mehta,58,Female,Indore,Student,165252.0,LN002159,Personal Loan,385845,11.52,36,2023-10-21,Approved,784.0,No
CUST02518,Kavya Singh,26,Male,Lucknow,Salaried,220856.0,LN002518,Gold Loan,342763,17.98,120,2025-06-30,Approved,685.0,No
CUST02125,Karan Patel,65,Male,Pune,Government Employee,1049165.0,LN002125,Home Loan,1908869,16.21,36,2023-09-04,Approved,664.0,Yes
CUST02119,Isha Das,50,Male,Jaipur,Salaried,1324312.0,LN002119,Home Loan,2611572,16.84,240,2024-04-20,Approved,729.0,No
CUST03437,Riya Mehta,25,Female,Patna,Salaried,739145.0,LN003437,Auto Loan,1422244,7.56,36,2025-04-30,Pending,,Yes
CUST01153,Kavya Gupta,54,Female,Kolkata,Self-employed,424367.0,LN001153,Home Loan,1702997,13.69,60,2024-03-22,Pending,642.0,No
CUST01716,Riya Yadav,43,Male,Chandigarh,Business Owner,1500815.0,LN001716,Personal Loan,405420,12.76,12,2023-12-17,Rejected,713.0,No
CUST03403,Riya Singh,59,Male,Bhopal,Business Owner,886190.0,LN003403,Home Loan,5765376,8.47,36,2025-11-09,Approved,734.0,Yes
CUST00215,Sneha Mishra,55,Male,Indore,Salaried,2224940.0,LN000215,Personal Loan,730332,11.27,84,2025-08-09,Approved,811.0,
CUST01261,Pooja Joshi,29,,Lucknow,Salaried,789563.0,LN001261,Business Loan,1630295,14.51,48,2024-01-06,Pending,650.0,No
CUST02213,Kavya Das,50,Female,Mumbai,Self-employed,728239.0,LN002213,Personal Loan,236854,,120,2023-11-17,Rejected,589.0,No
CUST00453,Vikram Yadav,51,Male,Jaipur,Student,259471.0,LN000453,Personal Loan,328676,12.76,84,2024-03-31,Approved,719.0,Yes
CUST02251,Aditya Shah,29,Male,Pune,Government Employee,652769.0,LN002251,Business Loan,3632055,15.44,84,2023-06-29,Rejected,748.0,Yes
CUST01380,Kavya Yadav,31,Female,Patna,Salaried,1767314.0,LN001380,Home Loan,4635351,7.8,12,2023-05-03,Approved,632.0,Yes
CUST00424,Isha Shah,24,Male,Chennai,Student,222877.0,LN000424,Personal Loan,708851,,12,2025-05-03,Rejected,798.0,No
CUST01795,Aarav Roy,53,Female,Chennai,Salaried,1908448.0,LN001795,Home Loan,2023411,7.17,240,2023-07-26,Approved,743.0,No
CUST02149,Priya Jain,34,Male,Kolkata,Student,328430.0,LN002149,Auto Loan,1223267,13.95,120,2024-06-26,Approved,735.0,No
CUST01333,Isha Mishra,41,Male,Varanasi,Business Owner,2620827.0,LN001333,Auto Loan,360339,7.66,120,2023-05-30,Under Review,611.0,No
CUST03481,Aman Patel,41,Male,Ahmedabad,Student,179400.0,LN003481,Business Loan,1222460,11.08,60,2025-08-03,Approved,630.0,No
CUST01720,Vivaan Singh,50,Male,Lucknow,Salaried,1538585.0,LN001720,Home Loan,3307429,7.96,84,2024-10-30,Approved,640.0,Yes
CUST01918,Arjun Singh,51,Female,Bengaluru,Salaried,839710.0,LN001918,Business Loan,1168004,15.81,36,2025-01-18,Approved,782.0,No
CUST01679,Simran Mishra,35,Female,Chennai,Salaried,660566.0,LN001679,Personal Loan,604999,17.81,240,2023-03-21,Approved,675.0,No
CUST00076,Nikhil Gupta,42,Male,Kolkata,Government Employee,416739.0,LN000076,Home Loan,1580316,8.97,120,2025-03-15,Approved,687.0,No
CUST00684,Karan Sharma,35,Female,Chennai,Salaried,2009210.0,LN000684,Education Loan,848870,15.79,240,2024-01-13,Approved,708.0,No
CUST01786,Ananya Yadav,53,Female,Indore,Salaried,2023492.0,LN001786,Personal Loan,644399,7.63,240,2024-03-06,Under Review,566.0,Yes
CUST03357,Priya Mishra,37,Female,Bengaluru,Student,305128.0,LN003357,Personal Loan,208033,13.77,360,2025-11-01,Approved,635.0,No
CUST03365,Sneha Patel,31,Male,Chandigarh,Business Owner,1030657.0,LN003365,Education Loan,294626,17.22,12,2024-05-16,Rejected,713.0,Yes
CUST02517,Aditya Das,50,Female,Ahmedabad,Salaried,251449.0,LN002517,Personal Loan,206632,10.42,120,2024-08-04,Rejected,750.0,No
CUST00935,Aarav Gupta,42,Female,Mumbai,Government Employee,647455.0,LN000935,Personal Loan,970510,7.75,360,2025-08-30,Rejected,561.0,No
CUST01506,Vivaan Gupta,50,Male,Hyderabad,Salaried,2076499.0,LN001506,Education Loan,1491203,17.22,84,2024-01-10,Rejected,806.0,No
CUST01833,Rohan Roy,65,Male,Chennai,Self-employed,859484.0,LN001833,Gold Loan,329655,16.16,60,2023-05-12,Approved,613.0,No
CUST02179,Pooja Mehta,40,Male,Varanasi,Self-employed,2288842.0,LN002179,Business Loan,2312265,8.61,84,2024-01-28,Rejected,698.0,No
CUST02086,Arjun Gupta,44,Female,Kolkata,Business Owner,435723.0,LN002086,Personal Loan,950477,14.21,48,2024-08-19,Pending,708.0,No
CUST01994,Aarav Gupta,30,Male,Varanasi,Salaried,435329.0,LN001994,Gold Loan,365048,15.14,12,2024-02-07,Rejected,807.0,No
CUST00666,Isha Jain,27,Male,Delhi,Salaried,429465.0,LN000666,Home Loan,4872476,13.77,240,2025-05-17,Pending,579.0,No
CUST03495,Aman Das,59,Male,Kolkata,Government Employee,699205.0,LN003495,Personal Loan,59240,16.94,120,2023-11-27,Approved,788.0,No
CUST01446,Aarav Patel,49,Female,Indore,Business Owner,3081966.0,LN001446,Auto Loan,796155,14.43,60,2024-09-30,Approved,630.0,No
CUST01573,Ananya Singh,46,Female,Kolkata,Salaried,712374.0,LN001573,Home Loan,4379723,8.53,120,2024-07-26,Rejected,816.0,Yes
CUST02177,Rohan Mehta,32,Female,Bhopal,Salaried,215931.0,LN002177,Business Loan,2552096,11.67,240,2025-05-31,Rejected,609.0,No
CUST01727,Aman Patel,45,Male,Jaipur,Government Employee,431238.0,LN001727,Personal Loan,589521,9.84,240,2023-05-20,Approved,779.0,Yes
CUST01816,Riya Agarwal,40,Female,Indore,Student,355065.0,LN001816,Education Loan,946757,12.63,36,2024-10-25,Approved,726.0,No
CUST01231,Neha Sharma,49,Female,Kolkata,Salaried,855609.0,LN001231,Personal Loan,939302,18.37,120,2023-02-11,Approved,685.0,No
CUST00949,Kavya Gupta,60,Female,Pune,Salaried,208887.0,LN000949,Business Loan,3741573,7.6,48,2024-01-07,Pending,715.0,No
CUST03340,Ananya Kumar,52,Female,Bhopal,Salaried,2462790.0,LN003340,Home Loan,1656903,13.19,24,2024-07-23,Rejected,620.0,No
CUST02219,Neha Mishra,29,Male,Kolkata,Salaried,804959.0,LN002219,Personal Loan,788185,16.42,84,2025-07-02,Rejected,775.0,No
CUST00356,Aarav Gupta,38,Female,Lucknow,Business Owner,2601016.0,LN000356,Home Loan,5388599,11.72,240,2023-08-20,Rejected,698.0,No
CUST01691,Arjun Kumar,60,Male,Bengaluru,Student,204732.0,LN001691,Personal Loan,196031,16.61,240,2024-10-06,Approved,668.0,No
CUST01320,Rahul Sharma,57,Female,Pune,Salaried,1015672.0,LN001320,Personal Loan,515051,17.78,84,2025-12-11,Pending,724.0,No
CUST02996,Vikram Mishra,47,Female,Bhopal,Government Employee,1014527.0,LN002996,Personal Loan,563626,8.44,84,2023-10-09,Approved,621.0,No
CUST00448,Aman Roy,62,Female,Indore,Government Employee,1302682.0,LN000448,Personal Loan,529702,16.44,60,2023-08-12,Approved,843.0,No
CUST02008,Pooja Das,35,Female,Jaipur,Salaried,518773.0,LN002008,Home Loan,2263376,13.43,240,2025-07-18,Approved,711.0,No
CUST02905,Neha Roy,34,Male,Indore,Business Owner,2996709.0,LN002905,Business Loan,3629829,14.89,36,2023-06-29,Pending,701.0,No
CUST00057,Simran Sharma,31,Male,Chennai,Student,487436.0,LN000057,Auto Loan,432272,13.31,360,2023-06-21,Approved,633.0,No
CUST00856,Aman Yadav,42,Male,Chandigarh,Self-employed,1550687.0,LN000856,Personal Loan,104583,13.38,60,2025-11-05,Approved,746.0,No
CUST00932,Karan Roy,34,Male,Indore,Self-employed,212646.0,LN000932,Personal Loan,564116,14.35,48,2024-10-15,Approved,702.0,No
CUST03118,Riya Roy,37,Female,Ahmedabad,Government Employee,982051.0,LN003118,Education Loan,180994,15.3,24,2025-02-19,Approved,836.0,No
CUST02620,Rohan Shah,47,Male,Hyderabad,Government Employee,1303219.0,LN002620,Personal Loan,234248,11.02,24,2025-04-28,Approved,590.0,Yes
CUST03252,Karan Patel,58,Female,Kolkata,Government Employee,845042.0,LN003252,Auto Loan,252047,10.15,240,2024-11-06,Rejected,769.0,No
CUST03110,Riya Yadav,36,Female,Bengaluru,Salaried,2156227.0,LN003110,Auto Loan,1121578,17.01,180,2025-11-16,Approved,741.0,No
CUST03319,Rohan Agarwal,64,Male,Indore,Salaried,1357195.0,LN003319,Personal Loan,810384,9.08,84,2024-12-22,Approved,667.0,No
CUST01603,Arjun Jain,56,Female,Chandigarh,Salaried,1718954.0,LN001603,Home Loan,5008067,13.67,120,2025-09-05,Approved,598.0,No
CUST02170,Aman Yadav,24,Male,Bhopal,Salaried,745538.0,LN002170,Auto Loan,853227,15.42,60,2025-08-05,Approved,704.0,Yes
CUST00743,Nikhil Singh,39,Male,Hyderabad,Salaried,1283549.0,LN000743,Auto Loan,1780752,12.19,84,2024-01-31,Approved,754.0,
CUST02414,Rohan Roy,24,Male,Jaipur,Student,476157.0,LN002414,Education Loan,1426889,10.86,36,2023-07-15,Approved,723.0,Yes
CUST00810,Sneha Yadav,65,Female,Indore,Salaried,1905345.0,LN000810,Gold Loan,299220,9.97,120,2023-03-13,Rejected,685.0,Yes
CUST00595,Rahul Mehta,51,Male,Lucknow,Salaried,1403759.0,LN000595,Home Loan,4863997,7.28,60,2024-09-10,Rejected,829.0,No
CUST03284,Vikram Gupta,24,Male,Jaipur,Self-employed,,LN003284,Business Loan,1057591,16.78,360,2024-05-11,Approved,664.0,No
CUST00878,Vikram Jain,65,Male,Jaipur,Salaried,2197949.0,LN000878,Business Loan,704311,14.04,12,2023-11-26,Approved,783.0,No
CUST00381,Vikram Sharma,25,Male,Delhi,Government Employee,1275112.0,LN000381,Auto Loan,1369925,8.93,84,2023-09-08,Approved,725.0,No
CUST03464,Ananya Mishra,43,Female,Bhopal,Salaried,1961535.0,LN003464,Business Loan,2381480,17.44,84,2024-07-18,Under Review,649.0,
CUST01884,Rohan Roy,30,Male,Bhopal,Business Owner,3307509.0,LN001884,Business Loan,1150374,16.67,120,2025-10-29,Approved,696.0,No
CUST01827,Sneha Roy,65,Female,Delhi,Salaried,639966.0,LN001827,Home Loan,2955285,7.32,180,2024-05-17,Approved,744.0,No
CUST00829,Rahul Agarwal,51,Female,Indore,Salaried,996460.0,LN000829,Auto Loan,217573,17.05,84,2023-09-28,Pending,721.0,No
CUST01220,Pooja Patel,49,Female,Chandigarh,Self-employed,573576.0,LN001220,Business Loan,380882,8.54,240,2025-10-20,Approved,628.0,No
CUST02452,Karan Singh,62,Male,Ahmedabad,Salaried,264709.0,LN002452,Education Loan,946966,10.94,24,2023-11-02,Approved,669.0,No
CUST00307,Neha Sharma,54,Female,Kolkata,Salaried,312659.0,LN000307,Home Loan,1439872,,12,2025-01-30,Rejected,575.0,No
CUST02806,Simran Roy,48,Male,Indore,Self-employed,2316640.0,LN002806,Personal Loan,313316,17.06,36,2023-12-16,Approved,,No
CUST03003,Arjun Shah,36,Female,Kolkata,Salaried,911003.0,LN003003,Home Loan,900165,15.46,240,2025-10-11,Rejected,606.0,No
CUST00507,Isha Das,28,Female,Lucknow,Salaried,1505499.0,LN000507,Auto Loan,1648117,13.47,12,2023-08-23,Approved,726.0,Yes
CUST00481,Aarav Kumar,46,Male,Patna,Student,309773.0,LN000481,Education Loan,1229775,10.55,240,2025-03-16,Rejected,699.0,No
CUST00609,Priya Patel,47,Female,Lucknow,Self-employed,1313397.0,LN000609,Auto Loan,1208783,8.3,12,2025-11-20,Approved,753.0,No
CUST01411,Meera Singh,24,Female,Varanasi,Salaried,1657294.0,LN001411,Home Loan,3791618,17.66,48,2024-01-28,Approved,739.0,No
CUST01282,Rohan Mishra,65,Male,Indore,Salaried,849220.0,LN001282,Personal Loan,387060,16.6,84,2025-11-21,Under Review,579.0,No
CUST02278,Aarav Shah,56,Female,Chennai,Student,120765.0,LN002278,Personal Loan,133417,12.33,120,2025-08-28,Approved,817.0,No
CUST03094,Ananya Shah,38,Male,Hyderabad,Salaried,1728441.0,LN003094,Personal Loan,918884,16.33,84,2024-04-18,Rejected,746.0,No
CUST03178,Ananya Agarwal,39,Male,Hyderabad,Salaried,1074199.0,LN003178,Auto Loan,1429386,14.67,24,2024-10-31,Approved,850.0,No
CUST02913,Sneha Kumar,56,Female,Varanasi,Salaried,813325.0,LN002913,Personal Loan,674531,16.42,60,2024-01-12,Approved,850.0,Yes
CUST03304,Meera Patel,58,Male,Pune,Student,304401.0,LN003304,Personal Loan,506927,18.43,240,2025-09-13,Rejected,782.0,No
CUST00037,Vikram Sharma,64,Male,Indore,Self-employed,1871738.0,LN000037,Personal Loan,799074,7.13,360,2024-04-20,Rejected,688.0,No
CUST00859,Simran Mishra,37,Male,Jaipur,Government Employee,548577.0,LN000859,Education Loan,1490106,8.14,240,2023-01-27,Rejected,751.0,No
CUST01796,Priya Agarwal,44,Male,Kolkata,Government Employee,1033456.0,LN001796,Auto Loan,459911,17.1,60,2023-04-01,Approved,728.0,No
CUST01799,Meera Joshi,61,Female,Chandigarh,Salaried,1709076.0,LN001799,Personal Loan,827150,14.83,48,2024-09-29,Pending,661.0,No
CUST00454,Sneha Yadav,41,Male,Kolkata,Government Employee,539646.0,LN000454,Auto Loan,986188,13.28,360,2024-05-16,Approved,735.0,No
CUST01617,Riya Gupta,43,Female,Lucknow,Salaried,1264163.0,LN001617,Home Loan,4366597,8.35,36,2025-11-02,Approved,699.0,No
CUST02129,Riya Mishra,37,Female,Varanasi,Self-employed,1764311.0,LN002129,Personal Loan,607089,9.56,48,2024-10-09,Approved,594.0,Yes
CUST02440,Meera Jain,32,Female,Delhi,Salaried,2438844.0,LN002440,Home Loan,4899128,15.74,48,2025-03-01,Rejected,742.0,No
CUST01707,Aman Roy,47,Female,Bhopal,Business Owner,646877.0,LN001707,Gold Loan,423142,9.91,180,2023-11-28,Approved,579.0,No
CUST02738,Vivaan Singh,34,Male,Varanasi,Student,472598.0,LN002738,Personal Loan,159847,7.03,60,2025-07-28,Pending,731.0,No
CUST02923,Riya Das,47,Female,Chennai,Salaried,925470.0,LN002923,Personal Loan,348641,11.34,84,2025-08-16,Approved,690.0,No
CUST00066,Neha Jain,57,Male,Lucknow,Student,252717.0,LN000066,Home Loan,4751416,10.82,84,2024-07-20,Approved,723.0,Yes
CUST01044,Kavya Singh,62,Male,Lucknow,Government Employee,1355308.0,LN001044,Personal Loan,281560,18.2,24,2024-02-08,Approved,636.0,No
CUST02107,Aman Mehta,23,Male,Hyderabad,Student,270672.0,LN002107,Education Loan,701766,17.02,360,2023-01-11,Rejected,697.0,No
CUST02043,Sneha Gupta,40,Female,Kolkata,Self-employed,190015.0,LN002043,Education Loan,776856,14.98,60,2024-05-31,Approved,716.0,No
CUST03016,Vikram Roy,58,Male,Pune,Business Owner,693712.0,LN003016,Home Loan,2032561,14.6,84,2023-01-06,Rejected,708.0,No
CUST00451,Aditya Agarwal,30,Male,Bhopal,Salaried,768033.0,LN000451,Personal Loan,443445,10.58,84,2023-03-26,Approved,705.0,No
CUST03395,Ananya Roy,53,Male,Lucknow,Salaried,1667129.0,LN003395,Home Loan,5025629,7.23,360,2025-08-10,Under Review,660.0,No
CUST00869,Nikhil Sharma,45,Female,Bhopal,Business Owner,1536301.0,LN000869,Personal Loan,144266,16.05,60,2024-11-10,Approved,620.0,Yes
CUST01331,Pooja Mehta,34,Female,Kolkata,Salaried,1891519.0,LN001331,Education Loan,369024,8.21,24,2025-09-23,Rejected,711.0,No
CUST00255,Sneha Gupta,38,Female,Pune,Government Employee,1347380.0,LN000255,Personal Loan,856457,11.92,48,2023-04-02,Approved,752.0,No
CUST03109,Vikram Mishra,53,Female,Bengaluru,Student,263920.0,LN003109,Gold Loan,147412,13.69,84,2023-12-01,Rejected,636.0,Yes
CUST02364,Vivaan Kumar,21,Male,Ahmedabad,Student,374488.0,LN002364,Personal Loan,366497,7.03,60,2023-12-13,Pending,635.0,No
CUST02053,Karan Sharma,25,Male,Patna,Salaried,1781719.0,LN002053,Home Loan,4974659,17.59,180,2024-01-03,Approved,,No
CUST02679,Nikhil Agarwal,50,Female,Kolkata,Self-employed,2303780.0,LN002679,Business Loan,1869275,13.11,36,2023-01-11,Approved,603.0,No
CUST02027,Ananya Patel,34,Female,Kolkata,Government Employee,475330.0,LN002027,Personal Loan,357561,15.34,48,2025-09-06,Under Review,647.0,Yes
CUST00100,Aditya Gupta,28,Female,Chandigarh,Salaried,2151856.0,LN000100,Home Loan,3242266,16.72,48,2023-07-18,Rejected,647.0,No
CUST02054,Aarav Agarwal,42,Male,Ahmedabad,Salaried,1032005.0,LN002054,Auto Loan,976080,7.24,120,2024-10-09,Rejected,700.0,No
CUST02389,Simran Mehta,63,Female,Hyderabad,Salaried,454657.0,LN002389,Auto Loan,1374343,12.04,360,2024-09-09,Rejected,790.0,No
CUST02085,Neha Das,61,Female,Jaipur,Salaried,1614688.0,LN002085,Home Loan,5663182,10.35,36,2025-01-09,Approved,693.0,Yes
CUST02145,Aman Yadav,40,Male,Kolkata,Government Employee,980231.0,LN002145,Home Loan,5436511,15.53,48,2023-11-01,Approved,645.0,No
CUST01159,Sneha Gupta,58,Male,Bhopal,Self-employed,1844588.0,LN001159,Personal Loan,509329,12.08,24,2024-10-26,Rejected,789.0,No
CUST03434,Ananya Jain,22,Male,Chennai,Student,138276.0,LN003434,Auto Loan,753680,11.8,240,2024-10-07,Approved,663.0,Yes
CUST02783,Vikram Shah,29,Female,Varanasi,Business Owner,3320941.0,LN002783,Gold Loan,163290,12.15,48,2023-10-30,Approved,728.0,Yes
CUST01932,Ananya Mehta,30,Female,Bhopal,Salaried,1346395.0,LN001932,Gold Loan,498903,17.43,120,2023-01-21,Approved,663.0,No
CUST00241,Aarav Kumar,55,Male,Kolkata,Salaried,2458669.0,LN000241,Business Loan,3884758,16.4,240,2025-09-19,Pending,748.0,No
CUST01976,Vikram Gupta,37,Male,Chandigarh,Business Owner,3474587.0,LN001976,Home Loan,5779250,16.88,84,2024-07-11,Rejected,758.0,No
CUST03448,Riya Gupta,38,Female,Indore,Student,189739.0,LN003448,Business Loan,2590868,12.02,120,2023-07-22,Approved,786.0,No
CUST01923,Aditya Agarwal,43,Male,Delhi,Business Owner,2162720.0,LN001923,Auto Loan,1716822,14.91,180,2024-09-11,Approved,591.0,Yes
CUST02761,Ananya Jain,64,Female,Pune,Salaried,2377684.0,LN002761,Business Loan,2831595,17.43,36,2025-07-18,Approved,689.0,No
CUST03098,Arjun Gupta,63,Female,Varanasi,Business Owner,3113424.0,LN003098,Gold Loan,596816,13.99,36,2023-10-14,Approved,705.0,No
CUST00908,Vivaan Gupta,42,Female,Hyderabad,Salaried,1722708.0,LN000908,Personal Loan,565303,9.58,24,2025-05-30,Approved,628.0,No
CUST02929,Nikhil Das,65,Male,Pune,Government Employee,341138.0,LN002929,Personal Loan,382610,16.55,24,2023-07-27,Approved,634.0,No
CUST02343,Simran Sharma,53,Female,Patna,Salaried,879573.0,LN002343,Personal Loan,651936,11.71,120,2025-06-28,Approved,754.0,No
CUST00971,Pooja Roy,62,Male,Kolkata,Self-employed,461872.0,LN000971,Home Loan,1233073,7.62,12,2023-05-29,Approved,732.0,
CUST02653,Kavya Yadav,54,Female,Bengaluru,Business Owner,468335.0,LN002653,Personal Loan,291248,11.77,24,2023-10-20,Approved,792.0,Yes
CUST00394,Rahul Jain,43,Male,Jaipur,Salaried,228639.0,LN000394,Auto Loan,937424,16.82,240,2023-04-11,Approved,702.0,Yes
CUST02387,Isha Patel,57,Female,Lucknow,Salaried,1284309.0,LN002387,Business Loan,2781303,14.59,240,2023-08-17,Rejected,691.0,No
CUST00401,Karan Verma,24,Female,Lucknow,Business Owner,844874.0,LN000401,Auto Loan,161549,14.83,360,2024-10-22,Approved,850.0,No
CUST00706,Simran Agarwal,57,Male,Kolkata,Salaried,452667.0,LN000706,Gold Loan,588057,9.45,84,2024-09-23,Pending,623.0,Yes
CUST02846,Riya Jain,62,Male,Indore,Government Employee,605026.0,LN002846,Education Loan,420727,17.81,84,2024-06-05,Approved,739.0,No
CUST00600,Aditya Sharma,57,Female,Indore,Salaried,1372148.0,LN000600,Business Loan,3057753,10.08,180,2024-06-24,Pending,702.0,No
CUST01537,Isha Verma,59,Female,Chandigarh,Salaried,1520263.0,LN001537,Business Loan,2588897,15.58,84,2024-04-14,Approved,774.0,No
CUST00616,Sneha Patel,42,Male,Delhi,Business Owner,930992.0,LN000616,Personal Loan,97361,15.96,24,2025-01-26,Under Review,577.0,No
CUST00370,Nikhil Mishra,51,Female,Bengaluru,Business Owner,2260371.0,LN000370,Personal Loan,488480,9.1,240,2025-11-02,Approved,630.0,No
CUST00680,Pooja Das,47,Female,Bhopal,Business Owner,2657102.0,LN000680,Personal Loan,264772,7.61,240,2023-08-22,Approved,664.0,No
CUST00782,Priya Shah,37,Female,Indore,Salaried,1542617.0,LN000782,Personal Loan,358068,7.2,36,2024-07-01,Approved,738.0,No
CUST03121,Rohan Jain,23,Female,Mumbai,Self-employed,1438615.0,LN003121,Auto Loan,1444132,7.44,48,2025-07-12,Approved,683.0,No
CUST02646,Aarav Shah,23,Female,Kolkata,Self-employed,1643649.0,LN002646,Business Loan,3188544,16.77,84,2023-09-26,Rejected,774.0,No
CUST02248,Riya Patel,33,Male,Bhopal,Business Owner,1183540.0,LN002248,Auto Loan,652600,7.32,180,2024-10-03,Approved,682.0,No
CUST01330,Priya Patel,62,Female,Bengaluru,Business Owner,2763080.0,LN001330,Home Loan,2915221,9.22,360,2024-11-08,Approved,688.0,No
CUST02413,Priya Mehta,36,Female,Patna,Government Employee,560820.0,LN002413,Personal Loan,316037,14.74,24,2023-02-26,Approved,592.0,No
CUST01117,Meera Patel,31,Female,Bengaluru,Salaried,1142239.0,LN001117,Personal Loan,752440,14.11,360,2023-08-20,Approved,746.0,No
CUST03028,Isha Roy,33,Female,Pune,Salaried,748905.0,LN003028,Personal Loan,794128,12.04,48,2025-06-05,Approved,567.0,No
CUST00468,Aditya Agarwal,54,Male,Indore,Government Employee,315733.0,LN000468,Gold Loan,349564,18.09,12,2024-08-01,Approved,647.0,No
CUST01448,Rahul Mehta,31,Male,Bhopal,Salaried,1855194.0,LN001448,Home Loan,2455890,10.14,60,2024-06-14,Rejected,850.0,Yes
CUST02003,Priya Kumar,57,Male,Varanasi,Government Employee,1201861.0,LN002003,Personal Loan,542269,7.97,180,2023-10-23,Pending,678.0,No
CUST01402,Kavya Gupta,45,Male,Jaipur,Salaried,2128092.0,LN001402,Personal Loan,436505,8.68,240,2025-02-03,Rejected,679.0,No
CUST01882,Arjun Shah,63,Male,Delhi,Salaried,,LN001882,Business Loan,1561345,12.2,240,2023-01-13,Pending,634.0,No
CUST02536,Pooja Sharma,22,Female,Indore,Salaried,1346464.0,LN002536,Personal Loan,297102,14.9,240,2025-11-26,Approved,642.0,No
CUST01838,Sneha Patel,31,Female,Varanasi,Salaried,964250.0,LN001838,Auto Loan,1256842,13.62,84,2025-05-16,Approved,642.0,No
CUST00323,Kavya Verma,56,Male,Kolkata,Business Owner,520243.0,LN000323,Home Loan,3999039,13.3,240,2025-04-17,Approved,729.0,No
CUST01878,Rahul Mishra,38,Female,Kolkata,Salaried,845879.0,LN001878,Gold Loan,499035,15.91,120,2025-01-01,Approved,624.0,Yes
CUST00226,Isha Mehta,38,Male,Chennai,Self-employed,565893.0,LN000226,Auto Loan,1098377,7.16,36,2025-03-07,Pending,734.0,No
CUST00535,Priya Joshi,38,Male,Hyderabad,Student,146751.0,LN000535,Auto Loan,206572,15.7,36,2025-03-21,Approved,682.0,No
CUST00614,Vikram Mehta,45,Female,Indore,Salaried,2041380.0,LN000614,Home Loan,5100546,14.94,240,2024-01-28,Approved,749.0,No
CUST01642,Rohan Agarwal,42,Female,Delhi,Salaried,2228269.0,LN001642,Business Loan,1423231,8.35,48,2025-11-08,Rejected,669.0,Yes
CUST02133,Isha Yadav,40,Male,Kolkata,Business Owner,1576641.0,LN002133,Auto Loan,1176988,11.38,360,2023-05-09,Approved,774.0,No
CUST01074,Rahul Roy,65,Male,Chennai,Self-employed,593113.0,LN001074,Personal Loan,939192,14.12,180,2024-06-10,Pending,624.0,No
CUST01413,Arjun Kumar,27,Female,Hyderabad,Self-employed,635066.0,LN001413,Gold Loan,763839,9.64,240,2023-09-18,Rejected,754.0,No
CUST01628,Isha Mishra,42,Female,Chandigarh,Government Employee,1239367.0,LN001628,Personal Loan,254427,9.13,84,2025-04-30,Approved,770.0,No
CUST01478,Pooja Patel,38,Female,Varanasi,Student,454996.0,LN001478,Personal Loan,276709,13.94,12,2025-06-02,Rejected,692.0,No
CUST03366,Rohan Singh,60,Female,Indore,Self-employed,1670167.0,LN003366,Auto Loan,390594,8.27,36,2023-05-01,Approved,659.0,No
CUST00978,Sneha Shah,64,Male,Patna,Government Employee,1301635.0,LN000978,Auto Loan,215231,7.02,48,2025-09-24,Approved,609.0,No
CUST01504,Rohan Sharma,31,Male,Varanasi,Salaried,1350328.0,LN001504,Business Loan,895230,12.3,12,2024-07-16,Rejected,627.0,No
CUST02788,Vivaan Sharma,47,Female,Patna,Salaried,1455552.0,LN002788,Home Loan,5703845,15.93,24,2023-03-10,Approved,721.0,No
CUST03047,Nikhil Singh,28,Male,Indore,Salaried,965692.0,LN003047,Business Loan,468476,17.08,120,2024-01-02,Under Review,536.0,No
CUST00214,Neha Verma,50,Female,Bhopal,Salaried,2081860.0,LN000214,Home Loan,3701092,12.73,120,2024-06-23,Rejected,720.0,No
CUST01032,Aarav Mishra,23,Male,Chandigarh,Business Owner,2195580.0,LN001032,Personal Loan,331648,13.57,240,2024-12-08,Approved,672.0,No
CUST00803,Arjun Patel,25,Female,Pune,Salaried,2092521.0,LN000803,Gold Loan,559966,9.14,36,2023-06-11,Pending,683.0,No
CUST02146,Isha Sharma,38,Male,Hyderabad,Student,329166.0,LN002146,Home Loan,3704425,7.41,240,2025-11-10,Approved,557.0,No
CUST01517,Rahul Verma,51,Male,Pune,Self-employed,2446640.0,LN001517,Home Loan,5076455,17.22,240,2025-07-18,Under Review,648.0,No
CUST00560,Aditya Roy,35,Female,Hyderabad,Self-employed,1894327.0,LN000560,Home Loan,1466252,15.18,24,2024-12-21,Approved,633.0,No
CUST01638,Meera Das,46,Female,Hyderabad,Student,439080.0,LN001638,Home Loan,2064583,7.87,24,2023-01-01,Approved,780.0,No
CUST02045,Neha Mehta,42,Male,Pune,Business Owner,2175341.0,LN002045,Business Loan,3364318,11.68,360,2025-03-19,Approved,727.0,No
CUST01559,Ananya Yadav,63,Male,Patna,Self-employed,549841.0,LN001559,Education Loan,1024404,13.78,120,2025-05-27,Approved,764.0,No
CUST00697,Arjun Gupta,29,Male,Patna,Self-employed,1627031.0,LN000697,Personal Loan,363030,14.49,36,2025-12-03,Rejected,563.0,No
CUST01970,Simran Joshi,36,Male,Chennai,Government Employee,575525.0,LN001970,Education Loan,348038,10.93,360,2024-06-01,Pending,657.0,No
CUST00237,Isha Mehta,56,Female,Patna,Student,256213.0,LN000237,Personal Loan,314852,11.77,360,2023-02-01,Approved,663.0,No
CUST01528,Pooja Patel,52,Female,Ahmedabad,Salaried,1510607.0,LN001528,Business Loan,3230363,15.29,360,2024-06-18,Approved,582.0,No
CUST02427,Rahul Jain,27,Male,Mumbai,Self-employed,1265789.0,LN002427,Business Loan,1905923,12.12,24,2023-11-02,Approved,721.0,No
CUST01715,Aman Mishra,60,Male,Indore,Government Employee,1045773.0,LN001715,Home Loan,5759784,18.16,60,2024-10-01,Rejected,681.0,Yes
CUST02571,Aditya Mehta,56,Male,Pune,Student,208122.0,LN002571,Education Loan,1388392,7.22,24,2023-12-15,Rejected,769.0,No
CUST03275,Aditya Verma,63,Female,Hyderabad,Salaried,707426.0,LN003275,Home Loan,2104678,17.31,12,2024-11-06,Rejected,698.0,No
CUST01708,Riya Roy,57,Male,Mumbai,Business Owner,3042937.0,LN001708,Personal Loan,56258,7.68,120,2024-03-03,Approved,850.0,No
CUST02591,Aman Shah,39,Male,Pune,Government Employee,1070989.0,LN002591,Auto Loan,976888,11.0,36,2025-04-20,Approved,641.0,No
CUST00407,Karan Agarwal,42,Male,Varanasi,Government Employee,1015601.0,LN000407,Education Loan,1132833,9.11,36,2025-06-13,Approved,717.0,No
CUST00180,Arjun Mehta,58,Female,Varanasi,Salaried,1146920.0,LN000180,Home Loan,877175,10.26,60,2025-09-27,Approved,746.0,No
CUST00579,Kavya Mishra,49,Male,Pune,Self-employed,2157752.0,LN000579,Gold Loan,217022,9.93,180,2024-06-22,Approved,668.0,No
CUST01133,Arjun Shah,33,Female,Patna,Salaried,1677488.0,LN001133,Home Loan,2056324,11.83,180,2025-06-16,Rejected,681.0,No
CUST01758,Arjun Sharma,34,Male,Bhopal,Self-employed,1919520.0,LN001758,Home Loan,2391763,12.39,60,2023-09-16,Rejected,596.0,Yes
CUST00819,Vikram Yadav,50,Female,Pune,Salaried,1816788.0,LN000819,Auto Loan,934326,15.37,36,2025-11-28,Approved,834.0,No
CUST02802,Isha Jain,60,Female,Lucknow,Government Employee,1055594.0,LN002802,Home Loan,2046515,11.99,60,2024-04-24,Approved,770.0,No
CUST00368,Priya Singh,40,Male,Indore,Government Employee,1037902.0,LN000368,Auto Loan,578556,7.22,360,2024-09-08,Rejected,801.0,No
CUST02441,Nikhil Verma,30,Female,Delhi,Business Owner,1873272.0,LN002441,Business Loan,3542208,17.99,12,2024-05-13,Approved,564.0,No
CUST02348,Ananya Kumar,31,Female,Hyderabad,Salaried,2151730.0,LN002348,Personal Loan,698412,7.69,12,2023-02-27,Approved,718.0,No
CUST00537,Ananya Yadav,46,Female,Mumbai,Salaried,821629.0,LN000537,Home Loan,5626176,10.99,48,2024-04-15,Approved,,No
CUST00148,Karan Verma,30,Male,Lucknow,Government Employee,1223482.0,LN000148,Gold Loan,371909,12.59,24,2024-06-06,Approved,788.0,No
CUST00647,Pooja Singh,61,Female,Jaipur,Salaried,375428.0,LN000647,Home Loan,5811580,11.06,24,2023-08-31,Approved,794.0,Yes
CUST00744,Neha Yadav,48,Female,Chennai,Salaried,217570.0,LN000744,Education Loan,1186887,7.22,60,2025-05-31,Rejected,648.0,No
CUST02001,Kavya Agarwal,28,Male,Chandigarh,Salaried,1422023.0,LN002001,Auto Loan,883951,10.1,180,2025-03-15,Approved,705.0,No
CUST00651,Arjun Jain,46,Female,Hyderabad,Salaried,839774.0,LN000651,Business Loan,2328217,11.25,240,2024-06-12,Rejected,794.0,No
CUST03218,Riya Mishra,41,Female,Bhopal,Salaried,1823522.0,LN003218,Home Loan,3069182,16.64,84,2025-06-22,Rejected,501.0,No
CUST00194,Kavya Gupta,55,Female,Varanasi,Salaried,1996030.0,LN000194,Business Loan,1527146,10.58,84,2024-07-29,Rejected,,No
CUST03342,Pooja Agarwal,64,Female,Indore,Business Owner,1947791.0,LN003342,Auto Loan,644581,10.43,180,2025-06-03,Rejected,743.0,No
CUST00939,Isha Singh,58,Female,Jaipur,Self-employed,390995.0,LN000939,Gold Loan,598482,17.41,24,2025-11-03,Approved,659.0,No
CUST00167,Pooja Gupta,42,Female,Chandigarh,Salaried,2347354.0,LN000167,Personal Loan,903695,10.91,60,2024-06-15,Approved,688.0,No
CUST00543,Neha Joshi,63,Male,Lucknow,Student,214244.0,LN000543,Auto Loan,774588,16.91,360,2025-04-12,Pending,703.0,No
CUST00649,Vikram Mishra,28,Female,Hyderabad,Business Owner,2826357.0,LN000649,Home Loan,4254520,16.22,12,2023-05-13,Approved,692.0,No
CUST00905,Meera Shah,37,Male,Pune,Student,196614.0,LN000905,Gold Loan,778468,17.3,60,2025-11-19,Approved,684.0,No
CUST00628,Aman Agarwal,47,Male,Chandigarh,Business Owner,3478882.0,LN000628,Home Loan,2321093,8.89,120,2024-04-25,Approved,741.0,Yes
CUST01967,Isha Mishra,62,Female,Bengaluru,Government Employee,647175.0,LN001967,Business Loan,2366215,16.96,12,2024-05-27,Rejected,636.0,No
CUST03336,Aditya Das,52,Female,Mumbai,Student,478884.0,LN003336,Gold Loan,361873,11.23,60,2023-01-23,Rejected,661.0,No
CUST00440,Rohan Agarwal,49,Male,Ahmedabad,Salaried,685350.0,LN000440,Personal Loan,78481,8.44,120,2024-08-22,Approved,741.0,No
CUST01102,Arjun Kumar,50,Female,Chandigarh,Salaried,1253799.0,LN001102,Home Loan,3317850,7.97,360,2023-09-02,Approved,755.0,No
CUST03488,Nikhil Mishra,30,Male,Bhopal,Self-employed,1857270.0,LN003488,Business Loan,2292209,15.18,360,2024-06-01,Approved,527.0,No
CUST02380,Arjun Shah,45,Male,Mumbai,Government Employee,1261209.0,LN002380,Personal Loan,166052,16.79,360,2024-10-09,Approved,832.0,No
CUST03170,Pooja Das,55,Male,Jaipur,Salaried,588233.0,LN003170,Personal Loan,445140,14.52,84,2023-01-18,Approved,805.0,No
CUST00586,Isha Das,34,Male,Varanasi,Self-employed,765593.0,LN000586,Personal Loan,259699,8.42,120,2025-07-26,Approved,771.0,No
CUST01281,Kavya Gupta,48,Female,Kolkata,Salaried,1579726.0,LN001281,Personal Loan,778669,15.83,12,2025-01-21,Rejected,667.0,No
CUST00372,Kavya Gupta,39,Male,Patna,Student,365277.0,LN000372,Personal Loan,803624,17.39,84,2023-08-20,Pending,642.0,No
CUST01561,Pooja Mehta,27,Female,Indore,Salaried,193369.0,LN001561,Auto Loan,215123,9.04,180,2023-01-10,Under Review,578.0,No
CUST03102,Kavya Verma,49,Male,Delhi,Salaried,2411580.0,LN003102,Home Loan,5322369,15.27,180,2023-04-13,Rejected,687.0,No
CUST01553,Rohan Agarwal,61,Female,Varanasi,Salaried,2280998.0,LN001553,Gold Loan,174908,16.49,60,2025-02-01,Pending,705.0,No
CUST02965,Priya Agarwal,27,Female,Ahmedabad,Salaried,1930590.0,LN002965,Auto Loan,409553,12.92,240,2023-07-07,Approved,634.0,No
CUST01754,Nikhil Roy,40,Male,Chandigarh,Salaried,1543644.0,LN001754,Auto Loan,1041699,13.54,24,2023-05-20,Approved,584.0,No
CUST01272,Ananya Das,33,Male,Lucknow,Salaried,257185.0,LN001272,Personal Loan,455096,17.4,48,2023-09-07,Pending,699.0,Yes
CUST01165,Priya Shah,27,Female,Lucknow,Salaried,1174670.0,LN001165,Gold Loan,421722,9.54,36,2024-09-19,Approved,764.0,Yes
CUST02859,Vivaan Yadav,36,Male,Ahmedabad,Self-employed,1309191.0,LN002859,Gold Loan,171837,7.08,120,2023-10-08,Rejected,688.0,No
CUST00290,Aditya Shah,57,Male,Indore,Self-employed,1094424.0,LN000290,Personal Loan,969134,,120,2025-04-24,Rejected,685.0,No
CUST02511,Aarav Mishra,56,Female,Chandigarh,Salaried,499469.0,LN002511,Education Loan,1484107,13.35,84,2024-11-14,Approved,771.0,No
CUST02211,Ananya Das,50,Male,Varanasi,Salaried,1008932.0,LN002211,Auto Loan,379942,8.55,360,2023-10-22,Approved,642.0,No
CUST00904,Priya Joshi,25,Male,Chennai,Self-employed,554994.0,LN000904,Auto Loan,795836,15.89,60,2025-09-13,Approved,628.0,No
CUST00326,Vivaan Mehta,33,Female,Patna,Student,436009.0,LN000326,Personal Loan,447891,18.24,36,2024-03-16,Approved,729.0,No
CUST02194,Kavya Das,57,Female,Bhopal,Self-employed,724982.0,LN002194,Home Loan,4210562,11.55,240,2025-04-20,Under Review,600.0,No
CUST01635,Aditya Singh,50,Male,Kolkata,Business Owner,404718.0,LN001635,Personal Loan,387913,15.76,24,2025-10-17,Approved,752.0,No
CUST00556,Meera Patel,23,Female,Jaipur,Self-employed,295981.0,LN000556,Personal Loan,323438,16.28,360,2023-07-05,Approved,630.0,No
CUST02736,Rohan Singh,28,Female,Chennai,Self-employed,1964244.0,LN002736,Personal Loan,284178,17.55,84,2023-09-27,Approved,625.0,No
CUST02992,Sneha Mehta,37,Female,Kolkata,Student,199756.0,LN002992,Personal Loan,425542,11.69,60,2025-05-27,Approved,585.0,Yes
CUST01854,Kavya Shah,38,Female,Hyderabad,Salaried,1231097.0,LN001854,Auto Loan,234622,12.58,180,2025-02-22,Rejected,781.0,No
CUST02773,Vikram Kumar,52,Female,Hyderabad,Salaried,983351.0,LN002773,Home Loan,4544500,12.56,360,2025-08-05,Rejected,830.0,No
CUST02674,Sneha Sharma,52,Female,Patna,Self-employed,1254463.0,LN002674,Auto Loan,1060802,7.63,36,2025-03-19,Pending,615.0,No
CUST01650,Riya Mishra,27,Female,Indore,Salaried,1721456.0,LN001650,Auto Loan,773787,15.0,240,2023-11-16,Approved,776.0,No
CUST00284,Meera Das,28,Male,Mumbai,,260148.0,LN000284,Home Loan,3421158,12.01,12,2025-12-23,Rejected,764.0,Yes
CUST00006,Rohan Agarwal,65,Male,Patna,Salaried,1684384.0,LN000006,Home Loan,2552126,16.38,12,2024-01-27,Rejected,739.0,No
CUST02374,Karan Roy,53,Female,Chandigarh,Business Owner,2415138.0,LN002374,Business Loan,3268299,16.47,120,2023-05-10,Approved,844.0,No
CUST01445,Rohan Mishra,45,Male,Lucknow,Self-employed,1458970.0,LN001445,Personal Loan,601834,13.87,36,2024-12-15,Approved,674.0,No
CUST02017,Neha Singh,59,Female,Varanasi,Salaried,491087.0,LN002017,Auto Loan,1179799,13.16,36,2023-02-08,Approved,779.0,Yes
CUST01394,Isha Gupta,57,Female,Chennai,Salaried,2486128.0,LN001394,Home Loan,1263069,10.65,12,2024-05-29,Pending,712.0,No
CUST00676,Kavya Joshi,65,Male,Chennai,,1258290.0,LN000676,Education Loan,1419282,16.06,48,2025-05-19,Approved,721.0,Yes
CUST02730,Meera Gupta,21,Male,Chennai,Salaried,376508.0,LN002730,Home Loan,1070829,11.54,12,2024-09-27,Pending,575.0,Yes
CUST02151,Aditya Singh,51,Female,Bengaluru,Salaried,2093296.0,LN002151,Business Loan,1890743,11.25,36,2024-06-13,Rejected,717.0,No
CUST01294,Pooja Mehta,60,Male,Ahmedabad,Government Employee,1137685.0,LN001294,Education Loan,745209,12.08,360,2024-02-12,Under Review,676.0,No
CUST01378,Priya Mishra,44,Male,Kolkata,Student,418945.0,LN001378,Auto Loan,667282,16.57,120,2023-11-23,Approved,757.0,No
CUST01948,Vivaan Mehta,24,Female,Kolkata,Government Employee,743397.0,LN001948,Education Loan,716391,15.44,24,2025-12-28,Approved,686.0,No
CUST01350,Karan Shah,39,Male,Jaipur,Salaried,2111947.0,LN001350,Auto Loan,428477,11.71,60,2023-09-09,Rejected,620.0,No
CUST02927,Neha Gupta,24,Female,Bengaluru,Business Owner,3271020.0,LN002927,Education Loan,607891,15.39,360,2025-09-30,Approved,683.0,No
CUST00843,Meera Sharma,39,Male,Pune,Self-employed,611613.0,LN000843,Business Loan,1434263,12.31,360,2023-06-05,Rejected,612.0,No
CUST01969,Isha Gupta,41,Female,Ahmedabad,Salaried,1066745.0,LN001969,Home Loan,3753205,16.54,240,2023-04-25,Rejected,,No
CUST00071,Vikram Roy,21,Female,Delhi,Salaried,1503062.0,LN000071,Gold Loan,128623,13.06,12,2023-03-28,Pending,728.0,No
CUST00467,Simran Kumar,64,Female,Varanasi,Government Employee,870217.0,LN000467,Home Loan,2928825,18.49,84,2024-04-05,Approved,749.0,No
CUST01664,Arjun Roy,47,Female,Delhi,Salaried,559928.0,LN001664,Auto Loan,819544,12.5,360,2023-04-05,Approved,636.0,No
CUST00047,Kavya Patel,37,Female,Jaipur,Salaried,830199.0,LN000047,Home Loan,2649396,13.67,36,2023-04-21,Approved,603.0,No
CUST01164,Karan Sharma,50,Female,Pune,Business Owner,3321071.0,LN001164,Personal Loan,152342,10.8,60,2025-03-09,Approved,646.0,No
CUST00398,Isha Shah,45,Male,Varanasi,Business Owner,538925.0,LN000398,Gold Loan,171169,16.54,36,2024-03-25,Pending,,No
CUST01668,Karan Joshi,40,Male,Lucknow,Business Owner,2014085.0,LN001668,Personal Loan,590236,10.35,24,2024-09-29,Rejected,730.0,Yes
CUST00785,Kavya Jain,61,Male,Chennai,Student,493924.0,LN000785,Auto Loan,1002609,9.55,36,2024-04-02,Approved,808.0,No
CUST01564,Pooja Gupta,27,Female,Chandigarh,Salaried,267420.0,LN001564,Business Loan,1300015,17.66,180,2025-09-08,Rejected,605.0,No
CUST00702,Kavya Kumar,64,Male,Patna,Self-employed,1319391.0,LN000702,Personal Loan,777773,9.47,60,2023-12-30,Approved,677.0,No
CUST03455,Karan Shah,45,Female,Bhopal,Business Owner,1070008.0,LN003455,Education Loan,290798,8.86,120,2023-09-26,Rejected,837.0,No
CUST01176,Vivaan Verma,40,Female,Varanasi,Self-employed,1513986.0,LN001176,Personal Loan,264646,8.58,360,2025-07-17,Approved,824.0,No
CUST00925,Isha Mehta,49,Female,Varanasi,Salaried,374068.0,LN000925,Business Loan,841833,12.63,24,2023-10-05,Pending,710.0,No
CUST03035,Riya Sharma,59,Female,Chennai,Business Owner,1676527.0,LN003035,Personal Loan,50594,13.58,36,2023-10-20,Approved,827.0,No
CUST01695,Vikram Shah,31,Female,Chandigarh,Self-employed,391540.0,LN001695,Home Loan,2738359,7.7,240,2024-01-30,Approved,746.0,No
CUST00817,Vikram Verma,35,Female,Bengaluru,Self-employed,2143439.0,LN000817,Home Loan,3634503,11.21,36,2023-07-20,Under Review,565.0,No
CUST00518,Rohan Verma,59,Female,Jaipur,Government Employee,1299647.0,LN000518,Personal Loan,864506,8.58,24,2023-08-18,Rejected,626.0,No
CUST02969,Rahul Sharma,43,Female,Bhopal,Government Employee,583395.0,LN002969,Personal Loan,87860,8.84,12,2023-01-27,Pending,695.0,No
CUST02109,Neha Agarwal,27,Female,Varanasi,Self-employed,463588.0,LN002109,Gold Loan,283966,7.16,360,2024-03-09,Pending,546.0,No
CUST02569,Nikhil Mishra,59,Female,Bengaluru,Self-employed,2106537.0,LN002569,Education Loan,843491,18.38,36,2025-09-09,Approved,731.0,No
CUST02813,Nikhil Mehta,44,Male,Mumbai,Salaried,1576502.0,LN002813,Auto Loan,1143668,8.94,240,2024-09-09,Approved,571.0,Yes
CUST02121,Arjun Das,60,Male,Patna,Salaried,848385.0,LN002121,Education Loan,1096698,10.8,84,2024-03-07,Pending,645.0,No
CUST01598,Nikhil Patel,22,Female,Delhi,Self-employed,1531849.0,LN001598,Home Loan,3445834,17.74,120,2023-11-29,Under Review,571.0,No
CUST01100,Vivaan Mehta,33,Male,Kolkata,Government Employee,962038.0,LN001100,Personal Loan,699303,18.31,180,2025-02-07,Approved,,No
CUST02084,Vikram Shah,63,Female,Delhi,Salaried,1991320.0,LN002084,Home Loan,3575566,10.73,240,2023-05-31,Rejected,531.0,No
CUST02407,Kavya Singh,44,Female,Jaipur,Salaried,1214386.0,LN002407,Gold Loan,564154,7.25,180,2023-12-13,Approved,756.0,Yes
CUST01459,Isha Joshi,33,Female,Kolkata,Government Employee,1283596.0,LN001459,Business Loan,439972,18.08,48,2023-10-18,Approved,773.0,No
CUST01717,Nikhil Gupta,36,Female,Kolkata,Salaried,944173.0,LN001717,Auto Loan,1486349,14.91,120,2024-03-07,Rejected,758.0,No
CUST01379,Neha Yadav,26,Female,Bengaluru,Salaried,660588.0,LN001379,Business Loan,1324050,16.57,24,2025-12-10,Approved,770.0,No
CUST02553,Simran Mishra,56,Male,Bengaluru,Salaried,1787003.0,LN002553,Gold Loan,702731,14.57,240,2023-06-07,Approved,622.0,No
CUST00989,Karan Joshi,47,Male,Mumbai,Self-employed,259711.0,LN000989,Home Loan,4725300,7.14,120,2023-03-15,Approved,639.0,No
CUST01118,Isha Das,21,Male,Chennai,Government Employee,456597.0,LN001118,Home Loan,1790975,17.21,36,2025-09-27,Rejected,645.0,No
CUST02078,Meera Yadav,49,Female,Hyderabad,,1635401.0,LN002078,Personal Loan,85673,13.31,48,2024-10-23,Approved,608.0,No
CUST02830,Neha Sharma,52,Female,Patna,Government Employee,752800.0,LN002830,Personal Loan,956364,10.42,360,2023-03-24,Approved,761.0,No
CUST02805,Sneha Patel,62,Male,Indore,Government Employee,450852.0,LN002805,Auto Loan,1769412,10.91,12,2023-12-30,Approved,692.0,No
CUST01484,Kavya Gupta,41,Female,Pune,,1255203.0,LN001484,Personal Loan,735345,9.79,24,2025-02-06,Rejected,717.0,No
CUST02819,Pooja Mehta,24,Female,Ahmedabad,Government Employee,960540.0,LN002819,Home Loan,3346614,15.72,240,2023-12-20,Approved,614.0,No
CUST00189,Vivaan Singh,57,Male,Indore,Salaried,190651.0,LN000189,Auto Loan,1038544,15.62,24,2025-08-16,Pending,564.0,No
CUST02526,Rahul Sharma,36,Female,Jaipur,Self-employed,1762906.0,LN002526,Gold Loan,323214,17.86,12,2024-05-10,Rejected,549.0,No
CUST03420,Aarav Sharma,64,Female,Pune,Salaried,1005810.0,LN003420,Gold Loan,72617,11.77,120,2024-08-21,Under Review,648.0,Yes
CUST02936,Kavya Verma,24,Female,Chennai,Government Employee,547137.0,LN002936,Personal Loan,664622,15.75,120,2023-11-23,Approved,614.0,No
CUST00344,Riya Yadav,58,Male,Hyderabad,Self-employed,498953.0,LN000344,Education Loan,536048,17.98,240,2023-11-26,Rejected,616.0,Yes
CUST00008,Sneha Singh,34,Male,Pune,Government Employee,514020.0,LN000008,Auto Loan,1047421,12.68,240,2023-07-26,Approved,632.0,No
CUST00760,Sneha Joshi,42,Female,Lucknow,Business Owner,1833903.0,LN000760,Home Loan,1809589,15.23,84,2025-07-18,Rejected,760.0,No
CUST02062,Vivaan Roy,54,Female,Indore,Salaried,2425311.0,LN002062,Personal Loan,733514,10.21,360,2024-05-09,Approved,680.0,No
CUST02924,Rahul Singh,25,Female,Chandigarh,Salaried,693534.0,LN002924,Personal Loan,583686,17.2,12,2025-11-08,Approved,657.0,No
CUST02264,Vivaan Singh,23,Male,Chandigarh,Self-employed,1350919.0,LN002264,Personal Loan,104100,10.54,360,2024-02-05,Rejected,734.0,No
CUST02158,Riya Singh,58,Female,Pune,Salaried,1183566.0,LN002158,Auto Loan,313686,12.88,120,2025-04-26,Approved,794.0,No
CUST02408,Aarav Kumar,65,Female,Chandigarh,Salaried,858148.0,LN002408,Personal Loan,634336,18.12,84,2024-11-02,Approved,772.0,No
CUST01097,Kavya Mishra,22,Male,Chandigarh,Salaried,1220402.0,LN001097,Personal Loan,720797,13.8,180,2025-05-17,Rejected,661.0,No
CUST00055,Neha Mehta,56,Female,Patna,Student,136389.0,LN000055,Personal Loan,734106,9.97,180,2025-08-04,Rejected,707.0,No
CUST03071,Aditya Patel,59,Female,Hyderabad,Salaried,389807.0,LN003071,Personal Loan,178518,15.33,12,2025-07-01,Rejected,668.0,Yes
CUST03101,Sneha Shah,64,Female,Chennai,Government Employee,1007382.0,LN003101,Education Loan,1116206,7.71,240,2023-12-10,Rejected,608.0,No
CUST01946,Riya Das,33,Female,Ahmedabad,Self-employed,2402039.0,LN001946,Business Loan,2764240,15.93,36,2025-12-08,Pending,572.0,No
CUST03183,Rohan Verma,37,Female,Ahmedabad,Government Employee,515478.0,LN003183,Personal Loan,392604,14.31,84,2024-07-17,Approved,819.0,No
CUST01052,Vivaan Gupta,47,Female,Chennai,Salaried,2294732.0,LN001052,Home Loan,1023080,9.47,180,2025-08-20,Approved,593.0,No
CUST02661,Priya Das,62,Male,Patna,Self-employed,2252335.0,LN002661,Auto Loan,718645,8.94,84,2023-09-24,Under Review,696.0,No
CUST02279,Aditya Singh,38,Female,Lucknow,Self-employed,1258443.0,LN002279,Auto Loan,273105,11.12,240,2025-04-24,Rejected,737.0,No
CUST02464,Vikram Mehta,38,Male,Chandigarh,Salaried,1431487.0,LN002464,Home Loan,4211627,10.55,360,2024-03-06,Approved,709.0,No
CUST01648,Vivaan Roy,40,Female,Delhi,Business Owner,975482.0,LN001648,Personal Loan,821567,13.95,60,2025-03-06,Approved,801.0,No
CUST00882,Aarav Mehta,29,Male,Patna,Salaried,2203106.0,LN000882,Business Loan,666074,17.68,240,2023-04-02,Approved,762.0,No
CUST01780,Vivaan Yadav,62,Male,Bhopal,Student,388770.0,LN001780,Education Loan,1402271,8.83,120,2025-11-08,Rejected,628.0,No
CUST01611,Karan Mishra,55,Female,Jaipur,Student,193180.0,LN001611,Personal Loan,386333,8.3,84,2024-01-27,Approved,661.0,No
CUST02012,Aman Shah,48,Male,Patna,Self-employed,1190320.0,LN002012,Auto Loan,423009,10.85,84,2023-07-16,Rejected,679.0,Yes
CUST00376,Isha Shah,61,Female,Hyderabad,Salaried,584911.0,LN000376,Business Loan,2280639,17.72,36,2023-04-26,Approved,825.0,Yes
CUST01583,Kavya Yadav,38,Female,Kolkata,Business Owner,1672996.0,LN001583,Auto Loan,1391957,9.56,12,2023-01-01,Rejected,682.0,No
CUST02245,Sneha Singh,29,Male,Mumbai,Government Employee,577949.0,LN002245,Home Loan,1921647,11.84,180,2025-12-01,Approved,647.0,No
CUST01802,Priya Yadav,40,Male,Indore,Salaried,864408.0,LN001802,Home Loan,4058848,7.93,360,2025-02-12,Approved,717.0,No
CUST02860,Rohan Kumar,31,Female,Bengaluru,Salaried,445211.0,LN002860,Personal Loan,193289,10.61,360,2023-08-25,Rejected,799.0,Yes
CUST01337,Arjun Mehta,64,Male,Hyderabad,Salaried,2108060.0,LN001337,Personal Loan,951174,12.77,60,2025-01-15,Approved,697.0,No
CUST02032,Sneha Jain,50,Female,Varanasi,Business Owner,1733194.0,LN002032,Auto Loan,1306220,11.72,84,2023-04-16,Approved,562.0,No
CUST01663,Aarav Agarwal,29,Male,Delhi,Salaried,227259.0,LN001663,Home Loan,1305765,11.33,12,2023-12-28,Approved,850.0,No
CUST02925,Isha Patel,56,Male,Chennai,Salaried,2481300.0,LN002925,Home Loan,5915155,11.71,60,2024-08-29,Approved,722.0,Yes
CUST00065,Priya Mishra,63,Male,Bhopal,Student,419363.0,LN000065,Gold Loan,245716,8.75,360,2025-10-10,Approved,706.0,No
CUST01211,Vikram Yadav,26,Male,Chandigarh,Self-employed,1066801.0,LN001211,Personal Loan,325490,12.62,180,2023-12-13,Approved,706.0,Yes
CUST03137,Rohan Jain,35,Female,Patna,Self-employed,924551.0,LN003137,Auto Loan,681180,11.89,12,2025-10-31,Rejected,687.0,Yes
CUST02377,Arjun Mehta,39,Male,Kolkata,Salaried,1508854.0,LN002377,Personal Loan,367174,12.42,48,2023-06-29,Rejected,837.0,Yes
CUST00848,Isha Jain,47,Male,Mumbai,Government Employee,391860.0,LN000848,Home Loan,5016101,16.82,24,2023-06-29,Approved,828.0,No
CUST02428,Rohan Kumar,28,Male,Mumbai,Salaried,599485.0,LN002428,Personal Loan,199850,7.26,12,2025-05-22,Approved,608.0,No
CUST03100,Vivaan Singh,36,Female,Indore,Student,466391.0,LN003100,Home Loan,3588933,10.89,48,2024-02-19,Rejected,698.0,No
CUST01487,Sneha Gupta,54,Male,Chennai,Student,226334.0,LN001487,Home Loan,4906652,14.22,12,2023-07-10,Under Review,643.0,Yes
CUST00683,Sneha Shah,38,Male,Jaipur,Salaried,1056332.0,LN000683,Gold Loan,335626,14.48,60,2025-09-25,Under Review,652.0,Yes
CUST00553,Arjun Mishra,26,Male,Indore,Salaried,304746.0,LN000553,Education Loan,1133290,17.45,36,2023-06-08,Approved,642.0,No
CUST00139,Vikram Shah,39,Male,Hyderabad,Salaried,1153181.0,LN000139,Gold Loan,751692,11.95,240,2023-05-29,Approved,577.0,No
CUST01462,Ananya Singh,39,Female,Delhi,Salaried,1462843.0,LN001462,Auto Loan,991189,16.42,240,2025-07-25,Approved,605.0,No
CUST02406,Nikhil Kumar,34,Male,Pune,Salaried,1578688.0,LN002406,Business Loan,1998693,11.37,84,2025-04-08,Approved,735.0,No
CUST00484,Simran Roy,31,Male,Indore,Salaried,1651617.0,LN000484,Education Loan,1013946,17.72,120,2023-04-11,Under Review,593.0,Yes
CUST00236,Kavya Mehta,58,Male,Bhopal,Business Owner,445475.0,LN000236,Education Loan,1306212,15.73,360,2023-11-02,Pending,692.0,Yes
CUST02214,Neha Mishra,50,Male,Mumbai,Salaried,2305636.0,LN002214,Auto Loan,703119,18.27,24,2024-08-02,Rejected,597.0,No
CUST01812,Meera Mishra,27,Male,Mumbai,Self-employed,562238.0,LN001812,Business Loan,1699784,14.53,48,2023-08-09,Rejected,803.0,No
CUST02005,Nikhil Roy,37,Female,Jaipur,Salaried,1677763.0,LN002005,Home Loan,5062961,17.44,180,2024-01-14,Approved,649.0,No
CUST02901,Sneha Joshi,34,Male,Chennai,Business Owner,1274635.0,LN002901,Auto Loan,1569909,18.03,36,2023-12-26,Approved,694.0,No
CUST02395,Karan Shah,31,Male,Mumbai,Salaried,1565328.0,LN002395,Personal Loan,168690,16.89,120,2023-08-06,Approved,586.0,No
CUST02814,Karan Mehta,39,Male,Pune,Government Employee,1162577.0,LN002814,Business Loan,2558608,12.33,240,2024-05-19,Approved,632.0,No
CUST02433,Isha Yadav,36,Female,Lucknow,Self-employed,395765.0,LN002433,Personal Loan,571726,10.55,360,2024-01-15,Approved,647.0,No
CUST01125,Aditya Mehta,58,Female,Pune,Salaried,1428756.0,LN001125,Business Loan,2490527,9.43,180,2025-04-11,Approved,693.0,No
CUST02954,Kavya Yadav,25,Female,Bengaluru,Salaried,1451991.0,LN002954,Home Loan,2693569,12.81,180,2023-07-15,Approved,657.0,No
CUST00945,Aman Gupta,39,Male,Pune,Self-employed,1427155.0,LN000945,Business Loan,2843440,13.71,240,2024-12-05,Rejected,805.0,No
CUST01357,Kavya Mehta,42,Female,Bengaluru,Self-employed,1949186.0,LN001357,Home Loan,5651732,7.37,360,2025-05-27,Approved,711.0,Yes
CUST02224,Neha Sharma,32,Female,Bengaluru,Salaried,441731.0,LN002224,Home Loan,5019986,11.45,120,2024-06-26,Approved,627.0,No
CUST01631,Meera Agarwal,32,Male,Bhopal,,212286.0,LN001631,Auto Loan,322121,14.22,180,2023-05-03,Approved,746.0,No
CUST02960,Pooja Sharma,21,Male,Hyderabad,Salaried,805608.0,LN002960,Business Loan,3294835,15.61,36,2025-05-19,Approved,746.0,No
CUST02484,Pooja Yadav,49,Male,Indore,Business Owner,649759.0,LN002484,Personal Loan,58847,18.15,36,2025-05-14,Approved,691.0,Yes
CUST00823,Simran Gupta,43,Male,Chennai,Salaried,208004.0,LN000823,Gold Loan,666108,12.44,12,2025-08-03,Approved,714.0,No
CUST00557,Simran Patel,51,Female,Ahmedabad,Government Employee,874699.0,LN000557,Home Loan,2992848,11.34,60,2023-10-18,Approved,753.0,No
CUST01283,Nikhil Mishra,33,Male,Delhi,Self-employed,2362846.0,LN001283,Personal Loan,770980,14.0,60,2024-08-28,Approved,706.0,No
CUST00375,Riya Joshi,27,Female,Chennai,Salaried,969148.0,LN000375,Education Loan,817186,16.76,120,2025-04-22,Rejected,674.0,No
CUST03172,Aditya Agarwal,26,Female,Hyderabad,Self-employed,638958.0,LN003172,Personal Loan,559404,15.77,24,2025-03-14,Pending,661.0,No
CUST02689,Ananya Singh,36,Male,Pune,Salaried,1344889.0,LN002689,Personal Loan,789885,16.64,84,2023-05-23,Pending,,Yes
CUST00083,Vivaan Singh,27,Male,Ahmedabad,Salaried,384615.0,LN000083,Gold Loan,449953,14.41,180,2025-09-21,Approved,791.0,Yes
CUST01086,Sneha Jain,30,Female,Lucknow,Salaried,353804.0,LN001086,Auto Loan,298579,8.41,48,2024-07-29,Rejected,652.0,No
CUST00438,Meera Shah,62,Male,Pune,Salaried,1446571.0,LN000438,Personal Loan,343313,12.11,360,2023-01-17,Approved,657.0,No
CUST03439,Kavya Mishra,32,Female,Bhopal,Salaried,1970458.0,LN003439,Personal Loan,328977,8.4,12,2024-05-12,Approved,730.0,No
CUST02722,Neha Patel,42,Female,Chandigarh,Government Employee,323670.0,LN002722,Personal Loan,760712,8.22,360,2023-04-27,Rejected,608.0,Yes
CUST01109,Kavya Singh,48,Female,Lucknow,Salaried,1598227.0,LN001109,Education Loan,652561,8.46,60,2024-03-31,Rejected,797.0,No
CUST01569,Ananya Joshi,21,Female,Patna,Salaried,897972.0,LN001569,Home Loan,1371097,14.04,120,2023-12-22,Rejected,599.0,No
CUST01845,Aman Sharma,44,Male,Varanasi,Salaried,1038095.0,LN001845,Personal Loan,432375,10.87,24,2025-03-04,Approved,597.0,No
CUST01396,Arjun Shah,27,Male,Chennai,Government Employee,836939.0,LN001396,Personal Loan,335151,15.3,240,2024-06-22,Rejected,757.0,Yes
CUST01252,Riya Yadav,36,Male,Indore,Government Employee,1087313.0,LN001252,Home Loan,3865783,8.5,240,2025-10-16,Rejected,674.0,No
CUST00211,Priya Jain,51,Male,Ahmedabad,Salaried,1017393.0,LN000211,Personal Loan,863349,12.37,84,2023-11-21,Pending,704.0,Yes
CUST01532,Kavya Patel,21,Female,Varanasi,Business Owner,2539600.0,LN001532,Personal Loan,154262,17.54,84,2024-04-23,Rejected,691.0,Yes
CUST01616,Pooja Roy,50,Female,Indore,Salaried,871996.0,LN001616,Auto Loan,1507848,15.01,12,2025-05-18,Approved,825.0,No
CUST00156,Meera Joshi,27,Female,Varanasi,Self-employed,1900023.0,LN000156,Home Loan,4362169,13.46,48,2025-02-04,Approved,799.0,No
CUST03478,Aditya Sharma,56,Female,Chandigarh,Student,304321.0,LN003478,Gold Loan,462220,10.89,84,2024-06-18,Approved,678.0,No
CUST00187,Sneha Shah,41,Male,Delhi,Salaried,1035080.0,LN000187,Home Loan,5468170,17.69,12,2023-01-19,Approved,685.0,Yes
CUST02417,Ananya Agarwal,58,Male,Ahmedabad,Self-employed,2016541.0,LN002417,Auto Loan,659924,12.7,24,2024-10-20,Rejected,695.0,No
CUST02499,Arjun Joshi,44,Male,Chennai,Business Owner,404677.0,LN002499,Auto Loan,332444,10.57,180,2024-06-18,Pending,695.0,No
CUST02326,Rahul Joshi,38,Female,Delhi,Self-employed,1587725.0,LN002326,Home Loan,5355957,12.97,84,2024-09-05,Approved,745.0,No
CUST03007,Ananya Yadav,30,Male,Mumbai,Government Employee,1450867.0,LN003007,Personal Loan,168480,11.26,12,2024-11-16,Approved,715.0,No
CUST02647,Rohan Gupta,28,Female,Chennai,Student,393493.0,LN002647,Home Loan,4827328,18.37,360,2024-06-05,Under Review,544.0,No
CUST03291,Simran Mishra,39,Female,Chandigarh,Government Employee,,LN003291,Home Loan,1339767,12.83,24,2024-02-12,Approved,848.0,No
CUST00752,Rahul Verma,36,Female,Bhopal,Government Employee,371942.0,LN000752,Home Loan,2124453,16.31,12,2023-07-04,Approved,594.0,Yes
CUST00872,Meera Das,24,Male,Chennai,Salaried,1100200.0,LN000872,Auto Loan,1746261,12.83,240,2023-02-28,Approved,726.0,Yes
CUST01739,Rahul Kumar,45,Female,Bengaluru,Government Employee,1277587.0,LN001739,Personal Loan,122672,16.98,360,2024-12-30,Rejected,723.0,No
CUST02015,Sneha Shah,38,Female,Chennai,Government Employee,994453.0,LN002015,Personal Loan,836857,12.1,360,2023-02-11,Approved,734.0,Yes
CUST00715,Neha Joshi,31,Male,Indore,Business Owner,530878.0,LN000715,Home Loan,4544795,17.55,24,2024-07-24,Approved,591.0,No
CUST01157,Kavya Kumar,37,Male,Lucknow,Self-employed,2095883.0,LN001157,Auto Loan,1138660,7.91,240,2024-05-14,Rejected,614.0,Yes
CUST01759,Priya Singh,35,Male,Indore,Student,281424.0,LN001759,Auto Loan,813819,13.08,12,2023-04-14,Approved,689.0,No
CUST02010,Kavya Gupta,24,Male,Chandigarh,Government Employee,1203262.0,LN002010,Personal Loan,503749,14.84,360,2023-08-06,Rejected,692.0,No
CUST02016,Ananya Roy,30,Female,Patna,Self-employed,372154.0,LN002016,Business Loan,1315707,16.74,60,2024-05-12,Approved,606.0,No
CUST03175,Rahul Sharma,21,Male,Bengaluru,Salaried,2305033.0,LN003175,Personal Loan,391221,13.11,60,2023-09-05,Approved,651.0,Yes
CUST00594,Vivaan Verma,44,Female,Ahmedabad,Self-employed,2077459.0,LN000594,Personal Loan,414550,8.03,84,2024-09-07,Rejected,725.0,Yes
CUST02477,Priya Mehta,24,Male,Delhi,Salaried,900995.0,LN002477,Auto Loan,1233686,8.14,180,2025-02-02,Approved,807.0,No
CUST03383,Vikram Gupta,44,Male,Varanasi,Salaried,717841.0,LN003383,Auto Loan,1458751,13.31,360,2024-07-20,Pending,624.0,No
CUST01033,Riya Yadav,38,Male,Jaipur,Self-employed,2108288.0,LN001033,Business Loan,2365926,10.84,84,2024-03-02,Approved,695.0,No
CUST00345,Aditya Patel,53,Male,Jaipur,Salaried,785108.0,LN000345,Auto Loan,151539,7.67,12,2023-03-12,Rejected,626.0,No
CUST02918,Aditya Kumar,24,,Bengaluru,Government Employee,1446563.0,LN002918,Home Loan,2523926,8.85,12,2024-06-04,Approved,650.0,Yes
CUST02767,Neha Yadav,59,Female,Bengaluru,Salaried,1710119.0,LN002767,Personal Loan,65234,12.7,84,2023-07-27,Approved,778.0,No
CUST02474,Pooja Shah,57,Female,Indore,Salaried,223386.0,LN002474,Personal Loan,734964,17.74,12,2024-12-31,Approved,741.0,No
CUST01085,Arjun Joshi,59,Female,Bengaluru,Self-employed,798531.0,LN001085,Gold Loan,118908,12.85,24,2024-06-14,Under Review,657.0,No
CUST00052,Aman Roy,37,Female,Chandigarh,Salaried,1678585.0,LN000052,Auto Loan,1465352,17.24,48,2023-01-25,Rejected,738.0,No
CUST01864,Arjun Roy,25,Male,Chennai,Student,460846.0,LN001864,Auto Loan,382198,12.01,24,2023-11-16,Approved,740.0,No
CUST02838,Ananya Sharma,24,Female,Bhopal,Salaried,1489182.0,LN002838,Education Loan,190134,7.3,180,2023-04-26,Approved,710.0,Yes
CUST00974,Meera Mishra,65,Female,Mumbai,Salaried,181607.0,LN000974,Business Loan,2075405,15.74,84,2024-08-09,Approved,766.0,No
CUST03428,Aman Singh,40,Male,Pune,Salaried,1518868.0,LN003428,Business Loan,2797218,14.35,84,2024-03-16,Under Review,681.0,No
CUST00519,Kavya Yadav,45,Female,Kolkata,Salaried,1083923.0,LN000519,Education Loan,919593,15.91,48,2023-05-13,Approved,693.0,No
CUST03498,Arjun Gupta,33,Male,Varanasi,Student,443106.0,LN003498,Auto Loan,1746226,7.98,180,2024-11-30,Approved,740.0,No
CUST00880,Kavya Roy,45,Female,Delhi,Government Employee,985521.0,LN000880,Auto Loan,844793,12.69,24,2024-10-31,Rejected,652.0,No
CUST01651,Meera Mehta,64,Male,Varanasi,Salaried,1208644.0,LN001651,Auto Loan,1393631,15.62,240,2024-10-03,Approved,745.0,No
CUST02265,Simran Jain,60,Male,Indore,Business Owner,2184346.0,LN002265,Home Loan,2558602,10.18,60,2023-06-05,Approved,642.0,No
CUST03258,Kavya Jain,46,Female,Kolkata,Student,350568.0,LN003258,Business Loan,1818522,17.99,48,2024-12-04,Pending,506.0,No
CUST00953,Aarav Patel,52,Female,Ahmedabad,Student,129907.0,LN000953,Auto Loan,1755644,16.12,180,2023-09-14,Approved,794.0,Yes
CUST01891,Isha Roy,32,Female,Ahmedabad,Salaried,2194798.0,LN001891,Gold Loan,550487,15.76,84,2023-03-21,Approved,777.0,No
CUST01810,Simran Sharma,44,Male,Bhopal,Salaried,1297350.0,LN001810,Personal Loan,382616,14.19,120,2023-10-02,Approved,800.0,No
CUST01190,Neha Sharma,22,Female,Hyderabad,Business Owner,1810566.0,LN001190,Personal Loan,837404,15.16,360,2023-07-14,Approved,576.0,No
CUST03460,Riya Sharma,37,Female,Bhopal,Business Owner,3362316.0,LN003460,Auto Loan,1225668,11.97,360,2025-08-14,Rejected,807.0,No
CUST01054,Riya Joshi,43,Female,Jaipur,Salaried,2475614.0,LN001054,Home Loan,4793954,7.76,240,2024-07-12,Approved,661.0,No
CUST03228,Isha Kumar,39,Female,Patna,Government Employee,582875.0,LN003228,Home Loan,1516618,15.05,120,2024-10-10,Approved,669.0,Yes
CUST02394,Simran Agarwal,21,Male,Pune,Self-employed,364991.0,LN002394,Education Loan,431402,10.11,36,2024-09-07,Approved,753.0,No
CUST00998,Kavya Joshi,53,Male,Varanasi,Self-employed,1798557.0,LN000998,Auto Loan,717383,9.17,60,2025-01-26,Approved,717.0,No
CUST01257,Meera Gupta,21,Male,Lucknow,Salaried,2377047.0,LN001257,Personal Loan,319999,8.66,12,2024-06-05,Approved,693.0,No
CUST01359,Pooja Verma,37,Male,Varanasi,Salaried,646910.0,LN001359,Personal Loan,227367,9.98,60,2023-01-27,Approved,569.0,No
CUST01490,Ananya Sharma,52,Female,Varanasi,Self-employed,1051243.0,LN001490,Business Loan,306586,10.37,24,2025-04-02,Pending,729.0,No
CUST01565,Aman Kumar,27,Male,Varanasi,Government Employee,1172362.0,LN001565,Personal Loan,311697,12.06,360,2025-06-13,Approved,803.0,No
CUST02883,Sneha Kumar,60,Female,Lucknow,Salaried,1902760.0,LN002883,Personal Loan,583435,11.94,12,2023-11-12,Under Review,591.0,Yes
CUST02587,Simran Patel,50,Female,Bengaluru,Government Employee,942147.0,LN002587,Gold Loan,511552,15.76,240,2023-05-06,Approved,672.0,Yes
CUST00289,Karan Roy,41,Male,Delhi,Self-employed,2029039.0,LN000289,Auto Loan,186683,11.16,36,2023-02-17,Approved,783.0,No
CUST02938,Karan Gupta,43,Male,Delhi,Business Owner,1654454.0,LN002938,Personal Loan,725993,11.19,48,2024-05-15,Approved,701.0,Yes
CUST01021,Nikhil Yadav,62,Male,Ahmedabad,Government Employee,1417201.0,LN001021,Business Loan,2830346,12.26,84,2025-06-21,Rejected,727.0,Yes
CUST02519,Isha Patel,37,Female,Bengaluru,Salaried,1555405.0,LN002519,Gold Loan,192502,18.3,84,2023-02-28,Approved,692.0,No
CUST02991,Isha Sharma,62,Female,Mumbai,Government Employee,1291840.0,LN002991,Business Loan,2088442,12.19,240,2024-01-28,Approved,596.0,No
CUST00126,Nikhil Sharma,46,Male,Mumbai,Salaried,1480035.0,LN000126,Personal Loan,499042,16.79,120,2025-05-06,Approved,720.0,No
CUST00365,Aman Sharma,56,Female,Bengaluru,Salaried,1814224.0,LN000365,Business Loan,1171905,16.32,36,2025-11-14,Rejected,706.0,No
CUST02909,Simran Mishra,24,Male,Mumbai,Salaried,405022.0,LN002909,Business Loan,3983372,8.99,48,2025-02-01,Approved,754.0,No
CUST00986,Rahul Patel,49,Female,Delhi,Salaried,1587296.0,LN000986,Home Loan,2011694,14.02,180,2025-07-05,Pending,696.0,No
CUST00877,Aarav Verma,26,Male,Bhopal,Student,149164.0,LN000877,Personal Loan,964012,9.42,36,2023-06-21,Under Review,530.0,No
CUST01103,Arjun Mehta,57,Male,Chandigarh,Government Employee,1141341.0,LN001103,Auto Loan,374376,18.0,36,2024-08-15,Pending,594.0,Yes
CUST03034,Nikhil Patel,38,Female,Delhi,Government Employee,503905.0,LN003034,Auto Loan,516850,10.65,24,2024-01-04,Approved,737.0,No
CUST01526,Karan Verma,22,Male,Chandigarh,Salaried,1066907.0,LN001526,Personal Loan,556796,16.89,24,2023-01-13,Approved,644.0,No
CUST02352,Aarav Yadav,61,Female,Hyderabad,Self-employed,1891432.0,LN002352,Auto Loan,178357,9.55,120,2023-02-10,Approved,763.0,No
CUST03425,Neha Patel,36,Female,Delhi,Business Owner,2987056.0,LN003425,Personal Loan,519453,7.8,84,2024-11-12,Approved,700.0,Yes
CUST02576,Aditya Joshi,64,Male,Varanasi,Self-employed,1993514.0,LN002576,Auto Loan,1743063,7.15,84,2025-03-19,Approved,783.0,No
CUST00245,Aman Jain,24,Female,Patna,Student,428307.0,LN000245,Auto Loan,1273853,13.91,48,2025-11-18,Approved,740.0,No
CUST01060,Isha Gupta,64,Female,Chandigarh,Government Employee,732911.0,LN001060,Gold Loan,482353,8.76,36,2023-10-20,Approved,705.0,Yes
CUST03313,Aarav Joshi,29,Male,Kolkata,Student,163155.0,LN003313,Auto Loan,1314147,8.5,12,2024-02-20,Rejected,682.0,Yes
CUST00589,Aarav Patel,32,Female,Lucknow,Salaried,324938.0,LN000589,Personal Loan,263968,11.17,84,2025-03-02,Under Review,547.0,No
CUST03441,Aditya Das,53,Female,Bengaluru,Business Owner,1967131.0,LN003441,Personal Loan,107379,18.4,24,2024-04-25,Approved,688.0,Yes
CUST02548,Isha Roy,48,Female,Indore,Salaried,2250621.0,LN002548,Education Loan,1369195,15.88,180,2024-02-06,Approved,667.0,Yes
CUST02013,Isha Joshi,46,Male,Varanasi,Self-employed,646863.0,LN002013,Personal Loan,821229,17.62,180,2023-08-14,Approved,779.0,No
CUST01989,Vivaan Agarwal,28,Female,Kolkata,Government Employee,1038319.0,LN001989,Auto Loan,317744,8.25,240,2024-03-18,Pending,570.0,Yes
CUST01306,Rohan Mehta,60,Male,Jaipur,Government Employee,814681.0,LN001306,Personal Loan,201863,13.52,36,2024-06-08,Approved,818.0,No
CUST01519,Neha Agarwal,21,Female,Indore,Salaried,786049.0,LN001519,Auto Loan,635693,12.65,12,2023-10-09,Rejected,525.0,No
CUST01823,Vikram Joshi,58,Female,Jaipur,Self-employed,702962.0,LN001823,Personal Loan,196628,13.6,240,2023-08-01,Under Review,601.0,No
CUST03463,Vikram Joshi,42,Male,Chennai,Salaried,753822.0,LN003463,Personal Loan,878681,10.56,60,2025-10-17,Pending,736.0,No
CUST03230,Rohan Joshi,27,Female,Varanasi,Student,432878.0,LN003230,Home Loan,2368689,7.99,360,2023-07-30,Pending,650.0,No
CUST01150,Simran Das,38,Male,Mumbai,Self-employed,858870.0,LN001150,Education Loan,366579,17.75,48,2023-03-15,Approved,664.0,Yes
CUST01578,Rohan Verma,24,Female,Varanasi,Business Owner,2962746.0,LN001578,Home Loan,1931420,13.55,84,2025-07-15,Approved,581.0,No
CUST00976,Rohan Jain,48,Female,Delhi,Self-employed,375392.0,LN000976,Auto Loan,1421688,13.92,360,2024-10-22,Approved,644.0,No
CUST02856,Nikhil Mehta,38,Male,Lucknow,Government Employee,1218319.0,LN002856,Gold Loan,276904,14.35,240,2025-12-22,Approved,631.0,No
CUST00385,Priya Gupta,32,Female,Indore,Student,349047.0,LN000385,Business Loan,2089055,9.13,84,2025-08-08,Approved,698.0,Yes
CUST00162,Sneha Gupta,27,Female,Ahmedabad,Salaried,199675.0,LN000162,Business Loan,1267561,10.13,84,2023-07-24,Approved,664.0,No
CUST03022,Nikhil Mishra,35,Male,Hyderabad,Salaried,1763598.0,LN003022,Home Loan,2257030,13.25,240,2025-05-04,Rejected,798.0,No
CUST02538,Sneha Das,24,Male,Ahmedabad,Business Owner,1306188.0,LN002538,Auto Loan,525606,8.95,84,2024-08-04,Approved,756.0,Yes
CUST01736,Meera Shah,60,Female,Lucknow,Student,291608.0,LN001736,Auto Loan,498097,16.8,84,2023-10-01,Rejected,613.0,No
CUST00478,Rohan Singh,62,Male,Lucknow,Student,229381.0,LN000478,Personal Loan,108047,13.74,36,2024-09-06,Approved,681.0,No
CUST01798,Vikram Roy,38,Female,Delhi,Student,490448.0,LN001798,Education Loan,904760,15.2,180,2023-08-11,Approved,720.0,No
CUST01006,Arjun Kumar,34,Male,Indore,Business Owner,3405572.0,LN001006,Personal Loan,984892,13.8,120,2023-12-16,Approved,696.0,No
CUST01398,Pooja Shah,46,Female,Mumbai,Self-employed,2173604.0,LN001398,Personal Loan,570674,9.65,240,2023-05-27,Approved,720.0,Yes
CUST02490,Nikhil Sharma,25,Female,Chennai,Student,320398.0,LN002490,Personal Loan,803111,12.8,360,2024-12-30,Rejected,679.0,No
CUST00632,Karan Singh,33,Male,Chennai,Self-employed,743506.0,LN000632,Business Loan,815729,8.36,48,2025-09-16,Rejected,599.0,No
CUST02026,Sneha Yadav,61,Male,Patna,Student,319451.0,LN002026,Home Loan,5144209,7.29,240,2023-07-16,Approved,637.0,No
CUST02763,Arjun Singh,61,Female,Lucknow,Salaried,1327303.0,LN002763,Auto Loan,1093593,10.0,60,2025-07-10,Rejected,762.0,No
CUST03095,Isha Patel,62,Male,Chennai,Business Owner,2822082.0,LN003095,Business Loan,398911,17.39,360,2025-09-23,Approved,,No
CUST00640,Neha Joshi,64,Female,Kolkata,Student,427371.0,LN000640,Education Loan,1268694,14.63,24,2024-11-06,Approved,679.0,No
CUST01521,Rohan Mishra,43,Female,Indore,Student,422838.0,LN001521,Auto Loan,1244061,13.84,12,2024-11-20,Approved,590.0,No
CUST03056,Riya Sharma,21,Male,Chennai,Business Owner,1872966.0,LN003056,Gold Loan,250692,14.89,36,2025-04-30,Pending,500.0,No
CUST01399,Isha Joshi,30,Female,Bhopal,Salaried,2105259.0,LN001399,Gold Loan,476208,8.56,60,2025-02-25,Pending,693.0,No
CUST03121,Rohan Jain,23,Female,Mumbai,Self-employed,1438615.0,LN003121,Auto Loan,1444132,7.44,48,2025-07-12,Approved,683.0,No
CUST00494,Aditya Patel,44,Female,Kolkata,Student,331445.0,LN000494,Education Loan,1147738,17.62,24,2025-11-26,Rejected,721.0,No
CUST02718,Kavya Roy,24,Male,Bhopal,Salaried,1124624.0,LN002718,Personal Loan,906515,13.67,180,2024-01-20,Approved,662.0,Yes
CUST02895,Priya Patel,28,Male,Varanasi,Self-employed,1133863.0,LN002895,Personal Loan,645135,17.42,120,2024-08-21,Under Review,502.0,No
CUST00119,Vikram Jain,24,Male,Chandigarh,Business Owner,2729701.0,LN000119,Personal Loan,534965,17.1,120,2025-04-30,Rejected,757.0,No
CUST02329,Ananya Das,50,Male,Varanasi,Business Owner,2503645.0,LN002329,Home Loan,4174671,17.42,240,2024-03-13,Approved,816.0,Yes
CUST03493,Ananya Singh,64,Female,Ahmedabad,Government Employee,487114.0,LN003493,Education Loan,317573,12.94,120,2024-10-02,Approved,774.0,Yes
CUST03461,Meera Joshi,54,Male,Patna,Salaried,1422778.0,LN003461,Business Loan,1717808,13.65,12,2025-03-26,Approved,807.0,No
CUST01091,Vivaan Sharma,32,Female,Mumbai,Salaried,2165346.0,LN001091,Gold Loan,160949,8.53,24,2025-09-06,Pending,621.0,No
CUST02823,Vivaan Mehta,45,Female,Pune,Business Owner,2295840.0,LN002823,Home Loan,4663224,10.84,24,2025-08-25,Under Review,668.0,Yes
CUST02463,Aman Das,50,Female,Bengaluru,Business Owner,1710245.0,LN002463,Gold Loan,292862,8.6,12,2024-10-16,Approved,734.0,No
CUST02275,Simran Roy,43,Female,Varanasi,Salaried,1331473.0,LN002275,Home Loan,2402595,16.46,12,2024-11-27,Pending,636.0,No
CUST02757,Nikhil Roy,58,Male,Ahmedabad,Business Owner,402925.0,LN002757,Personal Loan,355245,9.99,360,2024-08-27,Approved,775.0,No
CUST00771,Nikhil Verma,42,Female,Kolkata,Business Owner,2448942.0,LN000771,Education Loan,412329,7.16,24,2023-01-27,Rejected,561.0,Yes
CUST03367,Aman Mehta,29,Female,Bhopal,Government Employee,707518.0,LN003367,Auto Loan,587553,10.61,84,2023-02-22,Rejected,635.0,No
CUST02621,Nikhil Shah,41,Male,Jaipur,Salaried,2017724.0,LN002621,Auto Loan,778252,7.62,240,2025-08-12,Approved,653.0,No
CUST01998,Aman Jain,26,Female,Ahmedabad,Government Employee,818697.0,LN001998,Home Loan,2191704,18.41,120,2023-01-11,Approved,654.0,No
CUST00206,Vivaan Roy,60,Male,Bengaluru,Salaried,2298433.0,LN000206,Home Loan,4478621,7.28,36,2025-06-28,Rejected,704.0,Yes
CUST01001,Riya Jain,47,Male,Kolkata,Government Employee,1202562.0,LN001001,Personal Loan,823317,10.76,48,2023-03-28,Pending,560.0,No
CUST02721,Priya Verma,43,Male,Mumbai,Salaried,1676906.0,LN002721,Personal Loan,651798,15.1,240,2025-06-21,Approved,808.0,No
CUST03326,Kavya Jain,54,Male,Hyderabad,Government Employee,1218993.0,LN003326,Gold Loan,355712,11.64,120,2024-09-18,Rejected,798.0,No
CUST00400,Sneha Gupta,28,Male,Bengaluru,,509755.0,LN000400,Auto Loan,1497731,9.14,240,2025-03-21,Approved,768.0,No
CUST01990,Rahul Sharma,59,Male,Indore,Student,202917.0,LN001990,Education Loan,340416,12.38,12,2023-04-30,Rejected,741.0,No
CUST01576,Pooja Kumar,58,Female,Ahmedabad,Salaried,249098.0,LN001576,Home Loan,3856911,17.39,60,2024-08-10,Approved,779.0,No
CUST02600,Karan Gupta,31,Female,Ahmedabad,Self-employed,1756603.0,LN002600,Gold Loan,656821,17.68,240,2024-08-25,Approved,665.0,No
CUST01199,Rahul Patel,35,Male,Chennai,Student,453935.0,LN001199,Personal Loan,483525,11.82,48,2024-08-28,Approved,850.0,Yes
CUST02369,Neha Roy,26,Male,Chandigarh,Salaried,626212.0,LN002369,Auto Loan,1167250,16.64,24,2024-09-21,Approved,790.0,No
CUST00470,Vivaan Kumar,64,Female,Pune,Government Employee,539967.0,LN000470,Personal Loan,788925,12.56,360,2025-03-22,Rejected,699.0,No
CUST02997,Ananya Roy,33,Male,Bengaluru,Government Employee,682273.0,LN002997,Gold Loan,374096,13.41,120,2024-02-23,Approved,678.0,No
CUST03427,Aarav Sharma,50,Male,Bhopal,Government Employee,1298384.0,LN003427,Auto Loan,943927,17.41,240,2023-04-18,Under Review,515.0,No
CUST00861,Arjun Verma,28,Male,Delhi,Salaried,772127.0,LN000861,Gold Loan,232075,16.31,120,2025-05-27,Approved,706.0,No
CUST00867,Rohan Joshi,61,Female,Bengaluru,Business Owner,1722924.0,LN000867,Personal Loan,133323,11.07,360,2024-07-24,Pending,779.0,Yes
CUST02592,Sneha Verma,41,Male,Bhopal,Government Employee,723996.0,LN002592,Auto Loan,1618298,11.13,240,2025-10-21,Approved,721.0,Yes
CUST00080,Ananya Singh,29,Female,Kolkata,Salaried,1786872.0,LN000080,Education Loan,707847,12.0,120,2023-05-11,Approved,680.0,No
CUST00534,Simran Joshi,21,Male,Indore,Government Employee,1145753.0,LN000534,Business Loan,2428650,10.98,24,2024-07-04,Approved,651.0,No
CUST03386,Priya Sharma,42,Female,Pune,Salaried,2386789.0,LN003386,Auto Loan,390147,10.12,84,2024-01-11,Approved,643.0,No
CUST02506,Simran Sharma,58,Female,Bhopal,,214964.0,LN002506,Gold Loan,319518,16.7,120,2024-09-01,Approved,718.0,Yes
CUST02339,Meera Kumar,63,Male,Indore,Self-employed,214487.0,LN002339,Business Loan,3339215,16.97,240,2025-09-06,Approved,705.0,No
CUST00371,Aditya Mishra,55,Female,Delhi,Self-employed,599007.0,LN000371,Auto Loan,1573061,9.28,180,2023-11-20,Under Review,574.0,No
CUST00266,Karan Gupta,23,Male,Varanasi,Salaried,741693.0,LN000266,Auto Loan,1746049,17.37,24,2024-06-17,Approved,781.0,No
CUST01613,Ananya Agarwal,42,Male,Ahmedabad,Salaried,2333632.0,LN001613,Business Loan,3938632,12.93,48,2025-10-27,Approved,615.0,No
CUST01502,Aditya Gupta,21,Male,Indore,Business Owner,975606.0,LN001502,Home Loan,5188346,18.39,48,2024-12-01,Approved,758.0,No
CUST00165,Vikram Yadav,53,Male,Delhi,Salaried,271006.0,LN000165,Personal Loan,179350,18.28,24,2023-01-28,Rejected,725.0,No
CUST00474,Rohan Sharma,61,Female,Chennai,Salaried,389124.0,LN000474,Education Loan,567310,18.3,120,2024-06-07,Approved,721.0,No
CUST00876,Meera Roy,36,Female,Bengaluru,Self-employed,1860913.0,LN000876,Auto Loan,1264064,18.39,24,2024-06-05,Rejected,682.0,No
CUST02246,Riya Mishra,38,Female,Hyderabad,Salaried,1889978.0,LN002246,Education Loan,142446,11.79,60,2025-08-05,Approved,797.0,No
CUST00186,Isha Jain,63,Male,Jaipur,Government Employee,1331008.0,LN000186,Personal Loan,459940,12.04,360,2024-01-17,Approved,850.0,Yes
CUST02166,Vivaan Singh,53,Female,Bengaluru,Business Owner,2360146.0,LN002166,Personal Loan,428052,7.78,240,2024-05-11,Approved,758.0,No
CUST02470,Vivaan Patel,61,Male,Delhi,Salaried,562885.0,LN002470,Home Loan,2143772,14.06,48,2023-07-11,Rejected,664.0,No
CUST01476,Neha Shah,51,Female,Chandigarh,Salaried,241240.0,LN001476,Home Loan,3346288,15.17,360,2025-06-02,Approved,673.0,No
CUST02305,Pooja Shah,51,Female,Jaipur,Self-employed,1180449.0,LN002305,Home Loan,4856572,18.34,180,2024-04-24,Rejected,631.0,No
CUST00136,Arjun Joshi,55,Female,Delhi,Salaried,1883377.0,LN000136,Gold Loan,236321,14.37,240,2025-03-03,Approved,668.0,No
CUST02976,Aarav Mishra,60,Female,Patna,Government Employee,431361.0,LN002976,Home Loan,2021728,11.42,120,2025-01-02,Approved,658.0,
CUST02815,Nikhil Agarwal,56,Female,Ahmedabad,Government Employee,928906.0,LN002815,Business Loan,1901700,9.27,36,2025-08-20,Approved,850.0,Yes
CUST01855,Aman Mehta,55,Male,Kolkata,Self-employed,2027143.0,LN001855,Business Loan,1697201,8.4,180,2024-12-23,Approved,770.0,Yes
CUST00327,Aarav Mehta,22,Female,Delhi,Self-employed,1580791.0,LN000327,Auto Loan,1567231,13.4,48,2023-11-02,Approved,759.0,No
CUST00319,Kavya Sharma,54,Male,Mumbai,Salaried,1340714.0,LN000319,Business Loan,340149,17.65,360,2025-09-04,Approved,726.0,No
CUST03341,Karan Yadav,54,Female,Indore,Self-employed,1350020.0,LN003341,Auto Loan,1196551,14.42,48,2025-07-01,Pending,665.0,No
CUST02098,Aarav Shah,28,Male,Bengaluru,Government Employee,448016.0,LN002098,Auto Loan,1737838,11.63,12,2025-05-07,Approved,645.0,Yes
CUST02575,Simran Joshi,31,Male,Pune,Salaried,1660694.0,LN002575,Personal Loan,363878,13.69,360,2023-02-28,Approved,717.0,No
CUST02501,Ananya Mehta,44,Male,Pune,Government Employee,990381.0,LN002501,Auto Loan,1328187,12.7,12,2025-05-03,Rejected,765.0,No
CUST02999,Neha Joshi,42,Female,Pune,Salaried,1113686.0,LN002999,Personal Loan,635813,14.72,120,2024-03-22,Rejected,626.0,No
CUST02731,Rahul Agarwal,45,Male,Indore,Salaried,1147281.0,LN002731,Education Loan,613876,11.8,24,2025-10-28,Approved,757.0,Yes
CUST00463,Isha Shah,56,Male,Bengaluru,Salaried,2419155.0,LN000463,Business Loan,2657681,9.64,48,2024-01-19,Approved,665.0,Yes
CUST01229,Vikram Yadav,53,Male,Varanasi,Salaried,1502058.0,LN001229,Auto Loan,239606,9.45,36,2024-06-13,Under Review,605.0,No
CUST02881,Arjun Das,37,Male,Pune,Salaried,2298283.0,LN002881,Gold Loan,706453,14.22,240,2024-12-08,Approved,680.0,No
CUST01372,Isha Jain,37,Female,Indore,Self-employed,2039448.0,LN001372,Gold Loan,118273,14.42,36,2024-07-07,Approved,737.0,No
CUST01493,Riya Kumar,59,Male,Mumbai,Self-employed,1026299.0,LN001493,Auto Loan,1091614,14.96,240,2023-03-18,Approved,727.0,No
CUST00648,Neha Joshi,58,Male,Delhi,Salaried,1851179.0,LN000648,Home Loan,3797439,17.83,360,2024-05-22,Rejected,698.0,Yes
CUST03054,Neha Roy,44,Male,Patna,Salaried,1470625.0,LN003054,Personal Loan,958836,15.84,12,2023-06-21,Rejected,605.0,No
CUST01834,Isha Sharma,60,Male,Lucknow,Self-employed,2496722.0,LN001834,Auto Loan,906553,14.93,180,2023-05-07,Rejected,607.0,No
CUST00860,Isha Yadav,27,Female,Bhopal,Self-employed,1062622.0,LN000860,Auto Loan,1059222,17.93,84,2025-09-27,Under Review,613.0,No
CUST02296,Aman Sharma,32,Female,Pune,Salaried,1431823.0,LN002296,Education Loan,1200143,17.13,48,2024-05-29,Rejected,786.0,No
CUST00692,Aman Jain,40,Male,Chandigarh,Salaried,2044273.0,LN000692,Education Loan,1172456,8.22,12,2023-03-04,Approved,651.0,No
CUST01464,Aarav Gupta,64,Male,Indore,Government Employee,,LN001464,Education Loan,335430,8.69,60,2025-09-15,Approved,741.0,No
CUST03324,Priya Mishra,62,Female,Kolkata,Salaried,1624871.0,LN003324,Personal Loan,943749,17.84,360,2024-07-28,Approved,750.0,No
CUST01582,Pooja Verma,32,Male,Kolkata,Salaried,1392572.0,LN001582,Home Loan,5891295,13.91,240,2025-02-12,Approved,661.0,No
CUST02029,Pooja Verma,47,Male,Varanasi,Government Employee,980473.0,LN002029,Home Loan,4880982,13.66,120,2023-10-31,Approved,738.0,No
CUST00217,Aditya Joshi,55,Female,Delhi,Business Owner,688816.0,LN000217,Home Loan,1817481,14.91,60,2025-05-17,Under Review,620.0,No
CUST03492,Sneha Mehta,46,Male,Delhi,Salaried,1545629.0,LN003492,Education Loan,1192906,7.63,60,2025-09-23,Pending,613.0,Yes
CUST01277,Arjun Patel,56,Female,Indore,Salaried,1779333.0,LN001277,Personal Loan,598524,14.12,84,2023-01-24,Approved,619.0,No
CUST00544,Rahul Mishra,25,Female,Chandigarh,Salaried,1305269.0,LN000544,Personal Loan,864294,7.99,120,2023-08-24,Approved,617.0,No
CUST02759,Karan Mehta,35,Female,Delhi,Self-employed,2221239.0,LN002759,Home Loan,4564087,7.82,84,2023-09-22,Approved,785.0,Yes
CUST02046,Arjun Singh,54,Male,Kolkata,Salaried,2355596.0,LN002046,Personal Loan,624738,13.11,12,2024-08-28,Under Review,644.0,Yes
CUST01489,Neha Singh,56,Male,Hyderabad,Self-employed,882240.0,LN001489,Personal Loan,521530,13.62,36,2025-07-17,Pending,769.0,No
CUST01683,Rohan Das,40,Female,Bengaluru,Business Owner,2598635.0,LN001683,Auto Loan,376218,12.33,48,2025-01-05,Rejected,612.0,Yes
CUST02487,Ananya Gupta,56,Male,Varanasi,Salaried,593647.0,LN002487,Auto Loan,1557651,9.14,360,2023-05-01,Rejected,711.0,No
CUST03004,Neha Yadav,58,Male,Ahmedabad,Business Owner,861965.0,LN003004,Home Loan,4767152,7.47,180,2023-06-17,Approved,774.0,No
CUST01986,Arjun Agarwal,45,Male,Bhopal,Salaried,972796.0,LN001986,Business Loan,2445697,9.02,240,2023-02-09,Approved,694.0,No
CUST01269,Rohan Shah,36,Male,Hyderabad,Business Owner,766014.0,LN001269,Education Loan,1318415,9.36,240,2024-02-22,Rejected,671.0,No
CUST02375,Ananya Kumar,35,Female,Chandigarh,Salaried,1425088.0,LN002375,Personal Loan,235718,8.7,120,2023-05-15,Approved,707.0,No
CUST00227,Ananya Jain,36,Male,Patna,Student,336204.0,LN000227,Business Loan,2997693,14.37,120,2024-08-15,Approved,617.0,No
CUST03221,Isha Patel,34,Female,Chennai,Self-employed,569484.0,LN003221,Home Loan,5242179,12.77,60,2025-10-23,Approved,515.0,No
CUST00554,Kavya Verma,45,Female,Kolkata,Salaried,1484140.0,LN000554,Personal Loan,698140,15.43,84,2024-04-26,Rejected,704.0,No
CUST00062,Neha Gupta,57,Male,Jaipur,Government Employee,564480.0,LN000062,Home Loan,5839937,15.77,360,2025-05-14,Approved,775.0,Yes
CUST01443,Nikhil Mehta,23,Male,Bengaluru,Student,475694.0,LN001443,Home Loan,1720363,12.39,120,2025-07-09,Approved,689.0,No
CUST03039,Pooja Sharma,22,Female,Ahmedabad,Government Employee,972263.0,LN003039,Personal Loan,991084,17.98,180,2024-09-15,Approved,653.0,No
CUST01733,Kavya Kumar,52,Female,Mumbai,Government Employee,1363319.0,LN001733,Business Loan,2214551,16.41,360,2023-02-08,Rejected,725.0,No
CUST02060,Aarav Joshi,52,Male,Varanasi,Self-employed,520920.0,LN002060,Education Loan,1442866,14.64,120,2024-01-17,Rejected,806.0,No
CUST02021,Kavya Mehta,29,Female,Chennai,Salaried,2452911.0,LN002021,Home Loan,2874311,17.3,84,2023-03-23,Approved,774.0,No
CUST02204,Isha Shah,60,Male,Jaipur,Salaried,1796900.0,LN002204,Auto Loan,1251963,14.43,84,2023-01-19,Pending,675.0,Yes
CUST03171,Sneha Mishra,63,Male,Kolkata,Salaried,980851.0,LN003171,Education Loan,1386581,7.15,240,2023-08-05,Approved,695.0,No
CUST03073,Nikhil Yadav,23,Female,Chandigarh,Student,257492.0,LN003073,Gold Loan,634356,15.66,180,2023-08-31,Approved,608.0,No
CUST01840,Sneha Agarwal,34,Female,Pune,Government Employee,1140490.0,LN001840,Home Loan,5152092,15.36,120,2025-03-31,Rejected,760.0,No
CUST03169,Arjun Verma,36,Male,Patna,Self-employed,1427823.0,LN003169,Gold Loan,180646,17.33,48,2023-03-20,Rejected,849.0,Yes
CUST02851,Simran Joshi,42,Male,Chennai,Self-employed,2040202.0,LN002851,Auto Loan,925951,13.29,60,2024-01-23,Approved,746.0,No
CUST00662,Nikhil Mehta,32,Male,Chandigarh,Business Owner,479164.0,LN000662,Business Loan,1153941,8.88,36,2023-09-28,Approved,653.0,No
CUST01636,Sneha Mehta,51,Female,Hyderabad,Salaried,2453098.0,LN001636,Auto Loan,683384,12.76,360,2025-01-11,Approved,682.0,Yes
CUST00349,Vikram Mehta,32,Female,Varanasi,Student,336486.0,LN000349,Gold Loan,600428,12.06,48,2023-06-21,Approved,639.0,
CUST01575,Ananya Agarwal,62,Female,Jaipur,Student,462340.0,LN001575,Home Loan,5215747,15.91,360,2025-10-30,Approved,678.0,No
CUST00298,Vivaan Yadav,41,Male,Chennai,Student,211198.0,LN000298,Home Loan,2414694,10.05,12,2025-10-26,Rejected,677.0,No
CUST02215,Aarav Singh,61,Male,Patna,Self-employed,2156448.0,LN002215,Auto Loan,788714,11.37,120,2023-12-02,Approved,676.0,No
CUST01881,Vikram Das,32,Female,Delhi,Salaried,1902813.0,LN001881,Education Loan,627376,10.04,180,2023-03-15,Rejected,747.0,No
CUST03093,Vivaan Patel,28,Female,Delhi,Government Employee,887854.0,LN003093,Auto Loan,908005,10.11,240,2023-04-09,Approved,607.0,No
CUST03426,Pooja Jain,29,Male,Ahmedabad,Salaried,1951545.0,LN003426,Auto Loan,972570,16.75,120,2023-01-11,Approved,824.0,No
CUST00205,Arjun Singh,60,Female,Chandigarh,Salaried,1110370.0,LN000205,Education Loan,788152,7.07,180,2023-07-07,Rejected,643.0,No
CUST01734,Aman Patel,54,,Kolkata,Salaried,434948.0,LN001734,Personal Loan,825578,15.16,12,2025-01-05,Approved,749.0,Yes
CUST00907,Riya Verma,65,Male,Hyderabad,Self-employed,1320002.0,LN000907,Auto Loan,1606098,17.26,180,2023-10-15,Approved,723.0,No
CUST00914,Nikhil Kumar,63,Female,Varanasi,Salaried,2318030.0,LN000914,Home Loan,4701359,9.92,12,2025-11-15,Approved,721.0,No
CUST02403,Aman Mishra,55,Male,Chandigarh,Self-employed,1390953.0,LN002403,Auto Loan,779966,16.51,120,2024-12-19,Rejected,635.0,No
CUST02235,Riya Patel,53,Male,Patna,Salaried,719010.0,LN002235,Home Loan,2218723,13.83,180,2024-12-11,Rejected,688.0,Yes
CUST02826,Nikhil Das,62,Female,Kolkata,,1020135.0,LN002826,Personal Loan,898231,7.65,240,2025-09-05,Under Review,624.0,No
CUST03468,Vivaan Jain,54,Male,Kolkata,,1188125.0,LN003468,Personal Loan,561183,16.67,60,2024-02-04,Under Review,584.0,No
CUST03240,Riya Mishra,55,Female,Patna,Self-employed,407140.0,LN003240,Auto Loan,868204,13.22,60,2025-02-28,Approved,733.0,No
CUST01034,Aarav Sharma,46,Female,Varanasi,Salaried,1318964.0,LN001034,Education Loan,177332,13.73,120,2024-02-15,Approved,769.0,No
CUST02059,Kavya Yadav,54,Male,Kolkata,Student,445734.0,LN002059,Business Loan,3101100,9.63,12,2024-07-18,Approved,716.0,No
CUST02654,Aarav Joshi,56,Male,Bhopal,Self-employed,1208275.0,LN002654,Education Loan,972360,12.79,84,2023-02-08,Approved,809.0,No
CUST01305,Aditya Das,27,Female,Chennai,Business Owner,2702503.0,LN001305,Personal Loan,290456,16.05,48,2025-07-15,Rejected,654.0,No
CUST01771,Meera Mishra,52,Female,Mumbai,Self-employed,1892698.0,LN001771,Gold Loan,750304,8.86,12,2025-06-27,Approved,704.0,No
CUST01234,Isha Mehta,39,Male,Varanasi,Business Owner,475427.0,LN001234,Home Loan,1727976,15.13,240,2025-09-02,Rejected,640.0,No
CUST03174,Riya Jain,52,Male,Kolkata,Salaried,2086684.0,LN003174,Education Loan,1205340,7.03,180,2023-04-04,Approved,632.0,No
CUST02604,Meera Jain,21,Male,Chandigarh,Salaried,377435.0,LN002604,Personal Loan,892295,13.13,48,2024-09-22,Approved,775.0,No
CUST02338,Rahul Yadav,34,Female,Hyderabad,Government Employee,601806.0,LN002338,Business Loan,1216035,12.14,240,2024-08-04,Rejected,843.0,No
CUST02476,Aman Joshi,55,Female,Ahmedabad,Salaried,2016797.0,LN002476,Business Loan,871631,12.84,120,2023-01-16,Rejected,761.0,No
CUST01586,Riya Kumar,63,Female,Kolkata,Salaried,2013059.0,LN001586,Home Loan,1944684,11.95,120,2024-06-02,Rejected,836.0,Yes
CUST01818,Karan Roy,63,Male,Chennai,Self-employed,2003991.0,LN001818,Auto Loan,1096883,11.1,240,2024-07-05,Approved,653.0,No
CUST03487,Riya Mehta,29,Male,Pune,Business Owner,2447327.0,LN003487,Auto Loan,1490023,8.45,84,2024-03-21,Approved,709.0,No
CUST02138,Aditya Roy,50,Female,Chandigarh,Salaried,283833.0,LN002138,Auto Loan,1697751,15.78,60,2023-05-02,Approved,758.0,No
CUST01592,Aditya Kumar,59,Male,Bengaluru,Government Employee,514816.0,LN001592,Personal Loan,840296,13.04,24,2023-03-24,Approved,750.0,Yes
CUST00122,Vivaan Das,36,Male,Hyderabad,Business Owner,2846459.0,LN000122,Gold Loan,703091,17.66,48,2025-02-27,Approved,702.0,No
CUST00657,Meera Verma,45,Male,Chandigarh,Salaried,1578705.0,LN000657,Business Loan,2910023,17.0,84,2023-06-20,Rejected,689.0,No
CUST01792,Isha Kumar,33,Female,Jaipur,Salaried,367922.0,LN001792,Personal Loan,817800,14.91,36,2023-05-20,Rejected,674.0,No
CUST02200,Priya Sharma,55,Female,Delhi,Salaried,2353834.0,LN002200,Education Loan,189643,17.95,180,2025-08-01,Rejected,636.0,No
CUST02108,Ananya Shah,22,Female,Patna,Salaried,1957485.0,LN002108,Personal Loan,251626,17.6,84,2024-01-06,Rejected,706.0,Yes
CUST01897,Rahul Patel,22,Female,Delhi,Salaried,1028098.0,LN001897,Personal Loan,654708,18.26,360,2024-05-03,Rejected,728.0,No
CUST01939,Aditya Das,50,Female,Hyderabad,Government Employee,592042.0,LN001939,Gold Loan,677030,8.27,84,2024-12-07,Approved,709.0,Yes
CUST00131,Karan Gupta,28,Male,Bhopal,Self-employed,2319980.0,LN000131,Auto Loan,1224168,11.86,120,2025-06-30,Approved,665.0,No
CUST01486,Rohan Verma,44,Female,Bhopal,Salaried,984491.0,LN001486,Business Loan,2233599,14.66,48,2025-03-01,Approved,526.0,No
CUST01723,Rahul Gupta,24,Male,Indore,Business Owner,1537660.0,LN001723,Home Loan,5087523,8.7,12,2025-06-17,Approved,741.0,Yes
CUST00134,Neha Yadav,21,Female,Chennai,Salaried,2315219.0,LN000134,Personal Loan,68073,13.91,120,2023-09-19,Rejected,761.0,No
CUST00001,Vivaan Patel,59,Female,Bhopal,Government Employee,559178.0,LN000001,Education Loan,832180,7.67,180,2025-05-21,Rejected,672.0,Yes
CUST02520,Meera Roy,41,Female,Ahmedabad,Self-employed,246091.0,LN002520,Business Loan,1876504,10.54,240,2024-11-13,Rejected,689.0,No
CUST00252,Karan Mehta,65,Male,Mumbai,Salaried,401552.0,LN000252,Business Loan,1218638,15.5,12,2023-03-10,Approved,790.0,No
CUST01070,Riya Patel,65,Female,Jaipur,Business Owner,1203369.0,LN001070,Personal Loan,575400,17.67,360,2025-12-26,Approved,699.0,No
CUST01888,Pooja Verma,61,,Chennai,Salaried,1116199.0,LN001888,Business Loan,1066481,14.35,48,2024-02-11,Approved,754.0,Yes
CUST00700,Arjun Yadav,39,Female,Pune,Salaried,2123571.0,LN000700,Gold Loan,711034,9.03,12,2025-08-07,Rejected,605.0,No
CUST02896,Vivaan Jain,58,Female,Jaipur,Self-employed,631207.0,LN002896,Gold Loan,117011,8.87,360,2023-09-16,Rejected,624.0,Yes
CUST00239,Aditya Sharma,26,Male,Delhi,Student,185942.0,LN000239,Home Loan,4503292,16.28,240,2024-08-04,Approved,658.0,No
CUST01436,Nikhil Roy,41,Male,Hyderabad,Self-employed,286500.0,LN001436,Auto Loan,451062,18.01,240,2025-03-22,Pending,523.0,No
CUST02371,Karan Jain,59,Female,Indore,Salaried,2381689.0,LN002371,Personal Loan,767792,12.58,12,2023-06-28,Approved,815.0,No
CUST02050,Vivaan Gupta,50,Male,Hyderabad,Self-employed,307744.0,LN002050,Auto Loan,1598560,8.7,24,2023-08-14,Approved,650.0,No
CUST00957,Rohan Joshi,39,Female,Pune,Government Employee,1138628.0,LN000957,Home Loan,3814445,9.34,360,2025-02-24,Pending,702.0,No
CUST01477,Sneha Singh,46,Male,Pune,Business Owner,2787082.0,LN001477,Auto Loan,1398779,14.58,360,2023-02-22,Approved,619.0,No
CUST01063,Isha Roy,53,Female,Mumbai,Salaried,1346530.0,LN001063,Personal Loan,781025,7.28,360,2023-10-17,Rejected,783.0,No
CUST02232,Arjun Yadav,27,Male,Patna,Government Employee,909619.0,LN002232,Education Loan,492623,8.2,120,2025-05-28,Rejected,800.0,No
CUST01954,Vikram Roy,54,Female,Ahmedabad,Salaried,1845771.0,LN001954,Personal Loan,374640,11.36,24,2023-01-30,Pending,642.0,No
CUST01904,Isha Jain,22,Male,Chandigarh,Government Employee,901845.0,LN001904,Auto Loan,824719,15.19,12,2024-09-08,Approved,704.0,Yes
CUST03075,Arjun Jain,24,Male,Chennai,Government Employee,1075392.0,LN003075,Personal Loan,278831,14.37,12,2024-08-28,Approved,796.0,No
CUST01879,Aarav Mishra,62,Female,Jaipur,Self-employed,286017.0,LN001879,Personal Loan,567634,9.72,36,2023-02-04,Approved,711.0,No
CUST02355,Priya Verma,36,Male,Jaipur,Government Employee,1022240.0,LN002355,Business Loan,1803598,7.11,24,2023-04-02,Approved,618.0,No
CUST00730,Kavya Patel,35,Male,Kolkata,Student,481317.0,LN000730,Education Loan,1080013,9.31,120,2025-12-12,Under Review,544.0,No
CUST01465,Meera Patel,52,Male,Varanasi,,825515.0,LN001465,Home Loan,2760315,9.16,84,2023-01-02,Approved,688.0,No
CUST01010,Aman Mehta,50,Male,Indore,Business Owner,1371120.0,LN001010,Auto Loan,1466557,14.58,12,2025-10-20,Approved,762.0,Yes
CUST00550,Kavya Shah,45,Male,Chennai,Self-employed,1674475.0,LN000550,Auto Loan,780826,15.86,84,2023-12-16,Approved,636.0,No
CUST01338,Vivaan Agarwal,55,Male,Chandigarh,Salaried,772633.0,LN001338,Business Loan,1506578,14.4,180,2025-09-18,Approved,739.0,No
CUST00970,Karan Jain,58,Male,Jaipur,Business Owner,567806.0,LN000970,Personal Loan,257526,18.01,36,2024-10-24,Rejected,717.0,No
CUST01360,Vikram Gupta,62,Male,Mumbai,Salaried,499346.0,LN001360,Auto Loan,1180350,17.8,240,2024-08-19,Rejected,667.0,No
CUST01725,Vivaan Patel,64,Male,Mumbai,Salaried,202319.0,LN001725,Home Loan,4555663,17.31,12,2025-04-16,Pending,710.0,No
CUST00111,Vivaan Singh,57,Male,Chennai,Government Employee,688076.0,LN000111,Personal Loan,670347,13.66,48,2023-05-10,Approved,810.0,No
CUST00160,Arjun Yadav,62,Female,Hyderabad,Government Employee,1037266.0,LN000160,Personal Loan,320143,9.14,12,2025-07-05,Rejected,601.0,Yes
CUST00610,Priya Mehta,58,Female,Delhi,Business Owner,1730657.0,LN000610,Personal Loan,323363,14.16,12,2025-10-30,Approved,781.0,No
CUST00916,Neha Agarwal,45,Male,Pune,Government Employee,927358.0,LN000916,Gold Loan,272785,7.13,360,2023-04-05,Pending,720.0,No
CUST00292,Arjun Sharma,61,Male,Chandigarh,Salaried,387609.0,LN000292,Auto Loan,433006,10.03,360,2023-10-03,Approved,615.0,No
CUST00746,Meera Mehta,40,Female,Chennai,Salaried,1305914.0,LN000746,Education Loan,1438853,9.93,36,2025-02-16,Rejected,699.0,No
CUST02986,Kavya Agarwal,65,Female,Jaipur,Business Owner,2335538.0,LN002986,Business Loan,2934052,14.21,36,2023-12-23,Approved,758.0,No
CUST00776,Vikram Roy,60,Male,Chennai,Salaried,1015863.0,LN000776,Home Loan,961686,11.33,60,2024-01-10,Rejected,662.0,No
CUST03431,Aman Singh,40,Male,Hyderabad,Self-employed,2057389.0,LN003431,Gold Loan,737664,17.71,12,2024-07-09,Rejected,637.0,No
CUST01716,Riya Yadav,43,Male,Chandigarh,Business Owner,1500815.0,LN001716,Personal Loan,405420,12.76,12,2023-12-17,Rejected,713.0,No
CUST00578,Isha Gupta,39,Female,Indore,Government Employee,897202.0,LN000578,Home Loan,4883372,18.4,180,2023-03-23,Approved,699.0,No
CUST01458,Isha Sharma,22,Male,Patna,Salaried,359869.0,LN001458,Education Loan,777772,17.44,180,2024-04-30,Approved,673.0,No
CUST00264,Kavya Jain,59,Female,Varanasi,Salaried,216413.0,LN000264,Business Loan,3248632,14.74,36,2024-06-24,Rejected,709.0,No
CUST01256,Aarav Das,45,Female,Indore,Salaried,1048800.0,LN001256,Education Loan,1355534,9.29,240,2025-06-19,Pending,735.0,No
CUST00303,Rohan Yadav,41,Male,Ahmedabad,Self-employed,1163667.0,LN000303,Home Loan,3165885,14.84,360,2023-09-07,Approved,612.0,No
CUST01772,Vikram Shah,64,Female,Patna,Salaried,2228423.0,LN001772,Personal Loan,685274,17.24,240,2025-08-11,Rejected,827.0,No
CUST01200,Rohan Kumar,51,Female,Pune,Government Employee,814507.0,LN001200,Personal Loan,182475,13.17,180,2025-02-21,Pending,705.0,No
CUST03078,Vivaan Sharma,32,Female,Jaipur,Salaried,837337.0,LN003078,Personal Loan,96828,10.88,180,2024-10-20,Approved,671.0,No
CUST00150,Priya Yadav,59,Female,Ahmedabad,Government Employee,606094.0,LN000150,Personal Loan,733404,9.54,180,2023-10-29,Rejected,632.0,No
CUST00815,Simran Das,38,Female,Chandigarh,Government Employee,793844.0,LN000815,Education Loan,113338,9.31,180,2023-02-10,Approved,624.0,No
CUST00072,Neha Patel,23,Female,Bengaluru,Salaried,256218.0,LN000072,Personal Loan,386199,8.2,60,2024-08-01,Pending,667.0,No
CUST02504,Kavya Agarwal,38,Female,Indore,Self-employed,784035.0,LN002504,Personal Loan,484475,17.78,360,2023-04-15,Approved,670.0,No
CUST00090,Neha Yadav,48,Female,Ahmedabad,Self-employed,2032610.0,LN000090,Gold Loan,338075,7.41,180,2025-08-12,Approved,637.0,No
CUST00118,Sneha Joshi,25,Male,Ahmedabad,,642785.0,LN000118,Gold Loan,549653,10.66,12,2024-11-18,Rejected,768.0,Yes
CUST01512,Arjun Mehta,42,Female,Kolkata,Salaried,664737.0,LN001512,Personal Loan,317204,9.9,48,2023-05-06,Rejected,619.0,No
CUST02370,Pooja Yadav,34,Male,Patna,Government Employee,1082752.0,LN002370,Personal Loan,486535,10.83,60,2023-09-17,Approved,688.0,No
CUST03142,Aarav Mehta,42,Female,Chennai,Salaried,787464.0,LN003142,Auto Loan,1572843,9.96,180,2025-09-14,Approved,738.0,No
CUST00460,Vivaan Mishra,36,Male,Patna,Self-employed,1003265.0,LN000460,Auto Loan,1192137,10.56,60,2024-02-01,Under Review,689.0,No
CUST02218,Isha Patel,28,Female,Varanasi,Salaried,1496027.0,LN002218,Personal Loan,941532,14.13,12,2024-05-10,Rejected,591.0,No
CUST03025,Kavya Agarwal,37,Female,Mumbai,Business Owner,2814756.0,LN003025,Home Loan,4125920,7.81,24,2025-06-03,Pending,562.0,No
CUST00242,Meera Jain,60,Male,Jaipur,Salaried,1033823.0,LN000242,Education Loan,1468722,11.56,360,2024-03-27,Rejected,614.0,No
CUST02747,Aditya Sharma,25,Female,Chandigarh,Salaried,531011.0,LN002747,Auto Loan,344240,13.81,84,2023-04-16,Approved,685.0,No
CUST00842,Neha Patel,33,Male,Pune,Salaried,2223493.0,LN000842,Home Loan,3186568,11.88,60,2023-05-22,Approved,840.0,No
CUST01938,Karan Shah,36,Female,Kolkata,Salaried,417401.0,LN001938,Personal Loan,513268,7.72,36,2023-07-14,Approved,658.0,No
CUST00745,Neha Das,38,Male,Patna,,1867164.0,LN000745,Personal Loan,746084,11.62,120,2024-04-23,Rejected,784.0,Yes
CUST02751,Rahul Gupta,60,Female,Delhi,Salaried,572712.0,LN002751,Home Loan,3056643,9.65,12,2025-07-29,Rejected,791.0,No
CUST02633,Aarav Agarwal,53,Female,Varanasi,Student,478428.0,LN002633,Home Loan,2964584,8.22,24,2023-04-24,Rejected,769.0,Yes
CUST02741,Kavya Yadav,63,Male,Chandigarh,Self-employed,1824739.0,LN002741,Education Loan,1460917,17.18,24,2023-07-27,Rejected,802.0,No
CUST02319,Aarav Agarwal,47,Male,Patna,Salaried,270902.0,LN002319,Auto Loan,377644,14.07,180,2024-05-10,Approved,850.0,
CUST02644,Vivaan Yadav,65,Male,Ahmedabad,Salaried,242653.0,LN002644,Home Loan,1760109,12.85,120,2023-04-16,Approved,634.0,No
CUST00786,Vikram Singh,29,Female,Mumbai,Salaried,975016.0,LN000786,Gold Loan,593118,17.17,180,2024-04-24,Rejected,686.0,No
CUST00497,Nikhil Mehta,38,Male,Bengaluru,Salaried,724653.0,LN000497,Personal Loan,443186,15.34,180,2023-03-16,Approved,617.0,Yes
CUST01866,Aditya Kumar,53,Male,Bengaluru,Student,138953.0,LN001866,Personal Loan,165864,10.95,48,2025-02-08,Approved,845.0,No
CUST01523,Simran Sharma,48,Male,Pune,Self-employed,1965887.0,LN001523,Gold Loan,643510,12.76,360,2024-08-27,Rejected,735.0,No
CUST00221,Riya Mehta,61,Male,Varanasi,Student,207265.0,LN000221,Personal Loan,608158,13.7,180,2024-01-28,Approved,702.0,No
CUST00405,Ananya Yadav,49,Female,Pune,Salaried,2323385.0,LN000405,Home Loan,3348600,14.67,36,2024-09-22,Rejected,773.0,No
CUST01361,Sneha Agarwal,60,Male,Mumbai,Self-employed,1709614.0,LN001361,Personal Loan,700475,7.91,60,2023-01-30,Approved,850.0,No
CUST02926,Aman Patel,39,Female,Chandigarh,Salaried,687824.0,LN002926,Home Loan,3130843,9.12,48,2024-02-08,Rejected,620.0,No
CUST00921,Rohan Gupta,37,Female,Bhopal,Self-employed,1374882.0,LN000921,Business Loan,2694712,16.5,360,2023-02-01,Approved,646.0,No
CUST03070,Rahul Roy,40,Male,Bengaluru,Government Employee,1163326.0,LN003070,Personal Loan,868055,17.03,24,2025-04-12,Rejected,795.0,No
CUST00985,Aditya Mishra,65,Female,Hyderabad,Salaried,1573440.0,LN000985,Auto Loan,549325,10.44,240,2024-01-31,Approved,731.0,No
CUST03090,Aarav Yadav,59,Female,Mumbai,Government Employee,559917.0,LN003090,Personal Loan,596622,16.04,36,2024-03-30,Approved,836.0,No
CUST01334,Kavya Roy,31,Female,Lucknow,Self-employed,2250949.0,LN001334,Personal Loan,180512,9.67,48,2023-12-21,Approved,766.0,No
CUST01916,Aman Kumar,49,Male,Patna,Self-employed,1865322.0,LN001916,Gold Loan,62199,11.44,48,2024-05-22,Approved,758.0,No
CUST00313,Kavya Singh,28,Female,Patna,Self-employed,356298.0,LN000313,Personal Loan,315702,17.74,36,2023-04-13,Rejected,716.0,No
CUST02556,Rohan Verma,25,Male,Bhopal,Salaried,2400015.0,LN002556,Education Loan,1467762,9.16,180,2023-05-16,Rejected,734.0,No
CUST02442,Aman Mehta,57,Female,Ahmedabad,Government Employee,980226.0,LN002442,Gold Loan,539842,14.42,60,2025-02-12,Rejected,687.0,No
CUST02458,Rahul Sharma,56,Female,Delhi,Self-employed,1696002.0,LN002458,Business Loan,702010,17.01,48,2023-01-25,Pending,662.0,Yes
CUST00678,Pooja Shah,55,Female,Patna,Self-employed,887161.0,LN000678,Home Loan,881147,10.66,240,2023-05-11,Approved,709.0,No
CUST03423,Arjun Gupta,53,Male,Jaipur,Self-employed,2135847.0,LN003423,Home Loan,3332013,17.31,48,2025-03-01,Approved,599.0,No
CUST00329,Simran Verma,47,Male,Ahmedabad,Self-employed,1056336.0,LN000329,Auto Loan,853803,10.72,180,2024-07-07,Approved,741.0,Yes
CUST01037,Aman Agarwal,23,Female,Patna,Government Employee,1260905.0,LN001037,Personal Loan,340318,16.35,180,2025-09-08,Approved,799.0,No
CUST02134,Meera Mishra,23,Male,Delhi,Salaried,1750992.0,LN002134,Gold Loan,556212,16.84,120,2025-03-28,Approved,664.0,No
CUST02132,Aman Das,59,Female,Chandigarh,Salaried,723606.0,LN002132,Home Loan,5599296,12.78,240,2025-12-04,Approved,778.0,No
CUST02255,Neha Das,47,Male,Jaipur,Salaried,1080804.0,LN002255,Auto Loan,1217945,17.06,24,2025-10-01,Under Review,605.0,No
CUST00104,Riya Joshi,61,Female,Patna,Salaried,1448300.0,LN000104,Home Loan,2685077,10.7,84,2025-05-20,Approved,661.0,No
CUST00735,Simran Sharma,64,Male,Hyderabad,Student,207687.0,LN000735,Auto Loan,550686,14.56,12,2023-07-24,Rejected,683.0,No
CUST01205,Priya Kumar,53,Male,Chennai,Business Owner,532508.0,LN001205,Home Loan,4319073,17.13,360,2025-01-03,Rejected,667.0,No
CUST00695,Vikram Patel,46,Male,Kolkata,Salaried,1683502.0,LN000695,Auto Loan,894700,7.23,24,2023-04-06,Approved,780.0,No
CUST00498,Meera Singh,42,Male,Chennai,Self-employed,1564819.0,LN000498,Personal Loan,898689,15.39,60,2025-04-25,Approved,728.0,No
CUST01341,Kavya Patel,44,Female,Indore,Self-employed,220149.0,LN001341,Personal Loan,210636,15.5,12,2025-09-16,Pending,708.0,No
CUST01166,Priya Roy,33,Male,Mumbai,Salaried,2089692.0,LN001166,Auto Loan,1281611,16.5,60,2023-12-07,Under Review,,No
CUST01349,Rohan Shah,48,Male,Lucknow,Salaried,1293664.0,LN001349,Business Loan,2556483,16.58,12,2024-09-19,Approved,850.0,Yes
CUST02376,Nikhil Mehta,27,Male,Mumbai,Government Employee,700084.0,LN002376,Home Loan,5923900,9.76,120,2023-08-26,Rejected,580.0,No
CUST01415,Nikhil Gupta,31,Female,Mumbai,Self-employed,1938490.0,LN001415,Personal Loan,673426,15.22,36,2025-07-06,Approved,639.0,No
CUST02709,Simran Shah,21,Male,Delhi,Self-employed,794438.0,LN002709,Home Loan,4576366,13.08,360,2025-08-26,Approved,740.0,Yes
CUST00347,Aarav Joshi,46,Female,Patna,Self-employed,2489608.0,LN000347,Business Loan,766589,17.53,48,2024-11-23,Approved,767.0,Yes
CUST01853,Aarav Yadav,43,Female,Bhopal,Government Employee,1183796.0,LN001853,Home Loan,3449000,10.72,60,2025-06-03,Pending,700.0,No
CUST02259,Vivaan Jain,56,Female,Indore,Self-employed,890442.0,LN002259,Auto Loan,415066,8.27,48,2024-04-19,Rejected,737.0,No
CUST02616,Vivaan Sharma,54,Female,Chennai,Salaried,1692011.0,LN002616,Gold Loan,438402,18.17,360,2023-05-05,Rejected,656.0,No
CUST02191,Aarav Roy,52,Female,Pune,Self-employed,2025046.0,LN002191,Gold Loan,414478,12.69,240,2025-02-13,Approved,746.0,No
CUST00515,Vikram Kumar,51,Male,Mumbai,Student,402986.0,LN000515,Home Loan,4044699,17.26,120,2024-02-26,Approved,768.0,Yes
CUST01029,Rahul Kumar,23,Female,Indore,Salaried,357248.0,LN001029,Home Loan,4884396,8.82,180,2023-01-29,Approved,753.0,No
CUST00865,Karan Singh,45,Female,Varanasi,Government Employee,986860.0,LN000865,Education Loan,447786,11.53,48,2025-05-14,Approved,688.0,Yes
CUST02940,Sneha Mishra,34,Male,Jaipur,Self-employed,1732891.0,LN002940,Home Loan,4568275,13.26,84,2025-08-26,Rejected,729.0,Yes
CUST01227,Aarav Kumar,42,Male,Hyderabad,Salaried,508905.0,LN001227,Personal Loan,915011,18.08,240,2024-02-04,Rejected,659.0,No
CUST02863,Vivaan Verma,23,Female,Kolkata,Business Owner,2237948.0,LN002863,Gold Loan,638844,17.93,60,2024-05-30,Approved,773.0,No
CUST03065,Nikhil Das,43,Male,Varanasi,Salaried,509063.0,LN003065,Business Loan,2053449,8.95,120,2025-03-10,Rejected,588.0,No
CUST00564,Priya Sharma,42,Male,Pune,Business Owner,2345909.0,LN000564,Gold Loan,682529,11.65,24,2024-08-01,Rejected,711.0,No
CUST02998,Nikhil Verma,27,Male,Delhi,Salaried,1156435.0,LN002998,Home Loan,1676263,14.59,48,2023-05-07,Approved,678.0,No
CUST02420,Sneha Sharma,49,Male,Hyderabad,Salaried,1552669.0,LN002420,Business Loan,3867548,15.62,180,2024-07-13,Rejected,775.0,No
CUST01012,Aditya Yadav,62,Female,Hyderabad,Salaried,721689.0,LN001012,Personal Loan,168278,15.0,120,2024-01-11,Rejected,634.0,No
CUST01304,Riya Sharma,35,Female,Kolkata,Business Owner,730492.0,LN001304,Personal Loan,296393,10.9,84,2024-10-22,Approved,,Yes
CUST00891,Arjun Kumar,39,Female,Bengaluru,Student,361421.0,LN000891,Business Loan,2761985,8.51,36,2024-11-16,Rejected,572.0,Yes
CUST03192,Isha Shah,28,Female,Jaipur,Government Employee,686708.0,LN003192,Personal Loan,600706,10.1,240,2023-09-15,Rejected,611.0,No
CUST01262,Nikhil Jain,27,Female,Chandigarh,Self-employed,1804272.0,LN001262,Auto Loan,491293,9.5,360,2024-01-29,Rejected,691.0,No
CUST02732,Vivaan Gupta,59,Male,Varanasi,Self-employed,1546661.0,LN002732,Business Loan,1944250,7.54,12,2024-10-31,Under Review,637.0,Yes
CUST00633,Vikram Jain,22,Female,Bengaluru,Self-employed,1532935.0,LN000633,Home Loan,5893878,11.12,120,2024-09-17,Pending,648.0,No
CUST00195,Meera Verma,58,Female,Ahmedabad,Self-employed,1758608.0,LN000195,Home Loan,1628791,8.56,360,2023-12-29,Approved,692.0,No
CUST00514,Sneha Mishra,48,Male,Indore,Government Employee,1193150.0,LN000514,Personal Loan,264560,16.55,60,2025-11-12,Pending,729.0,No
CUST01639,Priya Gupta,26,Female,Ahmedabad,Self-employed,2225932.0,LN001639,Gold Loan,68665,9.19,180,2025-05-08,Under Review,572.0,No
CUST01456,Neha Das,48,Male,Chandigarh,Self-employed,2190630.0,LN001456,Gold Loan,365795,16.32,360,2023-08-20,Rejected,710.0,No
CUST00210,Ananya Sharma,24,Male,Lucknow,Salaried,516907.0,LN000210,Personal Loan,455453,17.14,180,2023-12-20,Approved,782.0,No
CUST01187,Vikram Kumar,63,Female,Indore,Student,468431.0,LN001187,Personal Loan,442278,14.09,24,2025-09-10,Rejected,641.0,No
CUST00636,Aarav Singh,32,Male,Jaipur,Salaried,872019.0,LN000636,Personal Loan,441776,9.54,120,2025-09-09,Pending,638.0,No
CUST03087,Kavya Joshi,28,Female,Hyderabad,Salaried,1810995.0,LN003087,Education Loan,1059891,9.05,360,2023-01-16,Approved,653.0,No
CUST03244,Aditya Yadav,48,Male,Kolkata,Student,134963.0,LN003244,Home Loan,2857940,10.62,12,2024-01-04,Pending,672.0,No
CUST00088,Aditya Gupta,63,Female,Delhi,Salaried,1206553.0,LN000088,Education Loan,218533,16.21,84,2025-12-06,Approved,673.0,No
CUST01370,Rohan Shah,65,Male,Bhopal,Salaried,915712.0,LN001370,Business Loan,3736258,13.56,48,2025-04-23,Approved,694.0,No
CUST03120,Nikhil Mehta,55,Female,Kolkata,Self-employed,2019520.0,LN003120,Auto Loan,420473,10.38,240,2023-05-14,Approved,619.0,No
CUST03485,Priya Das,50,Male,Delhi,Salaried,348333.0,LN003485,Home Loan,3956628,11.32,120,2024-03-18,Approved,682.0,No
CUST02958,Karan Shah,58,Male,Mumbai,Salaried,2366172.0,LN002958,Business Loan,2282864,16.69,48,2025-03-28,Approved,775.0,No
CUST00191,Rahul Shah,60,Male,Kolkata,Government Employee,549768.0,LN000191,Personal Loan,560370,11.59,60,2024-07-27,Rejected,627.0,No
CUST00179,Meera Joshi,40,Female,Bhopal,Salaried,643001.0,LN000179,Gold Loan,103909,17.47,360,2023-10-11,Approved,657.0,No
CUST02605,Riya Patel,59,Male,Hyderabad,Salaried,240644.0,LN002605,Business Loan,2073652,14.33,360,2025-10-26,Rejected,652.0,No
CUST02589,Vikram Yadav,61,Male,Chennai,Salaried,1027696.0,LN002589,Personal Loan,694338,18.11,12,2023-02-25,Approved,794.0,No
CUST02024,Sneha Singh,52,Male,Mumbai,Salaried,2124104.0,LN002024,Gold Loan,512825,17.09,360,2023-06-13,Rejected,639.0,No
CUST02104,Neha Das,27,Female,Chandigarh,Salaried,852326.0,LN002104,Auto Loan,862839,18.2,24,2023-12-17,Rejected,641.0,No
CUST03332,Meera Jain,46,Male,Patna,Salaried,1095698.0,LN003332,Education Loan,815110,16.62,36,2024-05-01,Approved,610.0,No
CUST03263,Karan Mehta,33,Female,Mumbai,Government Employee,575677.0,LN003263,Home Loan,4418424,10.45,360,2025-02-21,Rejected,756.0,No
CUST02793,Neha Patel,55,Male,Chennai,Salaried,2494469.0,LN002793,Gold Loan,306163,15.89,84,2025-07-23,Rejected,761.0,No
CUST01129,Rohan Das,25,Male,Jaipur,Salaried,2485129.0,LN001129,Home Loan,878944,9.18,48,2025-01-18,Approved,640.0,No
CUST01813,Aditya Sharma,28,Male,Kolkata,Self-employed,1659800.0,LN001813,Business Loan,735033,13.28,84,2023-05-08,Approved,695.0,Yes
CUST02560,Vivaan Das,33,Female,Ahmedabad,Salaried,2155456.0,LN002560,Auto Loan,760533,12.54,12,2024-09-11,Rejected,732.0,No
CUST03131,Aarav Roy,22,Female,Chennai,Salaried,2068290.0,LN003131,Gold Loan,361279,11.43,360,2024-06-20,Pending,629.0,Yes
CUST03219,Simran Shah,35,Female,Bhopal,Student,148878.0,LN003219,Gold Loan,261203,16.94,180,2023-06-17,Pending,633.0,No
CUST01753,Neha Agarwal,47,Female,Varanasi,Salaried,1117116.0,LN001753,Personal Loan,441329,16.52,360,2025-11-25,Approved,779.0,No
CUST00472,Karan Verma,46,Male,Chandigarh,Salaried,2245331.0,LN000472,Home Loan,2893333,10.19,24,2024-05-05,Rejected,717.0,No
CUST00399,Nikhil Yadav,23,Female,Patna,Self-employed,1969639.0,LN000399,Business Loan,2716500,13.26,180,2025-04-01,Rejected,565.0,No
CUST00036,Rahul Shah,58,Male,Bengaluru,Student,133807.0,LN000036,Business Loan,2349365,16.35,120,2023-08-05,Approved,708.0,No
CUST02254,Kavya Das,44,Male,Kolkata,Government Employee,443915.0,LN002254,Personal Loan,428102,15.57,84,2024-10-03,Approved,738.0,No
CUST02657,Nikhil Gupta,38,Male,Chandigarh,Salaried,1707794.0,LN002657,Home Loan,4908813,11.92,12,2024-11-18,Rejected,829.0,No
CUST00253,Nikhil Yadav,23,Male,Pune,Salaried,1967040.0,LN000253,Auto Loan,555841,17.18,36,2023-11-15,Rejected,579.0,No
CUST02656,Kavya Shah,35,Male,Mumbai,Salaried,2304834.0,LN002656,Personal Loan,155446,10.63,120,2023-06-14,Rejected,657.0,
CUST01068,Rahul Yadav,60,Male,Indore,Government Employee,811801.0,LN001068,Auto Loan,267616,11.36,180,2024-08-14,Approved,532.0,No
CUST01286,Kavya Sharma,23,Female,Hyderabad,Self-employed,964118.0,LN001286,Education Loan,319778,9.94,180,2025-12-13,Pending,765.0,No
CUST02478,Neha Patel,59,Male,Patna,Salaried,291895.0,LN002478,Home Loan,2619893,7.09,180,2025-11-11,Approved,642.0,No
CUST02941,Sneha Agarwal,25,Female,Delhi,Salaried,2446687.0,LN002941,Auto Loan,667205,15.67,36,2023-01-05,Rejected,752.0,Yes
CUST01876,Ananya Kumar,31,Female,Kolkata,Self-employed,1768661.0,LN001876,Auto Loan,1548131,17.23,12,2024-09-06,Rejected,599.0,No
CUST00229,Vikram Sharma,47,Male,Hyderabad,Salaried,1989858.0,LN000229,Business Loan,2201740,11.58,24,2023-05-09,Approved,663.0,Yes
CUST01749,Kavya Mishra,61,Female,Jaipur,,503877.0,LN001749,Personal Loan,112976,13.25,360,2023-07-28,Rejected,631.0,Yes
CUST03484,Pooja Patel,31,Female,Mumbai,Salaried,307757.0,LN003484,Home Loan,2787326,13.02,360,2025-01-27,Pending,672.0,No
CUST01645,Arjun Shah,53,Male,Mumbai,Salaried,527983.0,LN001645,Personal Loan,287406,12.39,84,2023-09-06,Rejected,676.0,No
CUST00738,Aditya Roy,64,Female,Delhi,Salaried,302537.0,LN000738,Home Loan,2021793,17.45,24,2023-10-02,Approved,691.0,No
CUST03348,Karan Kumar,41,Female,Mumbai,Business Owner,1932491.0,LN003348,Education Loan,1449240,7.13,120,2024-04-20,Approved,744.0,No
CUST01610,Neha Yadav,36,Female,Delhi,Government Employee,935154.0,LN001610,Personal Loan,794770,10.68,180,2025-12-22,Under Review,553.0,No
CUST02776,Vikram Joshi,27,Male,Jaipur,Business Owner,,LN002776,Home Loan,5175318,14.29,12,2025-11-16,Approved,820.0,No
CUST02367,Kavya Das,35,Male,Bengaluru,Self-employed,379257.0,LN002367,Personal Loan,747940,17.79,12,2025-10-14,Rejected,731.0,Yes
CUST00630,Ananya Jain,63,Female,Lucknow,Self-employed,661809.0,LN000630,Personal Loan,819606,15.37,60,2023-03-17,Pending,691.0,Yes
CUST00926,Simran Das,35,Female,Bengaluru,Salaried,1200576.0,LN000926,Personal Loan,471626,10.86,120,2025-10-22,Pending,683.0,No
CUST02942,Vivaan Das,50,Female,Patna,Self-employed,202312.0,LN002942,Personal Loan,304734,13.86,12,2023-09-28,Rejected,722.0,Yes
CUST01020,Meera Singh,42,Male,Ahmedabad,Business Owner,1683813.0,LN001020,Auto Loan,1553400,15.3,240,2025-08-15,Approved,799.0,No
CUST03389,Aman Sharma,57,Male,Mumbai,Business Owner,3189209.0,LN003389,Personal Loan,505799,15.4,48,2023-01-19,Approved,737.0,No
CUST02083,Ananya Gupta,49,Male,Kolkata,Business Owner,2541641.0,LN002083,Home Loan,3886933,14.01,36,2024-11-08,Rejected,721.0,No
CUST01787,Simran Sharma,44,Female,Indore,Self-employed,2286055.0,LN001787,Personal Loan,127261,8.91,180,2025-05-17,Approved,762.0,No
CUST02124,Vikram Joshi,25,Female,Varanasi,Self-employed,1530574.0,LN002124,Home Loan,872207,14.01,360,2023-08-19,Approved,,No
CUST02222,Isha Kumar,21,Male,Bengaluru,Salaried,2217074.0,LN002222,Education Loan,1289681,12.68,360,2025-11-06,Rejected,761.0,No
CUST01076,Vivaan Joshi,29,Male,Pune,Self-employed,1968809.0,LN001076,Personal Loan,567086,14.58,48,2025-04-12,Approved,664.0,No
CUST02950,Arjun Yadav,49,Female,Indore,Salaried,2049203.0,LN002950,Home Loan,4172877,9.68,48,2025-10-10,Rejected,754.0,No
CUST03322,Kavya Roy,36,Male,Ahmedabad,Student,266917.0,LN003322,Education Loan,800737,13.64,60,2025-07-19,Pending,704.0,No
CUST03354,Aman Jain,51,Female,Bhopal,Business Owner,1727088.0,LN003354,Education Loan,970531,17.18,360,2025-06-17,Pending,598.0,Yes
CUST03438,Rohan Singh,63,Male,Bengaluru,Salaried,869757.0,LN003438,Home Loan,5959320,7.24,120,2025-05-21,Approved,721.0,Yes
CUST02796,Sneha Roy,42,Male,Chandigarh,Self-employed,1592876.0,LN002796,Home Loan,3648652,17.1,36,2025-08-17,Approved,767.0,Yes
CUST01245,Riya Joshi,58,Male,Bengaluru,Self-employed,2243049.0,LN001245,Personal Loan,903283,7.71,36,2023-05-25,Approved,733.0,No
CUST03392,Nikhil Mehta,23,Female,Pune,Student,413071.0,LN003392,Home Loan,2766426,13.19,180,2024-10-08,Approved,756.0,No
CUST00509,Aman Sharma,59,Female,Delhi,Self-employed,2458701.0,LN000509,Personal Loan,102021,11.17,12,2023-11-04,Rejected,665.0,Yes
CUST00711,Kavya Mehta,34,Female,Indore,Business Owner,1896608.0,LN000711,Education Loan,1151636,12.29,120,2024-06-19,Under Review,631.0,No
CUST03273,Meera Verma,23,Male,Hyderabad,Student,185777.0,LN003273,Personal Loan,829190,13.44,12,2025-10-22,Pending,727.0,No
CUST00608,Rohan Roy,37,Male,Delhi,Government Employee,921029.0,LN000608,Gold Loan,390354,8.21,24,2024-03-15,Pending,577.0,No
CUST00388,Vikram Shah,60,Male,Mumbai,Salaried,1571579.0,LN000388,Education Loan,1067241,12.78,12,2024-06-18,Under Review,654.0,Yes
CUST00868,Aditya Jain,50,Male,Ahmedabad,Salaried,937902.0,LN000868,Business Loan,666099,16.13,360,2023-02-15,Rejected,824.0,Yes
CUST02800,Simran Shah,35,Female,Varanasi,Student,302979.0,LN002800,Home Loan,3957022,17.25,12,2025-09-12,Approved,671.0,No
CUST00912,Aman Kumar,38,Male,Kolkata,Government Employee,1169530.0,LN000912,Gold Loan,91291,11.41,48,2024-10-02,Approved,745.0,No
CUST01922,Ananya Patel,21,Male,Pune,Self-employed,,LN001922,Personal Loan,418733,11.27,36,2024-04-13,Approved,646.0,No
CUST00149,Aditya Agarwal,45,Female,Bhopal,Salaried,1413741.0,LN000149,Personal Loan,679720,17.68,36,2024-11-16,Approved,651.0,Yes
CUST00754,Neha Verma,42,Female,Chennai,Government Employee,1349520.0,LN000754,Home Loan,1626278,16.55,84,2025-02-02,Approved,757.0,No
CUST02451,Aman Kumar,57,Female,Jaipur,Salaried,1622019.0,LN002451,Business Loan,2938651,7.58,60,2023-10-18,Pending,582.0,No
CUST01274,Sneha Roy,46,Female,Ahmedabad,Salaried,2400883.0,LN001274,Home Loan,4625040,11.39,12,2024-09-26,Approved,724.0,No
CUST00341,Simran Yadav,32,Female,Ahmedabad,Business Owner,2069771.0,LN000341,Personal Loan,936388,17.63,240,2024-01-16,Approved,819.0,No
CUST03205,Vikram Mishra,34,Female,Chandigarh,Salaried,636501.0,LN003205,Personal Loan,756470,9.8,12,2025-02-05,Approved,654.0,No
CUST03036,Arjun Kumar,31,Male,Varanasi,Business Owner,1246248.0,LN003036,Personal Loan,786108,18.37,48,2024-05-23,Approved,719.0,No
CUST02249,Nikhil Shah,53,Male,Chandigarh,Student,474336.0,LN002249,Personal Loan,567088,13.18,48,2023-10-13,Rejected,647.0,No
CUST01116,Vivaan Sharma,37,Male,Pune,Salaried,2430185.0,LN001116,Home Loan,3708941,15.79,12,2025-08-15,Approved,617.0,No
CUST02781,Aditya Jain,44,Female,Chennai,,1349208.0,LN002781,Home Loan,3770353,9.28,48,2025-08-11,Approved,586.0,No
CUST00541,Kavya Sharma,56,Male,Chennai,Salaried,1769804.0,LN000541,Home Loan,5815551,16.86,240,2024-10-07,Approved,754.0,Yes
CUST02740,Neha Agarwal,62,Male,Mumbai,Salaried,1228739.0,LN002740,Gold Loan,118998,11.15,24,2025-03-11,Approved,737.0,Yes
CUST01467,Rahul Kumar,46,Female,Kolkata,Salaried,1460407.0,LN001467,Home Loan,4364780,12.91,360,2024-07-31,Approved,736.0,Yes
CUST02658,Arjun Roy,55,Female,Bhopal,Self-employed,2082518.0,LN002658,Home Loan,3946986,7.28,240,2024-12-06,Approved,629.0,No
CUST00706,Simran Agarwal,57,Male,Kolkata,Salaried,452667.0,LN000706,Gold Loan,588057,9.45,84,2024-09-23,Pending,623.0,Yes
CUST00956,Nikhil Mishra,23,Male,Bengaluru,Self-employed,888074.0,LN000956,Auto Loan,305161,14.96,360,2025-01-10,Rejected,714.0,No
CUST00281,Vivaan Kumar,34,Male,Kolkata,Salaried,1564822.0,LN000281,Home Loan,2749902,18.05,36,2023-03-31,Approved,721.0,Yes
CUST02459,Nikhil Das,23,Female,Mumbai,Self-employed,1497413.0,LN002459,Education Loan,441094,,36,2023-07-07,Pending,456.0,No
CUST00511,Ananya Patel,31,Male,Indore,Self-employed,958928.0,LN000511,Home Loan,2451722,11.85,120,2025-04-03,Approved,580.0,
CUST02650,Simran Mishra,49,Male,Jaipur,Government Employee,893310.0,LN002650,Auto Loan,1286740,7.67,240,2023-06-07,Rejected,787.0,No
CUST01593,Rohan Gupta,47,Male,Chennai,Salaried,1243892.0,LN001593,Gold Loan,799088,9.85,48,2025-12-25,Approved,850.0,No
CUST02606,Aman Das,27,Female,Ahmedabad,Student,498237.0,LN002606,Home Loan,3632809,10.51,180,2025-11-04,Rejected,749.0,No
CUST01515,Neha Gupta,47,Male,Ahmedabad,Business Owner,2446001.0,LN001515,Education Loan,299948,14.89,180,2024-12-15,Rejected,694.0,No
CUST00688,Rohan Yadav,63,Female,Jaipur,Government Employee,1009038.0,LN000688,Home Loan,1681037,17.21,48,2024-06-29,Pending,692.0,No
CUST00336,Aarav Joshi,64,Female,Chennai,Salaried,777578.0,LN000336,Business Loan,1295893,12.11,84,2024-06-11,Rejected,850.0,No
CUST00643,Sneha Joshi,29,Male,Bengaluru,Government Employee,1416521.0,LN000643,Personal Loan,215301,14.92,180,2024-06-27,Approved,645.0,No
CUST02363,Simran Das,31,Male,Patna,Government Employee,655239.0,LN002363,Business Loan,1818903,12.9,36,2025-02-24,Approved,678.0,No
CUST02028,Arjun Shah,47,Male,Bengaluru,,336456.0,LN002028,Auto Loan,1021480,12.66,12,2024-06-01,Pending,730.0,No
CUST00783,Rahul Singh,49,Female,Pune,Self-employed,1716377.0,LN000783,Personal Loan,100151,8.45,36,2025-01-17,Approved,647.0,Yes
CUST03129,Isha Das,43,Male,Bhopal,Student,226973.0,LN003129,Personal Loan,87473,15.73,120,2024-12-09,Pending,549.0,Yes
CUST03447,Karan Yadav,43,Female,Delhi,Salaried,,LN003447,Business Loan,3562938,7.32,120,2023-03-15,Pending,692.0,Yes
CUST00622,Isha Mishra,33,Male,Ahmedabad,Salaried,848795.0,LN000622,Gold Loan,123631,15.6,24,2024-07-05,Approved,688.0,No
CUST03318,Sneha Gupta,65,Male,Chandigarh,Salaried,1538161.0,LN003318,Personal Loan,919166,8.64,84,2024-08-07,Rejected,831.0,Yes
CUST02141,Nikhil Joshi,24,Female,Hyderabad,Salaried,700910.0,LN002141,Home Loan,5433947,12.76,360,2025-11-27,Approved,630.0,Yes
CUST00835,Aditya Mehta,53,Male,Bengaluru,Salaried,966872.0,LN000835,Personal Loan,697779,11.2,12,2023-01-06,Approved,,No
CUST02641,Ananya Joshi,47,Female,Lucknow,Student,412552.0,LN002641,Home Loan,3524308,9.15,240,2024-08-22,Approved,826.0,No
CUST03489,Aman Sharma,57,Male,Patna,Self-employed,1426406.0,LN003489,Home Loan,4554449,17.41,12,2024-05-18,Rejected,767.0,No
CUST02044,Vikram Mehta,49,Female,Patna,Business Owner,2095635.0,LN002044,Auto Loan,597955,16.81,360,2024-05-21,Approved,711.0,No
CUST01451,Karan Verma,49,Female,Delhi,Self-employed,2222249.0,LN001451,Home Loan,3738563,14.68,48,2024-12-07,Pending,632.0,No
CUST00395,Riya Das,60,Female,Patna,Salaried,299392.0,LN000395,Home Loan,3677668,9.82,180,2025-04-15,Pending,666.0,Yes
CUST00846,Neha Mishra,29,Male,Delhi,Self-employed,984406.0,LN000846,Auto Loan,1451566,10.15,120,2023-06-26,Approved,745.0,No
CUST02624,Karan Shah,32,Female,Lucknow,Self-employed,1144318.0,LN002624,Personal Loan,692751,15.33,120,2023-10-28,Approved,647.0,No
CUST02622,Ananya Yadav,46,Male,Chennai,Government Employee,1257602.0,LN002622,Personal Loan,345008,17.1,84,2024-10-29,Rejected,703.0,No
CUST03388,Meera Yadav,35,Female,Bengaluru,Business Owner,1246269.0,LN003388,Personal Loan,230170,16.77,180,2023-12-25,Approved,770.0,No
CUST02784,Ananya Roy,61,Female,Bengaluru,Salaried,1557682.0,LN002784,Personal Loan,547014,14.49,24,2024-11-23,Approved,786.0,Yes
CUST03377,Vivaan Mishra,29,Female,Ahmedabad,Salaried,2242827.0,LN003377,Personal Loan,231691,15.82,48,2024-05-30,Approved,646.0,Yes
CUST01762,Sneha Joshi,57,Male,Delhi,Salaried,277186.0,LN001762,Home Loan,4563328,15.41,12,2025-11-09,Rejected,573.0,Yes
CUST02328,Aditya Verma,32,Male,Jaipur,Salaried,464285.0,LN002328,Gold Loan,333772,14.06,48,2025-04-10,Approved,751.0,No
CUST00338,Priya Singh,39,Female,Hyderabad,Business Owner,537900.0,LN000338,Business Loan,3951468,7.3,84,2023-02-21,Approved,796.0,Yes
CUST02276,Sneha Roy,22,Male,Hyderabad,Business Owner,886814.0,LN002276,Home Loan,4165192,14.87,12,2023-05-13,Approved,712.0,No
CUST02057,Pooja Sharma,60,Male,Kolkata,Government Employee,1315590.0,LN002057,Auto Loan,458067,16.19,120,2024-12-10,Rejected,743.0,No
CUST01110,Aman Gupta,36,Male,Varanasi,Salaried,534489.0,LN001110,Personal Loan,294361,9.1,24,2025-03-25,Pending,680.0,No
CUST03276,Karan Verma,23,Male,Bhopal,Salaried,626095.0,LN003276,Personal Loan,468057,10.6,60,2025-03-03,Approved,687.0,No
CUST00294,Karan Singh,59,Female,Chandigarh,Student,431793.0,LN000294,Personal Loan,739245,12.47,60,2024-08-28,Approved,703.0,No
CUST02117,Ananya Das,58,,Pune,Salaried,1633235.0,LN002117,Personal Loan,994458,13.92,240,2023-02-06,Pending,630.0,No
CUST02206,Aditya Mehta,43,Male,Mumbai,Salaried,1714818.0,LN002206,Auto Loan,548494,14.79,360,2023-10-05,Rejected,850.0,No
CUST03278,Vivaan Gupta,56,Male,Hyderabad,Student,205407.0,LN003278,Auto Loan,1573771,7.62,36,2025-04-11,Approved,794.0,No
CUST03399,Sneha Patel,41,Female,Bengaluru,Self-employed,949948.0,LN003399,Auto Loan,308037,13.8,240,2025-09-22,Approved,743.0,No
CUST02073,Nikhil Jain,64,Female,Pune,Salaried,905085.0,LN002073,Personal Loan,301897,7.69,360,2024-02-01,Approved,727.0,No
CUST02682,Arjun Patel,60,Male,Ahmedabad,Student,252393.0,LN002682,Gold Loan,95972,14.77,24,2024-01-30,Approved,705.0,Yes
CUST00471,Vivaan Mehta,26,Male,Mumbai,Self-employed,478818.0,LN000471,Gold Loan,772969,10.96,360,2025-03-20,Rejected,762.0,No
CUST00558,Rahul Agarwal,64,Male,Pune,Self-employed,1441402.0,LN000558,Home Loan,4640507,14.08,240,2023-03-18,Rejected,642.0,No
CUST02039,Isha Singh,38,Male,Kolkata,Self-employed,1240919.0,LN002039,Education Loan,217658,15.58,180,2024-12-05,Under Review,649.0,Yes
CUST02342,Neha Patel,58,Male,Bengaluru,Business Owner,579685.0,LN002342,Personal Loan,849536,11.46,180,2024-08-22,Pending,640.0,No
CUST02821,Karan Gupta,44,Female,Delhi,Salaried,1561844.0,LN002821,Business Loan,3668186,9.24,48,2023-04-28,Approved,755.0,No
CUST03351,Rahul Kumar,48,Male,Kolkata,Student,149563.0,LN003351,Personal Loan,717226,10.94,120,2025-12-15,Approved,652.0,No
CUST01263,Aman Gupta,57,Male,Patna,Salaried,422225.0,LN001263,Education Loan,308222,17.55,180,2025-02-20,Approved,809.0,No
CUST03432,Pooja Patel,51,Male,Chennai,Salaried,1317412.0,LN003432,Business Loan,1775008,14.79,120,2024-12-30,Approved,765.0,Yes
CUST01023,Rohan Mehta,22,Male,Jaipur,Salaried,401538.0,LN001023,Auto Loan,1723846,12.38,24,2024-06-10,Rejected,649.0,No
CUST00121,Sneha Kumar,28,Male,Ahmedabad,Business Owner,1902025.0,LN000121,Education Loan,325049,12.48,120,2024-05-12,Pending,567.0,No
CUST00906,Vikram Mishra,50,Male,Ahmedabad,Business Owner,2029494.0,LN000906,Home Loan,5272245,17.14,120,2023-08-27,Rejected,670.0,No
CUST01307,Priya Gupta,34,Male,Lucknow,Business Owner,3138279.0,LN001307,Gold Loan,172850,9.08,60,2025-06-04,Under Review,677.0,No
CUST01389,Nikhil Roy,25,Female,Ahmedabad,Self-employed,1740548.0,LN001389,Business Loan,1158463,11.23,12,2024-09-27,Approved,671.0,No
CUST01335,Isha Yadav,52,Female,Hyderabad,Salaried,1240531.0,LN001335,Personal Loan,510372,17.39,180,2024-03-05,Rejected,666.0,No
CUST02559,Vivaan Joshi,24,Male,Bengaluru,Salaried,1366055.0,LN002559,Education Loan,533414,7.8,360,2024-03-07,Approved,670.0,No
CUST02228,Kavya Jain,46,Female,Chandigarh,Salaried,348602.0,LN002228,Home Loan,3676959,16.42,120,2024-09-14,Pending,661.0,No
CUST01936,Vivaan Mehta,35,Male,Chennai,Self-employed,,LN001936,Business Loan,839439,8.85,60,2024-06-24,Approved,688.0,No
CUST01094,Simran Yadav,65,Male,Lucknow,Government Employee,1405876.0,LN001094,Gold Loan,189516,15.59,48,2025-09-26,Rejected,447.0,No
CUST01560,Vivaan Shah,37,Male,Bhopal,Self-employed,2311910.0,LN001560,Business Loan,2658424,16.3,180,2024-12-21,Rejected,621.0,No
CUST00816,Arjun Kumar,44,Female,Pune,Salaried,742347.0,LN000816,Personal Loan,523875,15.97,24,2024-06-22,Rejected,836.0,No
CUST00864,Vivaan Shah,44,Male,Ahmedabad,Salaried,1892091.0,LN000864,Education Loan,251744,9.04,48,2024-08-05,Approved,643.0,Yes
CUST01083,Vikram Jain,21,Female,Lucknow,Student,424382.0,LN001083,Personal Loan,328930,16.85,60,2025-08-03,Approved,662.0,Yes
CUST01209,Kavya Das,48,Male,Patna,Salaried,2343705.0,LN001209,Education Loan,369856,17.87,48,2025-03-06,Approved,614.0,No
CUST03302,Pooja Roy,30,Male,Lucknow,Salaried,573208.0,LN003302,Personal Loan,589614,18.39,84,2023-09-19,Rejected,751.0,No
CUST01290,Rohan Roy,58,Female,Indore,Salaried,298292.0,LN001290,Home Loan,1036424,8.44,60,2023-02-02,Under Review,676.0,Yes
CUST01858,Sneha Mishra,22,Female,Delhi,Salaried,450298.0,LN001858,Personal Loan,826559,13.22,36,2024-01-07,Approved,700.0,No
CUST00096,Ananya Gupta,37,Male,Bengaluru,Government Employee,626032.0,LN000096,Auto Loan,922800,7.67,180,2023-07-29,Pending,693.0,Yes
CUST02429,Riya Shah,25,Male,Varanasi,Self-employed,624345.0,LN002429,Home Loan,1316976,7.93,48,2023-06-01,Approved,566.0,No
CUST00605,Aman Agarwal,53,Male,Jaipur,Student,179155.0,LN000605,Personal Loan,895484,10.28,12,2025-04-20,Approved,778.0,No
CUST03379,Meera Yadav,39,Female,Chandigarh,Government Employee,423733.0,LN003379,Personal Loan,951299,7.75,60,2025-09-15,Under Review,602.0,No
CUST02115,Aman Gupta,57,Male,Delhi,Salaried,1270525.0,LN002115,Gold Loan,237231,15.72,24,2025-04-03,Approved,810.0,No
CUST00551,Riya Jain,28,Female,Patna,Student,207948.0,LN000551,Personal Loan,892667,14.12,60,2023-10-26,Under Review,660.0,Yes
CUST02300,Nikhil Shah,33,Male,Pune,Salaried,1366879.0,LN002300,Business Loan,2727709,17.32,180,2023-08-26,Approved,601.0,No
CUST00476,Vikram Shah,26,Male,Bhopal,Government Employee,1414217.0,LN000476,Education Loan,1379898,15.27,360,2024-03-21,Approved,685.0,No
CUST01500,Isha Das,59,Male,Mumbai,Salaried,267389.0,LN001500,Auto Loan,1606257,13.08,12,2025-03-26,Approved,784.0,No
CUST00213,Isha Gupta,43,Male,Lucknow,Self-employed,2256475.0,LN000213,Auto Loan,1197159,9.92,60,2025-07-17,Approved,626.0,No
CUST03261,Simran Jain,39,Female,Chandigarh,Self-employed,939334.0,LN003261,Auto Loan,1489008,12.45,60,2025-07-27,Approved,666.0,No
CUST01589,Vivaan Kumar,53,Male,Chennai,Student,355910.0,LN001589,Home Loan,5095775,12.68,48,2023-11-14,Approved,816.0,Yes
CUST02025,Vivaan Jain,55,Male,Delhi,Salaried,932376.0,LN002025,Auto Loan,1172847,9.5,360,2024-12-07,Approved,832.0,No
CUST02379,Aditya Das,45,Male,Patna,Salaried,1729298.0,LN002379,Gold Loan,198583,10.66,360,2025-12-23,Approved,775.0,No
CUST02481,Aditya Agarwal,26,Male,Jaipur,Salaried,1990782.0,LN002481,Business Loan,1417154,17.08,360,2023-04-21,Approved,839.0,No
CUST00277,Nikhil Roy,35,Male,Lucknow,Self-employed,2170073.0,LN000277,Auto Loan,589503,11.49,48,2024-01-18,Pending,558.0,No
CUST00506,Aarav Agarwal,31,Female,Varanasi,Student,429963.0,LN000506,Gold Loan,597578,10.49,24,2024-12-13,Rejected,622.0,Yes
CUST01336,Nikhil Jain,39,Male,Ahmedabad,Self-employed,2268201.0,LN001336,Home Loan,5465278,11.78,84,2025-09-04,Rejected,785.0,No
CUST02340,Nikhil Kumar,26,Female,Jaipur,Salaried,660150.0,LN002340,Business Loan,1411689,10.73,48,2023-09-12,Approved,770.0,No
CUST00902,Karan Mishra,65,Female,Patna,Salaried,975005.0,LN000902,Personal Loan,901728,11.91,360,2024-08-24,Approved,743.0,No
CUST00449,Priya Joshi,59,Female,Ahmedabad,Student,127170.0,LN000449,Business Loan,1819644,16.62,84,2025-12-05,Approved,771.0,No
CUST01410,Nikhil Kumar,22,Female,Jaipur,Business Owner,2066345.0,LN001410,Home Loan,5069322,11.09,24,2023-06-28,Approved,676.0,No
CUST02535,Neha Shah,40,Female,Varanasi,Salaried,389314.0,LN002535,Personal Loan,211395,14.5,36,2023-12-16,Approved,655.0,No
CUST00990,Ananya Sharma,42,Male,Bengaluru,Self-employed,330595.0,LN000990,Personal Loan,834402,8.29,24,2023-04-07,Under Review,523.0,No
CUST00304,Nikhil Jain,64,Female,Delhi,Business Owner,2368067.0,LN000304,Auto Loan,924107,17.04,180,2023-07-11,Pending,687.0,No
CUST03265,Isha Mishra,58,Female,Ahmedabad,Salaried,945042.0,LN003265,Personal Loan,811135,7.11,360,2025-06-21,Rejected,703.0,Yes
CUST03414,Riya Mishra,30,Male,Chennai,Salaried,2330408.0,LN003414,Auto Loan,152217,18.19,120,2023-03-21,Rejected,716.0,No
CUST02989,Ananya Agarwal,43,Female,Bhopal,Student,149676.0,LN002989,Auto Loan,1096603,15.74,180,2025-09-15,Approved,764.0,No
CUST01997,Meera Mishra,51,Female,Indore,Salaried,681437.0,LN001997,Education Loan,985442,9.63,360,2024-03-28,Rejected,733.0,Yes
CUST02116,Neha Patel,47,Male,Bengaluru,Salaried,1921560.0,LN002116,Education Loan,149028,9.8,12,2023-05-17,Approved,610.0,No
CUST02068,Priya Singh,49,Male,Pune,Government Employee,402833.0,LN002068,Personal Loan,740943,8.04,36,2024-01-02,Pending,688.0,No
CUST01902,Sneha Yadav,32,Male,Patna,Self-employed,2397188.0,LN001902,Personal Loan,124539,13.2,120,2023-05-08,Approved,670.0,No
CUST00325,Arjun Roy,58,Female,Mumbai,Salaried,2365454.0,LN000325,Business Loan,2372723,11.57,48,2024-09-29,Approved,763.0,No
CUST03380,Priya Jain,59,Male,Bengaluru,Government Employee,1477089.0,LN003380,Auto Loan,1016335,13.94,12,2024-03-27,Approved,738.0,Yes
CUST01434,Vikram Agarwal,22,Male,Hyderabad,Government Employee,1064743.0,LN001434,Home Loan,3825567,11.07,180,2025-11-05,Rejected,665.0,No
CUST01474,Rahul Singh,34,Female,Varanasi,Salaried,2110410.0,LN001474,Gold Loan,520370,12.02,180,2023-01-26,Approved,594.0,Yes
CUST02103,Rahul Roy,63,Male,Bhopal,Business Owner,593493.0,LN002103,Personal Loan,482410,9.74,12,2023-01-31,Pending,682.0,No
CUST03012,Vikram Das,47,Female,Chandigarh,Student,340465.0,LN003012,Auto Loan,762395,8.52,12,2023-06-14,Approved,648.0,No
CUST02980,Kavya Singh,49,Male,Jaipur,Business Owner,1648499.0,LN002980,Auto Loan,439812,16.54,120,2025-05-13,Rejected,669.0,No
CUST03418,Kavya Verma,33,Male,Lucknow,Self-employed,182164.0,LN003418,Home Loan,2427156,14.32,36,2025-10-09,Approved,658.0,No
CUST00151,Rohan Roy,45,Male,Jaipur,Student,476124.0,LN000151,Education Loan,244129,16.4,36,2023-03-29,Approved,719.0,No
CUST03220,Rohan Roy,38,Female,Bengaluru,Government Employee,1400585.0,LN003220,Auto Loan,1781196,9.9,36,2023-04-13,Approved,681.0,No
CUST03408,Rahul Kumar,63,Male,Ahmedabad,Government Employee,351435.0,LN003408,Auto Loan,755401,16.38,120,2025-04-16,Approved,753.0,No
CUST01122,Ananya Sharma,39,Female,Hyderabad,Salaried,664948.0,LN001122,Personal Loan,687559,10.14,12,2024-10-26,Pending,695.0,No
CUST03229,Nikhil Mishra,25,Male,Jaipur,Student,160642.0,LN003229,Education Loan,1462134,17.94,240,2023-01-25,Rejected,675.0,Yes
CUST01131,Isha Joshi,39,Female,Hyderabad,Self-employed,596428.0,LN001131,Business Loan,1496631,9.81,180,2023-05-10,Rejected,673.0,No
CUST02792,Rohan Mishra,56,Male,Lucknow,Salaried,1721084.0,LN002792,Personal Loan,487142,15.39,60,2024-03-14,Rejected,563.0,No
CUST03249,Karan Shah,37,Male,Chandigarh,Salaried,1037139.0,LN003249,Auto Loan,442142,17.81,240,2025-10-08,Rejected,697.0,No
CUST02798,Nikhil Shah,52,Male,Bhopal,Salaried,1788583.0,LN002798,Home Loan,5913118,18.35,120,2023-04-13,Approved,713.0,No
CUST02804,Aman Gupta,43,Male,Chennai,Business Owner,2374812.0,LN002804,Business Loan,837948,16.54,240,2024-05-06,Approved,690.0,No
CUST01049,Riya Joshi,39,Male,Kolkata,Self-employed,861326.0,LN001049,Personal Loan,51658,16.16,48,2024-10-25,Under Review,647.0,No
CUST00812,Simran Singh,53,Female,Delhi,Student,352783.0,LN000812,Auto Loan,298430,15.27,84,2025-06-20,Approved,776.0,No
CUST02710,Aman Roy,42,Male,Chandigarh,Government Employee,712209.0,LN002710,Auto Loan,1413533,12.73,60,2024-07-04,Approved,790.0,No
CUST01558,Arjun Sharma,24,Female,Bengaluru,Salaried,276123.0,LN001558,Personal Loan,206319,7.73,60,2025-09-14,Approved,715.0,No
CUST01064,Vikram Gupta,32,Female,Jaipur,Student,403080.0,LN001064,Auto Loan,1031965,8.71,12,2023-08-19,Approved,670.0,No
CUST03155,Aman Joshi,64,Female,Lucknow,Salaried,2338476.0,LN003155,Personal Loan,995173,18.4,360,2023-06-23,Approved,708.0,No
CUST02304,Arjun Verma,30,Male,Delhi,,2482606.0,LN002304,Personal Loan,298048,16.18,12,2023-07-07,Approved,850.0,No
CUST02983,Neha Das,24,Male,Chandigarh,Self-employed,722139.0,LN002983,Education Loan,1448745,7.84,180,2025-11-10,Approved,664.0,Yes
CUST00870,Ananya Singh,59,Female,Kolkata,Salaried,1346960.0,LN000870,Auto Loan,857508,16.63,360,2024-05-09,Rejected,786.0,No
CUST03405,Rahul Das,41,Male,Delhi,Salaried,2238878.0,LN003405,Gold Loan,148440,9.04,48,2023-10-04,Approved,660.0,Yes
CUST00893,Kavya Mehta,24,Female,Delhi,Salaried,810167.0,LN000893,Education Loan,438974,16.08,36,2024-02-16,Approved,652.0,No
CUST02922,Ananya Sharma,56,Male,Varanasi,Salaried,2349208.0,LN002922,Business Loan,1856355,17.08,84,2024-07-28,Approved,718.0,Yes
CUST02662,Rohan Mehta,56,Male,Chandigarh,Salaried,1825245.0,LN002662,Gold Loan,76187,10.17,360,2023-09-19,Approved,757.0,No
CUST01404,Karan Yadav,23,Female,Mumbai,Government Employee,1360385.0,LN001404,Personal Loan,813720,10.47,48,2024-11-24,Rejected,680.0,No
CUST01101,Neha Patel,25,Female,Ahmedabad,,1168494.0,LN001101,Education Loan,1087114,12.74,120,2024-07-28,Approved,764.0,No
CUST02437,Aditya Verma,22,Male,Kolkata,Salaried,1202360.0,LN002437,Personal Loan,659055,16.37,84,2023-07-10,Approved,824.0,No
CUST02985,Aditya Verma,34,Female,Hyderabad,Salaried,423554.0,LN002985,Home Loan,4296020,17.52,36,2023-01-22,Pending,646.0,No
CUST02455,Kavya Das,22,Female,Ahmedabad,Salaried,2262832.0,LN002455,Personal Loan,593966,13.81,360,2025-06-13,Rejected,586.0,No
CUST01316,Simran Das,32,Male,Hyderabad,Salaried,1384138.0,LN001316,Personal Loan,100650,13.78,360,2024-06-26,Pending,693.0,No
CUST02843,Ananya Patel,36,Male,Varanasi,Salaried,2299092.0,LN002843,Business Loan,344146,12.03,240,2025-03-22,Approved,699.0,No
CUST02764,Neha Patel,27,Male,Delhi,Salaried,1462232.0,LN002764,Business Loan,1354272,11.58,84,2023-05-18,Pending,627.0,No
CUST01135,Neha Kumar,37,Male,Hyderabad,Salaried,754281.0,LN001135,Home Loan,2022465,8.53,48,2024-05-01,Approved,761.0,No
CUST01649,Pooja Mehta,31,Male,Kolkata,Self-employed,1849513.0,LN001649,Business Loan,590503,16.63,60,2023-03-21,Pending,686.0,No
CUST01024,Neha Joshi,27,Male,Chandigarh,Self-employed,773184.0,LN001024,Home Loan,1569680,13.27,180,2025-08-24,Approved,635.0,No
CUST03104,Aditya Gupta,21,Male,Kolkata,Self-employed,1653720.0,LN003104,Personal Loan,396739,7.26,360,2024-12-27,Approved,724.0,No
CUST03302,Pooja Roy,30,Male,Lucknow,Salaried,573208.0,LN003302,Personal Loan,589614,18.39,84,2023-09-19,Rejected,751.0,No
CUST00247,Ananya Singh,30,Female,Bengaluru,Self-employed,1693083.0,LN000247,Auto Loan,1548949,7.89,84,2023-01-20,Approved,696.0,No
CUST00146,Meera Mehta,44,Female,Chennai,Salaried,1960752.0,LN000146,Gold Loan,668727,11.06,48,2024-03-11,Pending,639.0,No
CUST00796,Simran Mishra,50,Male,Pune,Self-employed,1562433.0,LN000796,Auto Loan,295109,17.77,180,2024-11-21,Pending,552.0,No
CUST03201,Meera Agarwal,42,Female,Chandigarh,Self-employed,1944510.0,LN003201,Business Loan,1929773,14.0,48,2023-09-29,Approved,791.0,No
CUST00590,Ananya Das,42,Male,Lucknow,Salaried,1356957.0,LN000590,Personal Loan,393822,7.78,84,2023-03-15,Rejected,709.0,No
CUST02671,Ananya Mehta,39,Female,Delhi,Business Owner,1156638.0,LN002671,Home Loan,3869374,12.15,12,2023-02-09,Approved,706.0,No
CUST00074,Simran Kumar,49,Male,Kolkata,,581921.0,LN000074,Gold Loan,73236,10.93,360,2025-10-19,Approved,610.0,No
CUST00461,Sneha Sharma,43,Female,Jaipur,Government Employee,1377506.0,LN000461,Personal Loan,412544,,48,2023-10-03,Approved,741.0,No
CUST00487,Sneha Shah,36,Male,Mumbai,Salaried,245867.0,LN000487,Personal Loan,647993,17.06,240,2025-09-26,Rejected,672.0,No
CUST00447,Sneha Mehta,64,Female,Pune,Government Employee,1453248.0,LN000447,Home Loan,5313125,8.23,120,2023-06-30,Approved,512.0,No
CUST02139,Kavya Agarwal,22,Female,Bengaluru,Salaried,782547.0,LN002139,Auto Loan,762403,15.47,120,2025-06-05,Approved,681.0,No
CUST01230,Aditya Jain,61,Female,Chandigarh,Salaried,289537.0,LN001230,Auto Loan,1379748,13.74,240,2023-01-06,Approved,799.0,No
CUST00493,Pooja Patel,59,Female,Patna,Salaried,1298976.0,LN000493,Gold Loan,413308,17.06,360,2025-09-17,Approved,663.0,No
CUST00171,Rohan Gupta,65,Female,Kolkata,Student,330545.0,LN000171,Home Loan,5918437,9.12,60,2025-07-16,Rejected,664.0,No
CUST03407,Aman Kumar,56,Male,Indore,Salaried,2344411.0,LN003407,Home Loan,2479491,10.11,84,2024-12-13,Pending,714.0,Yes
CUST02105,Vikram Kumar,26,Male,Bengaluru,Salaried,1607644.0,LN002105,Personal Loan,877811,14.94,36,2024-02-28,Approved,532.0,Yes
CUST02453,Vivaan Shah,26,Female,Bhopal,Salaried,1485211.0,LN002453,Auto Loan,1537589,17.71,360,2025-11-28,Under Review,599.0,Yes
CUST01266,Vikram Mehta,27,Female,Patna,Salaried,1552209.0,LN001266,Home Loan,4365025,9.91,240,2023-12-01,Approved,813.0,No
CUST02648,Rahul Shah,61,Male,Bengaluru,Government Employee,1321224.0,LN002648,Personal Loan,584563,15.32,24,2024-08-27,Approved,689.0,No
CUST01016,Aarav Gupta,34,Male,Mumbai,Salaried,2229300.0,LN001016,Home Loan,4871889,9.81,180,2024-05-06,Approved,735.0,Yes
CUST00098,Isha Das,35,Female,Jaipur,Government Employee,448554.0,LN000098,Personal Loan,503761,15.89,48,2025-11-11,Approved,744.0,No
CUST02875,Aman Gupta,42,Female,Kolkata,Salaried,2321720.0,LN002875,Home Loan,2793095,11.94,180,2025-05-02,Approved,768.0,No
CUST03189,Priya Joshi,29,Male,Chennai,Government Employee,1264247.0,LN003189,Gold Loan,120265,13.83,120,2024-04-10,Approved,657.0,No
CUST02528,Kavya Yadav,28,Male,Jaipur,Self-employed,255558.0,LN002528,Education Loan,867779,10.85,12,2024-06-21,Approved,641.0,No
CUST02372,Priya Singh,27,Male,Chandigarh,Business Owner,2468443.0,LN002372,Business Loan,3260861,13.61,36,2025-03-07,Approved,680.0,No
CUST01218,Riya Mishra,56,Male,Chandigarh,Self-employed,1037624.0,LN001218,Home Loan,1596651,10.19,12,2025-12-25,Approved,683.0,Yes
CUST01773,Riya Mehta,49,Male,Pune,Salaried,2433779.0,LN001773,Auto Loan,308404,11.35,120,2025-07-24,Rejected,609.0,No
CUST01468,Aarav Yadav,23,Male,Bhopal,Business Owner,3127695.0,LN001468,Auto Loan,969746,10.98,24,2025-03-17,Rejected,775.0,No
CUST01750,Sneha Roy,21,Male,Chennai,Government Employee,361086.0,LN001750,Gold Loan,234075,11.1,12,2024-09-20,Rejected,609.0,Yes
CUST03344,Arjun Roy,39,Female,Patna,Business Owner,2262431.0,LN003344,Home Loan,1569527,7.87,48,2024-08-22,Approved,667.0,No
CUST01479,Vivaan Gupta,23,Male,Varanasi,Salaried,236400.0,LN001479,Auto Loan,1023394,10.53,48,2023-05-03,Approved,836.0,No
CUST03333,Aarav Roy,35,Female,Chandigarh,Student,491356.0,LN003333,Home Loan,5503812,9.1,60,2025-11-24,Approved,607.0,Yes
CUST01891,Isha Roy,32,Female,Ahmedabad,Salaried,2194798.0,LN001891,Gold Loan,550487,15.76,84,2023-03-21,Approved,777.0,No
CUST00099,Riya Joshi,48,Female,Ahmedabad,Business Owner,1881006.0,LN000099,Personal Loan,471818,10.69,84,2025-10-05,Pending,551.0,No
CUST03141,Ananya Mehta,59,Female,Jaipur,Salaried,1721749.0,LN003141,Home Loan,2917300,16.43,12,2024-09-29,Rejected,611.0,No
CUST02473,Meera Jain,63,Male,Delhi,Student,334573.0,LN002473,Business Loan,582380,15.76,24,2025-04-22,Approved,540.0,No
CUST02345,Vikram Das,21,Female,Chennai,Salaried,1255715.0,LN002345,Personal Loan,991085,9.59,180,2024-08-03,Under Review,571.0,No
CUST02786,Vikram Sharma,60,Male,Patna,Business Owner,2133861.0,LN002786,Home Loan,4147403,10.03,120,2023-02-07,Rejected,721.0,Yes
CUST00348,Nikhil Sharma,43,Female,Chennai,Salaried,1839461.0,LN000348,Auto Loan,791621,12.4,24,2024-08-29,Under Review,641.0,No
CUST02951,Isha Shah,34,,Bengaluru,Business Owner,2605074.0,LN002951,Auto Loan,1277703,9.67,240,2025-08-27,Rejected,711.0,No
CUST00602,Meera Mishra,45,Male,Indore,Self-employed,596460.0,LN000602,Business Loan,2520503,7.15,36,2024-07-17,Approved,702.0,No
CUST03048,Sneha Patel,23,Male,Bengaluru,Salaried,2014765.0,LN003048,Personal Loan,833440,7.71,84,2025-06-03,Approved,838.0,No
CUST03222,Ananya Joshi,34,Male,Pune,Salaried,2407473.0,LN003222,Personal Loan,820982,7.88,120,2023-09-13,Rejected,552.0,No
CUST00396,Rohan Roy,31,Female,Delhi,Salaried,1949361.0,LN000396,Business Loan,1512567,7.93,12,2023-10-01,Rejected,771.0,No
CUST00427,Simran Roy,61,Female,Kolkata,Salaried,2392292.0,LN000427,Personal Loan,522585,9.12,60,2023-02-18,Approved,617.0,Yes
CUST00022,Meera Mishra,45,Male,Varanasi,Self-employed,2497115.0,LN000022,Personal Loan,270984,14.22,48,2023-11-17,Approved,693.0,No
CUST01584,Pooja Das,42,Male,Lucknow,Salaried,787842.0,LN001584,Business Loan,3578490,18.29,120,2024-05-11,Approved,671.0,No
CUST01039,Rahul Shah,40,Male,Chandigarh,Salaried,601439.0,LN001039,Business Loan,2873979,15.25,60,2024-03-13,Approved,783.0,Yes
CUST02301,Aarav Kumar,47,Male,Chennai,Self-employed,880046.0,LN002301,Business Loan,3031837,15.12,36,2024-11-03,Rejected,807.0,Yes
CUST02287,Arjun Mishra,24,Male,Varanasi,Salaried,,LN002287,Gold Loan,172793,17.79,48,2025-02-22,Rejected,612.0,No
CUST01865,Karan Verma,26,Male,Lucknow,Student,432058.0,LN001865,Auto Loan,173968,12.45,360,2025-12-12,Approved,671.0,No
CUST01145,Sneha Jain,55,Male,Jaipur,Salaried,1141731.0,LN001145,Home Loan,1482622,17.99,180,2025-04-17,Rejected,778.0,No
CUST00845,Aman Mishra,40,Male,Varanasi,Self-employed,593146.0,LN000845,Home Loan,5440353,7.4,12,2025-04-15,Approved,566.0,No
CUST02894,Aarav Kumar,21,Male,Hyderabad,Self-employed,1120923.0,LN002894,Business Loan,2084069,17.85,84,2025-08-28,Rejected,590.0,No
CUST02603,Meera Das,36,Male,Lucknow,,1017904.0,LN002603,Gold Loan,222736,10.76,36,2024-02-03,Approved,636.0,No
CUST01221,Simran Singh,51,Female,Hyderabad,Salaried,1418297.0,LN001221,Business Loan,1848843,17.27,36,2023-02-12,Approved,767.0,Yes
CUST02594,Isha Agarwal,21,Female,Chennai,Salaried,859624.0,LN002594,Auto Loan,406928,11.47,120,2023-05-29,Approved,679.0,No
CUST00251,Aman Agarwal,55,Female,Hyderabad,Government Employee,559480.0,LN000251,Personal Loan,766046,12.04,36,2025-05-09,Rejected,694.0,No
CUST00740,Sneha Kumar,33,Male,Indore,Salaried,554344.0,LN000740,Personal Loan,804805,9.08,180,2025-11-23,Approved,685.0,No
CUST00965,Aman Mishra,21,Male,Indore,Government Employee,584839.0,LN000965,Gold Loan,223806,16.1,12,2023-02-17,Approved,694.0,No
CUST01670,Aditya Mishra,21,Male,Patna,Salaried,738549.0,LN001670,Business Loan,2677305,12.4,180,2023-12-19,Approved,717.0,No
CUST02247,Rohan Verma,28,Male,Chandigarh,Salaried,1233092.0,LN002247,Business Loan,847664,9.94,48,2023-02-07,Rejected,694.0,No
CUST01510,Vivaan Shah,59,Male,Jaipur,Salaried,670600.0,LN001510,Home Loan,3725786,17.19,180,2023-11-28,Pending,723.0,No
CUST02946,Aditya Yadav,47,Female,Kolkata,Business Owner,1423384.0,LN002946,Education Loan,1079680,14.99,12,2025-04-03,Under Review,591.0,No
CUST03206,Aman Shah,25,Female,Kolkata,Salaried,2452435.0,LN003206,Education Loan,870865,17.68,120,2024-09-28,Approved,747.0,No
CUST03295,Riya Agarwal,62,Female,Lucknow,Government Employee,1138045.0,LN003295,Personal Loan,768556,13.41,120,2025-03-10,Rejected,685.0,Yes
CUST01315,Nikhil Gupta,57,Female,Hyderabad,Salaried,1805312.0,LN001315,Education Loan,538824,7.84,240,2024-11-14,Approved,738.0,No
CUST03038,Ananya Mishra,38,Male,Pune,Self-employed,1874054.0,LN003038,Home Loan,881814,14.16,120,2025-11-22,Approved,651.0,No
CUST01847,Rohan Mishra,50,Female,Indore,Salaried,1617552.0,LN001847,Home Loan,5177278,11.58,240,2025-04-21,Rejected,674.0,No
CUST03089,Simran Jain,45,Male,Mumbai,Salaried,1788309.0,LN003089,Personal Loan,146599,7.98,24,2025-12-17,Rejected,780.0,No
CUST01183,Neha Sharma,60,Male,Bhopal,Salaried,1512381.0,LN001183,Personal Loan,280119,15.88,360,2024-01-12,Rejected,511.0,Yes
CUST00244,Vivaan Das,48,Male,Pune,Salaried,443031.0,LN000244,Business Loan,2885917,7.97,240,2023-01-19,Rejected,700.0,No
CUST00067,Priya Mehta,30,Female,Ahmedabad,Government Employee,1320020.0,LN000067,Auto Loan,190738,17.58,24,2024-04-19,Rejected,753.0,No
CUST00659,Nikhil Joshi,26,Female,Kolkata,Student,261280.0,LN000659,Education Loan,1329140,18.4,180,2024-06-12,Under Review,639.0,No
CUST00934,Rohan Das,33,Male,Bengaluru,Government Employee,868392.0,LN000934,Personal Loan,513445,8.48,60,2024-01-25,Rejected,797.0,No
CUST02408,Aarav Kumar,65,Female,Chandigarh,Salaried,858148.0,LN002408,Personal Loan,634336,18.12,84,2024-11-02,Approved,772.0,No
CUST02144,Aman Mehta,49,Female,Hyderabad,Self-employed,638407.0,LN002144,Education Loan,797418,8.18,360,2023-09-06,Under Review,522.0,No
CUST01656,Sneha Das,33,Male,Bengaluru,Salaried,2298795.0,LN001656,Auto Loan,503724,14.01,48,2025-02-28,Approved,705.0,No
CUST01529,Arjun Gupta,44,Male,Bengaluru,Self-employed,1755919.0,LN001529,Home Loan,4073343,8.24,180,2023-02-11,Pending,716.0,No
CUST01497,Rahul Joshi,62,Female,Bhopal,Self-employed,316803.0,LN001497,Auto Loan,707405,8.86,12,2023-10-15,Approved,511.0,No
CUST03483,Sneha Singh,36,Male,Indore,Salaried,2031268.0,LN003483,Business Loan,3905018,15.18,24,2024-02-18,Pending,697.0,Yes
CUST03500,Rohan Patel,41,Female,Pune,Salaried,1420573.0,LN003500,Home Loan,1412680,7.36,360,2023-03-22,Approved,625.0,No
CUST02570,Simran Patel,28,Male,Hyderabad,Self-employed,255085.0,LN002570,Auto Loan,1318489,16.65,360,2025-03-11,Approved,766.0,No
CUST01345,Meera Jain,32,Male,Kolkata,Government Employee,1435276.0,LN001345,Business Loan,3189706,12.63,120,2024-09-04,Rejected,792.0,Yes
CUST01555,Isha Patel,29,Female,Delhi,Salaried,1312876.0,LN001555,Home Loan,1667528,17.37,120,2024-10-18,Pending,710.0,Yes
CUST01433,Riya Das,47,Female,Kolkata,Self-employed,1424812.0,LN001433,Personal Loan,817839,13.39,240,2025-06-30,Pending,587.0,No
CUST03023,Neha Das,64,Male,Varanasi,Government Employee,938637.0,LN003023,Personal Loan,104797,17.09,84,2024-05-09,Rejected,556.0,No
CUST02714,Arjun Jain,50,Female,Patna,Business Owner,1562684.0,LN002714,Auto Loan,768161,12.34,24,2023-03-06,Approved,695.0,No
CUST00362,Aman Kumar,64,Male,Lucknow,Salaried,540306.0,LN000362,Business Loan,3024274,11.08,24,2023-12-06,Rejected,614.0,No
CUST01457,Aman Patel,41,Female,Varanasi,Salaried,1247697.0,LN001457,Home Loan,5497319,10.93,180,2025-06-27,Approved,714.0,Yes
CUST00485,Sneha Singh,40,Female,Lucknow,Self-employed,1638835.0,LN000485,Auto Loan,1398641,10.72,36,2025-01-06,Rejected,635.0,Yes
CUST03224,Rohan Das,32,Male,Indore,Student,458867.0,LN003224,Auto Loan,1204662,14.85,24,2023-01-17,Rejected,734.0,No
CUST02360,Kavya Joshi,50,Male,Bengaluru,Business Owner,1102959.0,LN002360,Home Loan,5744869,12.94,12,2023-10-24,Under Review,641.0,No
CUST01809,Kavya Patel,38,Female,Patna,Salaried,2215706.0,LN001809,Business Loan,2440479,8.5,360,2023-07-28,Pending,640.0,No
CUST02891,Aditya Sharma,43,Male,Delhi,Salaried,2423645.0,LN002891,Personal Loan,925033,10.52,360,2025-12-27,Approved,674.0,No
CUST02462,Nikhil Shah,59,Male,Bhopal,Government Employee,1351669.0,LN002462,Home Loan,3864665,13.49,36,2023-02-17,Approved,771.0,No
CUST01158,Ananya Shah,65,Male,Bengaluru,Business Owner,2513685.0,LN001158,Auto Loan,1554038,17.94,360,2023-06-23,Rejected,676.0,Yes
CUST02080,Rohan Mishra,47,Male,Varanasi,Self-employed,1247043.0,LN002080,Gold Loan,551062,17.96,24,2024-10-19,Under Review,612.0,Yes
CUST00766,Neha Mishra,38,Female,Ahmedabad,Business Owner,2722378.0,LN000766,Personal Loan,991084,15.28,12,2024-09-19,Approved,694.0,No
CUST01807,Pooja Yadav,35,Male,Bengaluru,Self-employed,1082196.0,LN001807,Education Loan,173960,16.34,240,2025-05-27,Approved,844.0,No
CUST02507,Isha Sharma,21,Female,Lucknow,Salaried,778466.0,LN002507,Personal Loan,573471,10.9,240,2023-10-31,Pending,604.0,No
CUST01186,Priya Mishra,22,Female,Chennai,Government Employee,624437.0,LN001186,Business Loan,1254192,8.0,60,2023-09-22,Approved,752.0,No
CUST02388,Aarav Das,29,Male,Patna,Government Employee,1008684.0,LN002388,Education Loan,515373,9.04,240,2023-01-12,Approved,760.0,No
CUST00287,Vivaan Jain,25,Female,Indore,Self-employed,1393705.0,LN000287,Personal Loan,203837,12.08,360,2025-04-04,Rejected,698.0,Yes
CUST03321,Neha Shah,36,Female,Jaipur,Self-employed,838397.0,LN003321,Business Loan,542773,15.34,360,2023-03-08,Approved,710.0,No
CUST01569,Ananya Joshi,21,Female,Patna,Salaried,897972.0,LN001569,Home Loan,1371097,14.04,120,2023-12-22,Rejected,599.0,No
CUST00950,Sneha Kumar,22,Male,Patna,Salaried,589336.0,LN000950,Personal Loan,183107,13.56,48,2024-11-08,Rejected,646.0,Yes
CUST01604,Isha Das,57,Female,Kolkata,Student,341070.0,LN001604,Business Loan,3271330,15.48,360,2024-06-01,Approved,588.0,No
CUST00140,Rohan Gupta,24,Male,Bhopal,Student,143312.0,LN000140,Personal Loan,477387,10.52,48,2024-02-24,Approved,756.0,No
CUST00849,Sneha Mishra,57,Male,Bhopal,Government Employee,756331.0,LN000849,Auto Loan,837859,10.69,60,2023-01-23,Approved,650.0,No
CUST01688,Rohan Sharma,25,Female,Bhopal,Salaried,2409430.0,LN001688,Home Loan,4522248,17.5,84,2025-04-09,Rejected,850.0,No
CUST03074,Aman Sharma,24,Male,Mumbai,Salaried,1219927.0,LN003074,Education Loan,224565,,240,2023-10-16,Approved,570.0,No
CUST01761,Arjun Sharma,61,Male,Chennai,Government Employee,1355587.0,LN001761,Home Loan,4367577,17.93,180,2025-07-02,Approved,666.0,No
CUST03280,Simran Singh,33,Female,Indore,Government Employee,1354100.0,LN003280,Business Loan,2811609,15.9,24,2024-11-23,Approved,514.0,No
CUST01966,Meera Patel,34,Male,Chandigarh,Business Owner,1564746.0,LN001966,Business Loan,3528101,15.84,24,2025-11-06,Approved,647.0,No
CUST01139,Arjun Mehta,37,Female,Kolkata,Salaried,852810.0,LN001139,Home Loan,2996143,12.99,60,2024-03-15,Approved,655.0,No
CUST02949,Nikhil Shah,48,Female,Delhi,Government Employee,1128292.0,LN002949,Education Loan,267080,16.69,60,2023-01-21,Approved,850.0,No
CUST02780,Vivaan Shah,26,Female,Bengaluru,Salaried,1239814.0,LN002780,Home Loan,1173807,11.21,360,2024-02-28,Rejected,674.0,No
CUST02313,Isha Verma,51,Male,Bhopal,Self-employed,1802958.0,LN002313,Business Loan,3660867,16.21,60,2023-04-22,Approved,724.0,No
CUST02323,Isha Joshi,38,Female,Jaipur,Salaried,1111379.0,LN002323,Auto Loan,775019,17.66,120,2023-06-22,Approved,712.0,
CUST01944,Karan Mishra,36,Female,Lucknow,Government Employee,1019370.0,LN001944,Personal Loan,898308,15.2,360,2023-01-19,Approved,637.0,No
CUST03143,Rohan Sharma,45,Male,Mumbai,Self-employed,2096047.0,LN003143,Personal Loan,514991,8.81,36,2024-02-11,Approved,652.0,No
CUST01665,Rohan Patel,24,Female,Bhopal,Salaried,493051.0,LN001665,Education Loan,926083,14.63,240,2023-06-16,Approved,581.0,No
CUST00445,Neha Shah,52,Male,Indore,Business Owner,1667633.0,LN000445,Personal Loan,154843,8.22,84,2024-10-03,Pending,720.0,No
CUST02088,Meera Sharma,41,Female,Bengaluru,Student,239564.0,LN002088,Personal Loan,964700,14.14,36,2024-05-13,Approved,708.0,No
CUST01123,Neha Sharma,35,Male,Ahmedabad,Student,229658.0,LN001123,Auto Loan,706497,15.8,48,2023-08-21,Rejected,706.0,No
CUST01265,Aman Singh,42,Female,Hyderabad,Government Employee,1047405.0,LN001265,Auto Loan,438365,7.96,360,2023-03-20,Approved,666.0,No
CUST02070,Nikhil Kumar,47,Male,Delhi,Government Employee,1059703.0,LN002070,Business Loan,3384237,16.05,240,2023-03-04,Approved,742.0,No
CUST02754,Rohan Shah,54,Male,Ahmedabad,Student,202078.0,LN002754,Gold Loan,308523,9.01,60,2023-08-06,Approved,704.0,Yes
CUST01439,Aditya Sharma,42,Male,Delhi,Salaried,,LN001439,Personal Loan,749909,11.9,48,2024-08-30,Rejected,760.0,No
CUST02566,Pooja Patel,23,Female,Hyderabad,Salaried,882904.0,LN002566,Home Loan,5081228,8.29,240,2025-07-27,Approved,658.0,No
CUST01174,Vivaan Singh,52,Female,Kolkata,Salaried,583150.0,LN001174,Home Loan,3637132,10.63,120,2024-09-10,Approved,738.0,No
CUST01850,Sneha Verma,33,Male,Bengaluru,Business Owner,2657899.0,LN001850,Personal Loan,689820,12.98,240,2023-05-17,Approved,749.0,No
CUST01672,Aditya Jain,63,Female,Jaipur,Government Employee,431777.0,LN001672,Home Loan,2753230,7.61,48,2023-09-29,Rejected,616.0,No
CUST00355,Sneha Mehta,28,Female,Varanasi,Salaried,347896.0,LN000355,Gold Loan,671912,11.12,84,2025-08-22,Under Review,567.0,No
CUST02346,Aarav Patel,47,Male,Bhopal,Salaried,1453818.0,LN002346,Home Loan,3771047,12.08,84,2024-04-22,Rejected,664.0,Yes
CUST01941,Rohan Singh,21,Female,Mumbai,Government Employee,300837.0,LN001941,Personal Loan,520795,12.34,48,2024-08-07,Approved,627.0,No
CUST01077,Rohan Verma,58,Male,Hyderabad,Salaried,2403712.0,LN001077,Gold Loan,362601,18.04,360,2024-05-15,Under Review,629.0,No
CUST02888,Meera Sharma,51,,Patna,Self-employed,2176002.0,LN002888,Auto Loan,1772405,13.5,180,2025-03-29,Approved,649.0,No
CUST03271,Arjun Roy,65,Female,Patna,Salaried,695860.0,LN003271,Personal Loan,620775,18.37,120,2024-01-07,Approved,695.0,Yes
CUST02973,Karan Verma,52,Female,Ahmedabad,Self-employed,1088910.0,LN002973,Personal Loan,191484,14.48,36,2025-06-25,Approved,697.0,Yes
CUST02171,Priya Roy,47,Male,Mumbai,Salaried,1532340.0,LN002171,Auto Loan,1028041,15.53,84,2024-10-05,Approved,794.0,No
CUST01228,Isha Gupta,25,Male,Lucknow,Self-employed,1134321.0,LN001228,Home Loan,5964188,13.24,36,2025-05-24,Approved,703.0,No
CUST01092,Aditya Gupta,61,Male,Ahmedabad,Salaried,1359098.0,LN001092,Personal Loan,760827,16.45,120,2024-11-11,Approved,723.0,No
CUST03296,Pooja Mehta,31,Female,Ahmedabad,Salaried,338593.0,LN003296,Home Loan,4349557,7.7,24,2025-08-25,Rejected,740.0,No
CUST01152,Arjun Patel,34,Female,Hyderabad,Self-employed,1430208.0,LN001152,Home Loan,1095943,12.26,48,2023-10-31,Rejected,757.0,No
CUST01863,Karan Mehta,62,Male,Indore,Student,290419.0,LN001863,Education Loan,577364,17.77,360,2024-03-31,Approved,758.0,No
CUST03212,Priya Mishra,61,Female,Bengaluru,Salaried,674352.0,LN003212,Gold Loan,632081,12.75,24,2025-07-30,Rejected,689.0,No
CUST00418,Aditya Kumar,62,Female,Bhopal,Salaried,2383531.0,LN000418,Personal Loan,271439,17.18,240,2024-06-07,Approved,682.0,No
CUST00967,Vikram Mehta,51,Male,Bhopal,Student,162967.0,LN000967,Education Loan,473167,15.65,120,2023-07-13,Approved,761.0,Yes
CUST01243,Sneha Joshi,28,Male,Delhi,Business Owner,2716744.0,LN001243,Education Loan,1196158,11.49,180,2025-06-11,Approved,527.0,Yes
CUST01571,Ananya Gupta,47,Female,Mumbai,Salaried,1428515.0,LN001571,Auto Loan,692050,7.62,60,2023-11-27,Under Review,616.0,No
CUST01867,Karan Patel,46,Female,Pune,Salaried,1863950.0,LN001867,Home Loan,5553680,14.81,24,2023-11-27,Approved,688.0,No
CUST00158,Neha Yadav,48,Male,Bhopal,Business Owner,1691210.0,LN000158,Education Loan,645909,14.39,12,2023-07-17,Approved,741.0,No
CUST03167,Aman Sharma,51,Male,Hyderabad,Self-employed,2084497.0,LN003167,Auto Loan,1365883,13.91,60,2024-10-23,Rejected,774.0,No
CUST03328,Simran Joshi,53,Male,Chennai,Student,224347.0,LN003328,Business Loan,3014604,9.0,180,2023-12-15,Approved,746.0,Yes
CUST01763,Rohan Joshi,37,Female,Indore,Salaried,438153.0,LN001763,Home Loan,3717186,17.5,84,2024-05-23,Approved,656.0,No
CUST03112,Simran Das,31,Female,Lucknow,Business Owner,2126236.0,LN003112,Personal Loan,365346,10.88,360,2024-03-08,Approved,821.0,No
CUST01155,Aditya Yadav,57,Female,Bengaluru,Salaried,644944.0,LN001155,Auto Loan,1401590,13.86,120,2023-01-11,Under Review,644.0,No
CUST01279,Rahul Yadav,40,Female,Varanasi,Self-employed,995329.0,LN001279,Business Loan,2457551,8.28,84,2023-04-24,Rejected,607.0,No
CUST02238,Aditya Joshi,55,Female,Chandigarh,Government Employee,1073858.0,LN002238,Business Loan,3175968,17.64,12,2023-01-03,Approved,765.0,No
CUST02638,Priya Das,36,Female,Kolkata,Government Employee,1349116.0,LN002638,Personal Loan,726545,11.01,240,2025-05-04,Under Review,646.0,No
CUST01427,Sneha Kumar,54,Male,Lucknow,Government Employee,1363250.0,LN001427,Personal Loan,461913,12.66,48,2025-07-14,Approved,798.0,No
CUST00761,Isha Sharma,52,Male,Mumbai,Business Owner,2656397.0,LN000761,Personal Loan,291443,12.04,180,2023-09-10,Approved,664.0,No
CUST03111,Karan Mishra,57,Male,Jaipur,Self-employed,2157207.0,LN003111,Education Loan,1404982,12.46,48,2025-08-05,Rejected,619.0,No
CUST00243,Isha Yadav,27,Male,Chennai,Salaried,2142434.0,LN000243,Business Loan,2277334,13.31,60,2023-11-27,Approved,662.0,No
CUST00885,Meera Jain,47,Female,Delhi,Self-employed,1795620.0,LN000885,Home Loan,5601294,11.13,36,2024-11-07,Approved,771.0,No
CUST00621,Rahul Agarwal,34,Female,Indore,Business Owner,1999826.0,LN000621,Auto Loan,1498483,8.06,120,2025-04-01,Rejected,663.0,Yes
CUST02699,Meera Agarwal,40,Female,Mumbai,Government Employee,896100.0,LN002699,Gold Loan,629860,11.79,180,2025-02-03,Approved,717.0,Yes
CUST02552,Vikram Kumar,40,Male,Varanasi,Business Owner,2191365.0,LN002552,Education Loan,826218,9.59,36,2023-04-13,Rejected,619.0,No
CUST02971,Simran Mishra,45,Male,Hyderabad,Government Employee,1485290.0,LN002971,Home Loan,5025953,15.73,60,2024-10-30,Approved,739.0,No
CUST02208,Rohan Gupta,26,Male,Lucknow,Student,355329.0,LN002208,Gold Loan,188308,9.26,60,2023-02-25,Approved,760.0,Yes
CUST02931,Simran Agarwal,59,Male,Ahmedabad,Business Owner,1493730.0,LN002931,Education Loan,1391758,17.06,360,2024-02-14,Pending,607.0,No
CUST00538,Kavya Yadav,21,Female,Delhi,Salaried,545837.0,LN000538,Business Loan,2998954,7.73,120,2024-10-25,Rejected,841.0,No
CUST02289,Aarav Patel,36,Male,Indore,Salaried,649004.0,LN002289,Business Loan,407915,9.01,240,2023-03-06,Rejected,643.0,No
CUST00014,Karan Sharma,56,Male,Varanasi,Salaried,1787618.0,LN000014,Business Loan,442483,14.42,48,2024-05-03,Approved,795.0,No
CUST01682,Simran Verma,63,Male,Kolkata,Self-employed,1807948.0,LN001682,Home Loan,1513926,15.63,180,2023-04-23,Rejected,635.0,No
CUST02524,Pooja Yadav,63,Male,Varanasi,Salaried,2254075.0,LN002524,Personal Loan,712553,17.07,360,2025-06-05,Approved,528.0,No
CUST00741,Isha Kumar,21,Female,Mumbai,Government Employee,1043470.0,LN000741,Personal Loan,709390,17.87,120,2025-03-14,Approved,743.0,No
CUST01401,Karan Agarwal,38,,Chennai,Government Employee,989871.0,LN001401,Personal Loan,626981,7.07,48,2023-08-13,Approved,634.0,No
CUST02977,Isha Jain,60,Female,Jaipur,Salaried,2373574.0,LN002977,Business Loan,3688601,10.12,12,2024-03-01,Approved,683.0,No
CUST03387,Vikram Joshi,60,Male,Varanasi,Government Employee,512434.0,LN003387,Personal Loan,137623,18.44,120,2025-04-10,Under Review,667.0,No
CUST01386,Simran Mehta,52,Female,Jaipur,Salaried,1027694.0,LN001386,Personal Loan,718763,14.5,24,2025-04-08,Approved,598.0,No
CUST03393,Aarav Joshi,49,Male,Delhi,Salaried,1128836.0,LN003393,Auto Loan,1300958,16.72,360,2023-02-07,Approved,721.0,No
CUST02844,Aditya Joshi,42,Male,Lucknow,Business Owner,1652565.0,LN002844,Home Loan,809614,15.34,48,2023-09-19,Rejected,600.0,No
CUST01079,Pooja Joshi,60,Female,Patna,Government Employee,517789.0,LN001079,Personal Loan,126497,15.68,180,2025-01-29,Rejected,714.0,No
CUST01697,Rohan Joshi,22,Female,Lucknow,Business Owner,1412883.0,LN001697,Personal Loan,822045,7.76,60,2024-09-08,Approved,819.0,No
CUST02404,Vivaan Mishra,55,Female,Chennai,Salaried,1048250.0,LN002404,Personal Loan,318256,13.57,120,2024-12-15,Approved,753.0,No
CUST03107,Meera Jain,33,Male,Chandigarh,Self-employed,1066228.0,LN003107,Auto Loan,1188967,7.04,240,2023-09-08,Approved,672.0,No
CUST00335,Karan Mishra,51,Male,Hyderabad,Salaried,1048277.0,LN000335,Home Loan,4335647,7.98,240,2025-04-16,Approved,735.0,No
CUST02737,Aman Singh,41,Female,Chandigarh,Business Owner,1692738.0,LN002737,Personal Loan,860548,17.95,120,2025-09-14,Pending,612.0,No
CUST00185,Pooja Sharma,28,Female,Jaipur,Salaried,1339608.0,LN000185,Personal Loan,511552,12.15,48,2024-10-14,Rejected,647.0,No
CUST00824,Vikram Shah,28,Female,Indore,Government Employee,846938.0,LN000824,Personal Loan,847115,13.68,36,2025-02-03,Approved,760.0,No
CUST02990,Priya Patel,60,Male,Chennai,,2477121.0,LN002990,Education Loan,383265,18.05,48,2024-08-03,Pending,644.0,No
CUST03398,Rahul Yadav,57,Male,Kolkata,,481556.0,LN003398,Personal Loan,593526,9.54,120,2025-03-23,Approved,736.0,No
CUST03050,Vikram Roy,54,Female,Patna,Government Employee,565710.0,LN003050,Home Loan,3997356,8.98,12,2025-07-05,Approved,643.0,No
CUST02236,Pooja Verma,62,Male,Chennai,Government Employee,989231.0,LN002236,Home Loan,1312719,12.86,24,2024-02-10,Approved,812.0,Yes
CUST00942,Aarav Jain,24,Male,Mumbai,Student,220960.0,LN000942,Auto Loan,1484115,7.18,24,2024-09-15,Approved,684.0,Yes
CUST00285,Pooja Patel,27,Male,Bhopal,Salaried,1647130.0,LN000285,Personal Loan,82101,18.33,240,2024-08-06,Approved,782.0,No
CUST02948,Vikram Jain,47,Male,Chennai,Self-employed,1540122.0,LN002948,Auto Loan,1402613,11.99,60,2025-01-11,Rejected,729.0,No
CUST03494,Meera Yadav,59,Male,Jaipur,Salaried,1621165.0,LN003494,Business Loan,549510,9.3,24,2024-03-07,Approved,621.0,No
CUST00166,Kavya Singh,54,Male,Pune,Salaried,1437669.0,LN000166,Business Loan,3458868,8.62,84,2025-12-16,Approved,833.0,No
CUST02396,Neha Joshi,54,Female,Hyderabad,Salaried,1812710.0,LN002396,Business Loan,878961,10.2,360,2023-04-03,Approved,658.0,No
CUST02347,Pooja Das,50,Male,Varanasi,Self-employed,2190587.0,LN002347,Personal Loan,102540,10.38,84,2025-10-23,Approved,667.0,No
CUST02584,Pooja Das,32,Male,Bhopal,Salaried,1069758.0,LN002584,Personal Loan,572374,12.76,60,2023-05-31,Approved,806.0,No
CUST02278,Aarav Shah,56,Female,Chennai,Student,120765.0,LN002278,Personal Loan,133417,12.33,120,2025-08-28,Approved,817.0,No
CUST01852,Arjun Kumar,57,Male,Pune,Salaried,2069937.0,LN001852,Personal Loan,850186,15.5,240,2023-08-21,Approved,642.0,Yes
CUST01719,Aman Sharma,54,Male,Jaipur,Self-employed,218877.0,LN001719,Personal Loan,598136,11.79,240,2023-03-24,Rejected,658.0,Yes
CUST00042,Isha Roy,65,Male,Mumbai,Salaried,705303.0,LN000042,Personal Loan,77712,12.52,12,2025-05-02,Rejected,659.0,No
CUST02917,Aarav Mehta,24,Male,Chandigarh,Salaried,641347.0,LN002917,Business Loan,3372243,15.25,60,2025-09-28,Approved,646.0,No
CUST02797,Rahul Gupta,46,Male,Chandigarh,Student,236707.0,LN002797,Home Loan,4293962,7.43,48,2023-04-18,Approved,835.0,Yes
CUST00780,Karan Gupta,38,,Bengaluru,Salaried,1420962.0,LN000780,Home Loan,2588144,8.26,36,2024-12-25,Approved,603.0,No
CUST01887,Aman Joshi,55,Female,Indore,Self-employed,1776025.0,LN001887,Education Loan,383197,14.96,360,2025-11-04,Approved,671.0,No
CUST02495,Vivaan Patel,34,Female,Kolkata,Salaried,2370958.0,LN002495,Business Loan,1504964,7.55,120,2025-10-05,Approved,686.0,No
CUST02398,Simran Roy,26,Female,Pune,Self-employed,779747.0,LN002398,Personal Loan,467342,8.26,360,2023-12-03,Under Review,552.0,No
CUST02094,Kavya Das,60,Female,Jaipur,Self-employed,1423138.0,LN002094,Home Loan,3198849,7.39,360,2023-11-17,Approved,850.0,No
CUST03469,Meera Jain,57,Male,Chennai,Self-employed,711152.0,LN003469,Home Loan,1810128,13.97,180,2025-03-01,Rejected,655.0,Yes
CUST03499,Vivaan Patel,56,Male,Kolkata,Salaried,1053742.0,LN003499,Personal Loan,452522,9.0,120,2025-01-27,Approved,533.0,No
CUST02157,Simran Shah,61,Female,Patna,Student,159380.0,LN002157,Personal Loan,893391,11.81,120,2025-01-19,Approved,733.0,No
CUST01686,Neha Joshi,32,Male,Kolkata,Business Owner,806464.0,LN001686,Gold Loan,670832,8.18,120,2025-03-14,Approved,645.0,No
CUST00030,Karan Roy,60,Female,Patna,Student,271836.0,LN000030,Home Loan,5819230,11.34,36,2025-01-23,Rejected,739.0,No
CUST00182,Neha Patel,64,Female,Kolkata,Salaried,640796.0,LN000182,Auto Loan,1244979,16.99,24,2024-12-28,Rejected,850.0,Yes
CUST02670,Priya Singh,29,Male,Bhopal,Salaried,769397.0,LN002670,Personal Loan,202999,9.45,360,2024-11-01,Approved,669.0,No
CUST00635,Vikram Roy,51,Female,Lucknow,Self-employed,2017986.0,LN000635,Home Loan,1642606,16.49,120,2023-06-12,Approved,850.0,No
CUST00105,Simran Gupta,64,Female,Patna,Salaried,1024092.0,LN000105,Education Loan,315048,17.02,24,2023-04-21,Rejected,825.0,No
CUST00061,Rahul Jain,22,Male,Indore,Self-employed,1133959.0,LN000061,Personal Loan,585590,8.6,12,2024-04-22,Under Review,579.0,No
CUST02707,Karan Mishra,33,Female,Delhi,Government Employee,976131.0,LN002707,Education Loan,771108,10.72,120,2023-05-18,Approved,617.0,No
CUST01108,Vivaan Mishra,53,Female,Chandigarh,Government Employee,1097784.0,LN001108,Home Loan,3998804,14.97,360,2023-08-11,Approved,738.0,No
CUST00491,Kavya Patel,57,Female,Varanasi,Self-employed,1793507.0,LN000491,Gold Loan,318116,8.96,12,2024-08-14,Rejected,706.0,No
CUST00316,Simran Yadav,52,Female,Pune,Student,178819.0,LN000316,Personal Loan,878370,10.98,84,2024-03-29,Approved,717.0,No
CUST01475,Rohan Das,23,Male,Lucknow,Student,352460.0,LN001475,Home Loan,5633484,12.7,12,2025-05-26,Approved,844.0,Yes
CUST02033,Vikram Patel,49,Male,Varanasi,Salaried,2268337.0,LN002033,Auto Loan,1742510,8.89,48,2025-02-06,Rejected,751.0,No
CUST00382,Riya Agarwal,21,Female,Jaipur,Salaried,1035121.0,LN000382,Home Loan,1817375,15.18,360,2023-08-16,Pending,740.0,No
CUST00423,Neha Roy,27,Male,Ahmedabad,Salaried,1830224.0,LN000423,Auto Loan,1051366,15.63,36,2024-11-19,Rejected,692.0,No
CUST03475,Isha Patel,48,Female,Delhi,Government Employee,518753.0,LN003475,Business Loan,576408,16.64,60,2023-03-05,Rejected,707.0,Yes
CUST00446,Nikhil Joshi,28,Female,Ahmedabad,Self-employed,1707573.0,LN000446,Business Loan,3865700,7.4,84,2024-01-08,Rejected,743.0,No
CUST00664,Riya Agarwal,44,,Hyderabad,Business Owner,987069.0,LN000664,Personal Loan,267986,9.49,60,2025-03-13,Pending,617.0,No
CUST01025,Meera Kumar,53,Male,Chennai,Salaried,1280100.0,LN001025,Auto Loan,552576,14.67,24,2023-12-26,Approved,780.0,No
CUST02828,Pooja Singh,34,Female,Kolkata,Self-employed,521979.0,LN002828,Personal Loan,793110,17.22,60,2025-12-23,Approved,747.0,No
CUST00627,Aarav Gupta,26,,Bengaluru,Salaried,1460280.0,LN000627,Auto Loan,986014,10.93,84,2024-06-16,Rejected,688.0,No
CUST01482,Rohan Mishra,54,Female,Jaipur,Salaried,270254.0,LN001482,Personal Loan,621572,10.64,24,2024-11-08,Approved,754.0,
CUST01513,Isha Jain,49,Female,Varanasi,Salaried,1945259.0,LN001513,Gold Loan,478960,14.79,240,2024-06-21,Approved,759.0,No
CUST01113,Meera Mehta,27,Male,Chandigarh,Government Employee,563498.0,LN001113,Gold Loan,304164,9.42,180,2025-09-21,Rejected,605.0,No
CUST01508,Aditya Sharma,58,Female,Chennai,Self-employed,2103030.0,LN001508,Personal Loan,465922,17.43,180,2025-03-26,Approved,650.0,No
CUST01485,Riya Kumar,35,Male,Indore,Student,427402.0,LN001485,Personal Loan,293677,15.08,360,2025-02-27,Under Review,524.0,No
CUST03150,Karan Yadav,33,Female,Bhopal,Salaried,2022678.0,LN003150,Home Loan,3161962,10.36,240,2023-10-15,Under Review,664.0,No
CUST00269,Isha Mishra,57,Male,Bengaluru,Self-employed,1329734.0,LN000269,Auto Loan,1013731,14.14,120,2025-06-13,Pending,720.0,Yes
CUST02978,Arjun Patel,30,Male,Patna,Salaried,1817252.0,LN002978,Personal Loan,186581,13.6,180,2024-06-23,Approved,680.0,No
CUST03196,Aman Joshi,65,Female,Lucknow,Government Employee,1458834.0,LN003196,Auto Loan,899160,13.89,120,2025-01-28,Approved,758.0,No
CUST01322,Rahul Agarwal,57,Male,Hyderabad,Self-employed,738350.0,LN001322,Education Loan,1221662,15.62,120,2025-01-13,Approved,750.0,No
CUST01906,Sneha Roy,35,Male,Varanasi,Student,372028.0,LN001906,Personal Loan,176379,,48,2023-11-24,Rejected,717.0,No
CUST01120,Vivaan Mehta,58,Male,Indore,Salaried,1718282.0,LN001120,Auto Loan,1365587,,24,2024-08-11,Approved,708.0,No
CUST00012,Ananya Agarwal,37,Female,Kolkata,Salaried,405281.0,LN000012,Personal Loan,948613,7.38,12,2024-01-20,Approved,629.0,No
CUST00115,Sneha Gupta,34,Female,Mumbai,Business Owner,1697076.0,LN000115,Personal Loan,809034,12.23,24,2025-07-07,Approved,758.0,No
CUST00844,Riya Agarwal,49,Male,Hyderabad,Salaried,1515364.0,LN000844,Home Loan,5509226,8.19,180,2024-11-12,Rejected,738.0,Yes
CUST01453,Karan Singh,36,Female,Chandigarh,Student,139887.0,LN001453,Home Loan,1382275,7.41,60,2024-02-12,Approved,816.0,No
CUST03330,Isha Yadav,46,Male,Jaipur,Self-employed,2477238.0,LN003330,Personal Loan,478781,18.38,180,2023-11-20,Approved,603.0,
CUST01756,Vikram Shah,39,Female,Chennai,Self-employed,1044348.0,LN001756,Business Loan,3496005,10.4,180,2025-09-15,Approved,607.0,No
CUST01974,Ananya Yadav,38,Female,Mumbai,Student,477017.0,LN001974,Home Loan,4597201,13.91,360,2025-06-14,Approved,743.0,No
CUST01789,Isha Joshi,21,Male,Lucknow,Salaried,2304703.0,LN001789,Auto Loan,1260020,15.77,84,2025-02-19,Approved,625.0,No
CUST02401,Aarav Verma,49,Male,Chandigarh,Salaried,566711.0,LN002401,Personal Loan,738224,7.1,48,2024-05-17,Under Review,641.0,No
CUST02701,Aman Verma,51,Female,Ahmedabad,Salaried,885580.0,LN002701,Gold Loan,95653,8.63,360,2024-11-28,Rejected,838.0,No
CUST00774,Sneha Kumar,37,Male,Bengaluru,Business Owner,2289341.0,LN000774,Gold Loan,665032,17.6,60,2024-08-28,Approved,687.0,No
CUST01980,Simran Agarwal,41,Female,Pune,Salaried,776721.0,LN001980,Personal Loan,557854,11.51,360,2023-05-20,Rejected,671.0,No
CUST00691,Riya Shah,31,Male,Lucknow,Salaried,2300411.0,LN000691,Personal Loan,346437,10.23,24,2023-05-29,Approved,654.0,Yes
CUST01947,Isha Mehta,47,Male,Hyderabad,Salaried,1287994.0,LN001947,Business Loan,2341073,16.55,120,2023-08-19,Approved,729.0,No
CUST00791,Neha Mishra,56,Female,Delhi,Business Owner,1673673.0,LN000791,Business Loan,3765461,16.1,24,2025-11-05,Approved,687.0,No
CUST02580,Vivaan Verma,27,Female,Jaipur,Salaried,731707.0,LN002580,Home Loan,2074547,16.84,48,2024-07-25,Approved,682.0,No
CUST02916,Aman Singh,65,Female,Mumbai,Self-employed,755966.0,LN002916,Home Loan,3909171,17.67,360,2024-02-02,Approved,733.0,No
CUST00170,Vivaan Mishra,48,Female,Bengaluru,Government Employee,619972.0,LN000170,Auto Loan,418854,14.39,180,2024-07-07,Approved,633.0,No
CUST02288,Sneha Patel,62,Female,Bhopal,Salaried,1776383.0,LN002288,Business Loan,646553,15.07,36,2024-04-14,Rejected,748.0,No
CUST03350,Neha Gupta,43,Female,Indore,Government Employee,909285.0,LN003350,Business Loan,2592816,11.1,48,2023-01-28,Approved,662.0,No
CUST01185,Aman Patel,27,Female,Bengaluru,Business Owner,2526552.0,LN001185,Education Loan,152763,17.77,24,2025-06-17,Rejected,783.0,No
CUST02122,Isha Shah,64,Male,Chennai,Self-employed,2054986.0,LN002122,Business Loan,3390105,10.43,60,2025-03-13,Approved,795.0,No
CUST01554,Sneha Agarwal,62,Male,Chandigarh,Student,364985.0,LN001554,Business Loan,3826917,18.08,48,2025-06-21,Approved,756.0,No
CUST03135,Aditya Singh,41,Male,Bengaluru,Business Owner,3187079.0,LN003135,Home Loan,3671199,8.42,84,2024-09-29,Approved,752.0,No
CUST02810,Nikhil Yadav,57,Female,Mumbai,Business Owner,989490.0,LN002810,Home Loan,2211910,14.12,84,2025-02-10,Approved,769.0,No
CUST02789,Karan Roy,55,Female,Hyderabad,Salaried,497643.0,LN002789,Gold Loan,698806,9.22,180,2023-11-08,Approved,724.0,No
CUST00751,Aditya Mehta,21,Female,Delhi,Salaried,1565140.0,LN000751,Personal Loan,514702,15.34,24,2023-09-29,Approved,798.0,No
CUST02790,Sneha Agarwal,31,Female,Hyderabad,Salaried,651121.0,LN002790,Business Loan,3574944,12.96,180,2023-12-06,Approved,719.0,Yes
CUST02879,Kavya Agarwal,31,Female,Kolkata,Salaried,1705001.0,LN002879,Home Loan,1664827,12.49,240,2023-07-06,Rejected,709.0,Yes
CUST01820,Nikhil Roy,23,Male,Pune,Self-employed,1137644.0,LN001820,Auto Loan,856966,15.27,12,2024-04-24,Approved,850.0,Yes
CUST02096,Riya Singh,30,Female,Varanasi,Government Employee,436845.0,LN002096,Personal Loan,502391,12.86,24,2024-10-15,Approved,565.0,No
CUST02811,Pooja Gupta,50,Female,Bhopal,Salaried,1554876.0,LN002811,Business Loan,1583419,17.75,120,2025-02-24,Approved,676.0,No
CUST00592,Isha Roy,63,Female,Kolkata,Government Employee,477946.0,LN000592,Personal Loan,944576,7.16,60,2025-07-10,Approved,603.0,No
CUST00808,Ananya Sharma,65,Male,Bhopal,Student,245721.0,LN000808,Personal Loan,453562,10.58,48,2023-01-08,Approved,692.0,No
CUST01084,Vivaan Verma,32,Female,Ahmedabad,Government Employee,1153524.0,LN001084,Gold Loan,727058,9.6,120,2023-11-20,Pending,575.0,Yes
CUST02554,Pooja Verma,57,Female,Lucknow,Business Owner,1669861.0,LN002554,Personal Loan,621976,10.39,12,2023-05-13,Rejected,762.0,Yes
CUST01045,Rohan Das,62,Male,Patna,Student,448648.0,LN001045,Auto Loan,570020,7.42,240,2024-09-24,Rejected,669.0,No
CUST01449,Meera Kumar,56,Female,Patna,Business Owner,1738664.0,LN001449,Personal Loan,421562,15.48,360,2025-12-24,Approved,829.0,No
CUST00653,Nikhil Sharma,21,Female,Kolkata,Salaried,1458283.0,LN000653,Personal Loan,274839,9.27,360,2025-03-28,Approved,684.0,No
CUST02241,Aman Mishra,54,Male,Chandigarh,Salaried,517060.0,LN002241,Business Loan,1163772,8.3,12,2023-07-13,Approved,691.0,No
CUST01667,Arjun Mehta,52,Female,Kolkata,Government Employee,662691.0,LN001667,Personal Loan,886713,9.67,360,2024-01-10,Pending,717.0,No
CUST01240,Arjun Gupta,47,Female,Jaipur,Self-employed,1791920.0,LN001240,Auto Loan,1500405,17.28,24,2024-04-01,Approved,696.0,No
CUST00245,Aman Jain,24,Female,Patna,Student,428307.0,LN000245,Auto Loan,1273853,13.91,48,2025-11-18,Approved,740.0,No
CUST01388,Riya Verma,50,Female,Hyderabad,Government Employee,481613.0,LN001388,Auto Loan,1202090,12.7,180,2023-01-02,Rejected,639.0,No
CUST02023,Pooja Sharma,49,Female,Ahmedabad,Government Employee,697538.0,LN002023,Business Loan,884249,8.13,48,2024-02-19,Under Review,569.0,No
CUST00060,Isha Sharma,45,Male,Pune,Government Employee,1129735.0,LN000060,Personal Loan,734647,11.33,36,2024-02-26,Approved,727.0,No
CUST01246,Pooja Patel,42,Male,Bhopal,,512678.0,LN001246,Auto Loan,632504,12.25,24,2025-03-14,Approved,756.0,No
CUST00177,Neha Verma,58,Male,Delhi,Salaried,807220.0,LN000177,Home Loan,1243316,17.02,120,2024-01-28,Rejected,728.0,Yes
CUST00450,Vivaan Verma,21,Female,Varanasi,Self-employed,732226.0,LN000450,Auto Loan,410710,15.83,84,2024-08-18,Approved,760.0,No
CUST00056,Pooja Yadav,65,Male,Bhopal,Government Employee,437541.0,LN000056,Gold Loan,114323,11.89,12,2024-06-15,Approved,710.0,No
CUST03327,Arjun Jain,30,Male,Indore,Student,498580.0,LN003327,Home Loan,5866560,18.04,12,2025-10-11,Approved,652.0,Yes
CUST02968,Vivaan Das,22,,Delhi,Government Employee,364660.0,LN002968,Personal Loan,68921,7.07,48,2024-11-11,Approved,643.0,Yes
CUST03458,Kavya Kumar,51,Female,Indore,Salaried,401431.0,LN003458,Home Loan,4585229,16.8,12,2025-01-04,Approved,575.0,No
CUST01973,Pooja Mishra,57,Male,Pune,Self-employed,281337.0,LN001973,Auto Loan,352267,18.15,120,2025-08-29,Rejected,634.0,No
CUST03270,Vivaan Roy,54,Female,Lucknow,Government Employee,398041.0,LN003270,Home Loan,4139208,8.38,48,2024-05-19,Approved,779.0,No
CUST01093,Aman Mehta,30,Female,Jaipur,Student,349669.0,LN001093,Auto Loan,623479,7.21,60,2024-01-22,Approved,616.0,No
CUST01769,Riya Agarwal,22,Male,Pune,Student,486395.0,LN001769,Auto Loan,1042131,12.79,120,2024-07-02,Approved,686.0,No
CUST01738,Aditya Mishra,43,Female,Ahmedabad,Business Owner,1635558.0,LN001738,Home Loan,1444344,10.39,36,2024-04-15,Pending,703.0,No
CUST03241,Meera Patel,56,Female,Bengaluru,Business Owner,3432922.0,LN003241,Business Loan,1807559,8.29,360,2025-10-20,Approved,674.0,No
CUST01210,Riya Gupta,34,Female,Hyderabad,Salaried,1042865.0,LN001210,Home Loan,2373284,,240,2025-10-28,Approved,714.0,No
CUST03108,Aman Roy,57,Female,Delhi,Business Owner,941646.0,LN003108,Home Loan,5099726,14.77,360,2024-12-10,Approved,792.0,No
CUST00642,Vikram Roy,50,Male,Lucknow,Self-employed,1334258.0,LN000642,Business Loan,1290170,7.97,60,2023-09-16,Rejected,799.0,No
